craftId,product,label,inScope,drawing,drawingStatus,flags,approved,unreviewed,rejected,refs,externals
"shirt|collar|lapel|collar-long-point-85","shirt","Long Point 8.5 cm",yes,"/images/collar/collar-long-point-85-1782961987319.png","drawing-unverified","DRAWING_UNCONFIRMED",1,12,0,0,0
"shirt|collar|lapel|collar-fashion-point-58","shirt","Fashion Point 5.8 cm",yes,"/images/techpacks/shirt/lapel/fashion-point-in-58cm.jpg","drawing-unverified","DRAWING_UNCONFIRMED",1,7,0,0,0
"shirt|collar|lapel|collar-regular-22","shirt","Regular Collar 22",yes,"/images/techpacks/shirt/lapel/regular-collar-22.jpg","drawing-unverified","DRAWING_UNCONFIRMED",1,6,0,0,0
"shirt|collar|lapel|collar-point-58-btn","shirt","Point 5.8 cm with Button",yes,"/images/techpacks/shirt/lapel/point-in-58cm-with-button.jpg","drawing-unverified","DRAWING_UNCONFIRMED",1,7,0,0,0
"shirt|collar|lapel|collar-point-70","shirt","Point 7.0 cm",yes,"/images/techpacks/shirt/lapel/point-in-7cm.jpg","drawing-unverified","DRAWING_UNCONFIRMED",1,17,0,0,0
"shirt|collar|lapel|collar-point-70-btn","shirt","Point 7.0 cm with Button",yes,"/images/techpacks/shirt/lapel/point-in-7cm-with-button.jpg","drawing-unverified","DRAWING_UNCONFIRMED",1,5,0,0,0
"shirt|collar|lapel|collar-point-70-hidden-btn","shirt","Point 7.0 cm Hidden Button",yes,"/images/techpacks/shirt/lapel/point-in-7cm-with-hidden-button.jpg","drawing-unverified","DRAWING_UNCONFIRMED",1,7,0,0,0
"shirt|collar|lapel|collar-curve-point-75","shirt","Curve Point 7.5 cm",yes,"/images/techpacks/shirt/lapel/curve-point-collar-in-75cm.jpg","drawing-unverified","DRAWING_UNCONFIRMED|HAS_OWNER_REFS",0,7,1,1,0
"shirt|collar|lapel|collar-point-95-btn","shirt","Point 9.5 cm with Button",yes,"/images/techpacks/shirt/lapel/point-in-95cm-with-button.jpg","drawing-unverified","DRAWING_UNCONFIRMED",1,4,0,1,0
"shirt|collar|lapel|collar-regular-85-tab","shirt","Regular 8.5 cm with Tab",yes,"/images/techpacks/shirt/lapel/regular-collar-in-85cm-with-tab.jpg","drawing-unverified","DRAWING_UNCONFIRMED",0,2,0,0,0
"shirt|collar|lapel|collar-point-58-zigzag","shirt","Point 5.8 cm Zigzag Stitching",yes,"/images/techpacks/shirt/lapel/point-in-58cm-with-zigzag-stitching.jpg","drawing-unverified","DRAWING_UNCONFIRMED",1,5,0,0,0
"shirt|collar|lapel|collar-round-point-70","shirt","Round Point 7.0 cm",yes,"","missing","DRAWING_IS_PHOTO|NO_DRAWING",1,7,0,0,0
"shirt|collar|lapel|collar-round-point-70-holes","shirt","Round Point 7.0 cm (Small Holes)",yes,"/images/techpacks/shirt/lapel/round-point-collar-in-7cm-with-small-holes.jpg","drawing-unverified","DRAWING_UNCONFIRMED",1,5,0,4,0
"shirt|collar|lapel|collar-point-75-holes","shirt","Point 7.5 cm (Small Holes)",yes,"/images/techpacks/shirt/lapel/point-collar-in-75cm-with-small-holes.jpg","drawing-unverified","DRAWING_UNCONFIRMED",1,5,0,4,0
"shirt|collar|lapel|collar-point-75-tri","shirt","Point 7.5 cm Triangular Patch",yes,"/images/techpacks/shirt/lapel/75cm-pointed-collar-with-triangular-patch.jpg","drawing-unverified","DRAWING_UNCONFIRMED",0,2,0,0,0
"shirt|collar|lapel|collar-hidden-btn-75","shirt","Hidden Button 7.5 cm",yes,"/images/techpacks/shirt/lapel/hidden-button-collar-in-75cm.jpg","drawing-unverified","DRAWING_UNCONFIRMED",0,6,1,0,0
"shirt|collar|lapel|collar-wrap-75","shirt","Wrap Collar 7.5 cm",yes,"/images/techpacks/shirt/lapel/wrap-collar-in-75cm.jpg","drawing-unverified","DRAWING_UNCONFIRMED|HAS_OWNER_REFS",0,6,1,4,0
"shirt|collar|lapel|collar-small-sq-50-btn","shirt","Small Square 5.0 cm with Button",yes,"/images/techpacks/shirt/lapel/small-square-in-5cm-with-button.jpg","verified-match","",0,3,0,0,0
"shirt|collar|lapel|collar-small-sq-50","shirt","Small Square 5.0 cm",yes,"/images/techpacks/shirt/lapel/small-square-in-5cm.jpg","drawing-unverified","DRAWING_UNCONFIRMED",1,13,0,1,0
"shirt|collar|lapel|collar-small-sq-50-zigzag","shirt","Small Square 5.0 cm Zigzag",yes,"","missing","DRAWING_IS_PHOTO|NO_DRAWING",0,3,0,0,0
"shirt|collar|lapel|collar-sq-65","shirt","Square 6.5 cm",yes,"/images/techpacks/shirt/lapel/square-in-65cm.jpg","drawing-unverified","DRAWING_UNCONFIRMED",1,9,0,0,0
"shirt|collar|lapel|collar-sq-65-btn","shirt","Square 6.5 cm with Button",yes,"/images/techpacks/shirt/lapel/square-in-65cm-with-button.jpg","drawing-unverified","DRAWING_UNCONFIRMED",1,6,0,0,0
"shirt|collar|lapel|collar-regular-20","shirt","Regular Collar 20",yes,"/images/techpacks/shirt/lapel/regular-collar-20.jpg","drawing-unverified","DRAWING_UNCONFIRMED",1,7,0,1,0
"shirt|collar|lapel|collar-af1-70","shirt","AF-1 7.0 cm",yes,"/images/techpacks/shirt/lapel/af-1-7cm.jpg","drawing-unverified","DRAWING_UNCONFIRMED",0,3,0,0,0
"shirt|collar|lapel|collar-hexagon","shirt","Hexagon Collar",yes,"/images/techpacks/shirt/lapel/hexagon-collar.jpg","verified-match","",1,8,0,0,0
"shirt|collar|lapel|collar-mid-cutaway-70","shirt","Middle Cut-Away 7.0 cm",yes,"/images/techpacks/shirt/lapel/middle-cut-away-in-7cm.jpg","drawing-unverified","DRAWING_UNCONFIRMED",0,9,0,0,0
"shirt|collar|lapel|collar-mid-cutaway-70-btn","shirt","Middle Cut-Away 7.0 cm with Button",yes,"/images/techpacks/shirt/lapel/middle-cut-away-in-7cm-with-button.jpg","drawing-unverified","DRAWING_UNCONFIRMED",0,5,0,0,0
"shirt|collar|lapel|collar-regular-19","shirt","Regular Collar 19",yes,"/images/techpacks/shirt/lapel/regular-collar-19.jpg","verified-match","",0,7,1,0,0
"shirt|collar|lapel|collar-mid-cutaway-85","shirt","Middle Cut-Away 8.5 cm",yes,"/images/blueprints/baoxiniao/shirt/REQCL/8.jpg","drawing-unverified","DRAWING_UNCONFIRMED",1,6,0,0,0
"shirt|collar|lapel|collar-large-round-53","shirt","Large Round 5.3 cm",yes,"/images/techpacks/shirt/lapel/large-round-in-53cm.jpg","drawing-unverified","DRAWING_UNCONFIRMED",0,3,0,0,0
"shirt|collar|lapel|collar-round-53","shirt","Round 5.3 cm",yes,"/images/techpacks/shirt/lapel/round-in-53cm.jpg","drawing-unverified","DRAWING_UNCONFIRMED",0,3,0,0,0
"shirt|collar|lapel|collar-large-cutaway-82","shirt","Large Cut-Away 8.2 cm",yes,"/images/techpacks/shirt/lapel/large-cut-away-in-82cm.jpg","verified-match","",1,7,0,0,0
"shirt|collar|lapel|collar-large-cutaway-80","shirt","Large Cut-Away 8.0 cm",yes,"/images/techpacks/shirt/lapel/large-cut-away-in-8cm.jpg","drawing-unverified","DRAWING_UNCONFIRMED",0,3,0,0,0
"shirt|collar|lapel|collar-cutaway-55-btn","shirt","Cut-Away 5.5 cm with Button",yes,"/images/techpacks/shirt/lapel/cut-away-in-55cm-with-button.jpg","drawing-unverified","DRAWING_UNCONFIRMED",0,3,0,0,0
"shirt|collar|lapel|collar-cutaway-55","shirt","Cut-Away 5.5 cm",yes,"/images/techpacks/shirt/lapel/cut-away-in-55cm.jpg","drawing-unverified","DRAWING_UNCONFIRMED",0,6,0,0,0
"shirt|collar|lapel|collar-dbl-cutaway-55-btn","shirt","Double Cut-Away 5.5 cm with Button",yes,"/images/techpacks/shirt/lapel/double-cut-away-collar-in-55cm-with-button.jpg","verified-match","HAS_OWNER_REFS",0,8,1,6,0
"shirt|collar|lapel|collar-large-cutaway-75","shirt","Large Cut-Away 7.5 cm",yes,"/images/techpacks/shirt/lapel/large-cut-away-in-75cm.jpg","drawing-unverified","DRAWING_UNCONFIRMED",0,3,0,0,0
"shirt|collar|lapel|collar-curved-80","shirt","Curved 8.0 cm",yes,"/images/techpacks/shirt/lapel/curved-in-8cm.jpg","verified-match","",0,4,0,0,0
"shirt|collar|lapel|collar-curved-90","shirt","Curved 9.0 cm",yes,"/images/techpacks/shirt/lapel/curved-in-9cm.jpg","verified-match","",0,4,0,0,0
"shirt|collar|lapel|collar-french-75","shirt","French 7.5 cm",yes,"","missing","NO_DRAWING",0,4,0,0,0
"shirt|collar|lapel|collar-regular-21","shirt","Regular Collar 21",yes,"/images/techpacks/shirt/lapel/regular-collar-21.jpg","verified-match","",1,4,0,0,0
"shirt|collar|lapel|collar-french-80","shirt","French 8.0 cm",yes,"/images/techpacks/shirt/lapel/french-in-8cm.jpg","drawing-unverified","DRAWING_UNCONFIRMED",0,4,0,0,0
"shirt|collar|lapel|collar-stand-50","shirt","Stand Collar 5.0 cm",yes,"/images/blueprints/baoxiniao/shirt/REQCL/94.jpg","drawing-unverified","DRAWING_UNCONFIRMED",0,3,0,0,0
"shirt|collar|lapel|collar-one-collar","shirt","One Collar (Band / Mandarin)",yes,"","missing","NO_DRAWING|EXTERNAL_WEB_PHOTO",0,1,0,0,2
"shirt|collar|lapel|collar-tuxedo","shirt","Tuxedo Collar",yes,"","missing","DRAWING_IS_PHOTO|NO_DRAWING",0,4,0,0,0
"shirt|collar|lapel|collar-rounded-stand","shirt","Rounded Stand Collar",yes,"","missing","DRAWING_IS_PHOTO|NO_DRAWING",0,3,0,0,0
"shirt|collar|lapel|collar-squared-stand","shirt","Squared Stand Collar",yes,"/images/techpacks/shirt/lapel/squared-stand-collar.jpg","drawing-unverified","DRAWING_UNCONFIRMED",0,4,0,0,0
"shirt|collar|lapel|collar-hexagon-stand","shirt","Hexagon Stand Collar",yes,"/images/techpacks/shirt/lapel/hexagon-stand-collar.jpg","drawing-unverified","DRAWING_UNCONFIRMED|HAS_OWNER_REFS",0,10,1,2,0
"shirt|collar|lapel|collar-sq-stand-no-btn","shirt","Square Stand (No Button)",yes,"","missing","DRAWING_IS_PHOTO|NO_DRAWING",0,2,0,0,0
"shirt|collar|lapel|collar-rolled-stand","shirt","Rolled Stand Collar",yes,"/images/techpacks/shirt/lapel/rolled-stand-collar.jpg","drawing-unverified","DRAWING_UNCONFIRMED",0,3,0,0,0
"shirt|collar|lapel|collar-one-piece-75-tab","shirt","One-Piece 7.5 cm with Tab",yes,"/images/techpacks/shirt/lapel/one-piece-collar-in-75cm-with-tab.jpg","drawing-unverified","DRAWING_UNCONFIRMED",0,3,0,0,0
"shirt|collar|lapel|collar-one-piece-80-tab","shirt","One-Piece 8.0 cm with Tab",yes,"/images/blueprints/baoxiniao/shirt/REQCL/105.jpg","drawing-unverified","DRAWING_UNCONFIRMED",0,4,0,0,0
"shirt|collar|lapel|collar-one-piece-85-tab","shirt","One-Piece 8.5 cm with Tab",yes,"/images/blueprints/baoxiniao/shirt/REQCL/99.jpg","drawing-unverified","DRAWING_UNCONFIRMED",0,4,0,0,0
"shirt|collar|lapel|collar-one-piece-90-tab","shirt","One-Piece 9.0 cm with Tab",yes,"/images/blueprints/baoxiniao/shirt/REQCL/104.jpg","drawing-unverified","DRAWING_UNCONFIRMED",0,4,0,0,0
"shirt|collar|lapel|collar-std-75-stand","shirt","Standard with 7.5 cm Collar Stand",yes,"","missing","DRAWING_IS_PHOTO|NO_DRAWING",0,2,0,0,0
"shirt|collar|lapel|collar-point-85-btn","shirt","Point 8.5 cm with Button",yes,"/images/techpacks/shirt/lapel/point-in-85cm-with-button.jpg","drawing-unverified","DRAWING_UNCONFIRMED",0,10,0,0,0
"shirt|collar|lapel|collar-cuban","shirt","Cuban Collar",yes,"/images/blueprints/baoxiniao/shirt/REQCL/A114.jpg","drawing-unverified","DRAWING_UNCONFIRMED|HAS_OWNER_REFS",0,10,1,3,0
"shirt|collar|lapel|collar-dr-point-58","shirt","DR Point 5.8 cm",yes,"/images/blueprints/baoxiniao/shirt/REQCL/A115.jpg","drawing-unverified","DRAWING_UNCONFIRMED",0,9,0,0,0
"shirt|collar|lapel|collar-button-down-78","shirt","Button-Down 7.8 cm Stand",yes,"/images/techpacks/shirt/lapel/button-down-collar-with-78cm-stand.jpg","drawing-unverified","DRAWING_UNCONFIRMED",1,5,0,0,0
"shirt|collar|lapel|collar-frog-mandarin","shirt","Frog-Fastening Mandarin (Rounded)",yes,"","missing","DRAWING_IS_PHOTO|NO_DRAWING",0,4,0,0,0
"shirt|collar|decoration_stitching_on_collar|stitch-none","shirt","None",yes,"/images/decoration_stitching_on_collar/none.jpg","drawing-unverified","DRAWING_UNCONFIRMED",0,2,0,0,0
"shirt|collar|decoration_stitching_on_collar|stitch-01-top","shirt","Machine 0.1 cm Top Stitching",yes,"/images/techpacks/shirt/decoration_stitching_on_collar/machine-01cm-top-stitching.jpg","drawing-unverified","DRAWING_UNCONFIRMED",0,6,0,0,0
"shirt|collar|decoration_stitching_on_collar|stitch-03-top","shirt","Machine 0.3 cm Top Stitching",yes,"/images/techpacks/shirt/decoration_stitching_on_collar/machine-03cm-top-stitching.jpg","drawing-unverified","DRAWING_UNCONFIRMED",0,2,0,0,0
"shirt|collar|decoration_stitching_on_collar|stitch-05-top","shirt","Machine 0.5 cm Top Stitching",yes,"/images/techpacks/shirt/decoration_stitching_on_collar/machine-05cm-top-stitching.jpg","drawing-unverified","DRAWING_UNCONFIRMED",0,2,0,0,0
"shirt|collar|decoration_stitching_on_collar|stitch-06-top","shirt","Machine 0.6 cm Top Stitching",yes,"/images/techpacks/shirt/decoration_stitching_on_collar/machine-06cm-top-stitching.jpg","drawing-unverified","DRAWING_UNCONFIRMED",0,2,0,0,0
"shirt|collar|decoration_stitching_on_collar|stitch-01-amf","shirt","Machine 0.1 cm AMF Stitching",yes,"/images/techpacks/shirt/decoration_stitching_on_collar/machine-01cm-amf-stitching.jpg","drawing-unverified","DRAWING_UNCONFIRMED",0,2,0,0,0
"shirt|collar|decoration_stitching_on_collar|stitch-03-amf","shirt","Machine 0.3 cm AMF Stitching",yes,"/images/techpacks/shirt/decoration_stitching_on_collar/machine-03cm-amf-stitching.jpg","drawing-unverified","DRAWING_UNCONFIRMED",0,2,0,0,0
"shirt|collar|decoration_stitching_on_collar|stitch-05-amf","shirt","Machine 0.5 cm AMF Stitching",yes,"/images/techpacks/shirt/decoration_stitching_on_collar/machine-05cm-amf-stitching.jpg","drawing-unverified","DRAWING_UNCONFIRMED",0,2,0,0,0
"shirt|collar|decoration_stitching_color_on_collar|yz-match","shirt","Matching to Fabric",no,"/images/decoration_stitching_color_on_collar/matching-to-fabric.jpg","drawing-unverified","DRAWING_UNCONFIRMED",0,1,0,0,0
"shirt|collar|decoration_stitching_color_on_collar|yz-021","shirt","YZ021",no,"/images/buttonhole_thread_color_collar_band/yz021.jpg","drawing-unverified","DRAWING_UNCONFIRMED",0,1,0,0,0
"shirt|collar|decoration_stitching_color_on_collar|yz-036","shirt","YZ036",no,"/images/buttonhole_thread_color_collar_band/yz036.jpg","drawing-unverified","DRAWING_UNCONFIRMED",0,1,0,0,0
"shirt|collar|decoration_stitching_color_on_collar|yz-029","shirt","YZ029",no,"/images/buttonhole_thread_color_collar_band/yz029.jpg","drawing-unverified","DRAWING_UNCONFIRMED",0,1,0,0,0
"shirt|collar|decoration_stitching_color_on_collar|yz-024","shirt","YZ024",no,"/images/buttonhole_thread_color_collar_band/yz024.jpg","drawing-unverified","DRAWING_UNCONFIRMED",0,1,0,0,0
"shirt|collar|decoration_stitching_color_on_collar|yz-010","shirt","YZ010",no,"/images/buttonhole_thread_color_collar_band/yz010.jpg","drawing-unverified","DRAWING_UNCONFIRMED",0,1,0,0,0
"shirt|collar|decoration_stitching_color_on_collar|yz-011","shirt","YZ011",no,"/images/buttonhole_thread_color_collar_band/yz011.jpg","drawing-unverified","DRAWING_UNCONFIRMED",0,1,0,0,0
"shirt|collar|decoration_stitching_color_on_collar|yz-027","shirt","YZ027",no,"/images/buttonhole_thread_color_collar_band/yz027.jpg","drawing-unverified","DRAWING_UNCONFIRMED",0,1,0,0,0
"shirt|collar|decoration_stitching_color_on_collar|yz-040","shirt","YZ040",no,"/images/buttonhole_thread_color_collar_band/yz040.jpg","drawing-unverified","DRAWING_UNCONFIRMED",0,1,0,0,0
"shirt|collar|decoration_stitching_color_on_collar|yz-014","shirt","YZ014",no,"/images/buttonhole_thread_color_collar_band/yz014.jpg","drawing-unverified","DRAWING_UNCONFIRMED",0,1,0,0,0
"shirt|collar|decoration_stitching_color_on_collar|yz-012","shirt","YZ012",no,"/images/buttonhole_thread_color_collar_band/yz012.jpg","drawing-unverified","DRAWING_UNCONFIRMED",0,1,0,0,0
"shirt|collar|decoration_stitching_color_on_collar|yz-031","shirt","YZ031",no,"/images/buttonhole_thread_color_collar_band/yz031.jpg","drawing-unverified","DRAWING_UNCONFIRMED",0,1,0,0,0
"shirt|collar|decoration_stitching_color_on_collar|yz-032","shirt","YZ032",no,"/images/buttonhole_thread_color_collar_band/yz032.jpg","drawing-unverified","DRAWING_UNCONFIRMED",0,1,0,0,0
"shirt|collar|decoration_stitching_color_on_collar|yz-035","shirt","YZ035",no,"/images/buttonhole_thread_color_collar_band/yz035.jpg","drawing-unverified","DRAWING_UNCONFIRMED",0,1,0,0,0
"shirt|collar|decoration_stitching_color_on_collar|yz-049","shirt","YZ049",no,"/images/buttonhole_thread_color_collar_band/yz049.jpg","drawing-unverified","DRAWING_UNCONFIRMED",0,1,0,0,0
"shirt|collar|decoration_stitching_color_on_collar|yz-042","shirt","YZ042",no,"/images/buttonhole_thread_color_collar_band/yz042.jpg","drawing-unverified","DRAWING_UNCONFIRMED",0,1,0,0,0
"shirt|collar|decoration_stitching_color_on_collar|yz-018","shirt","YZ018",no,"/images/buttonhole_thread_color_collar_band/yz018.jpg","drawing-unverified","DRAWING_UNCONFIRMED",0,1,0,0,0
"shirt|collar|decoration_stitching_color_on_collar|yz-030","shirt","YZ030",no,"/images/buttonhole_thread_color_collar_band/yz030.jpg","drawing-unverified","DRAWING_UNCONFIRMED",0,1,0,0,0
"shirt|collar|decoration_stitching_color_on_collar|yz-022","shirt","YZ022",no,"/images/buttonhole_thread_color_collar_band/yz022.jpg","drawing-unverified","DRAWING_UNCONFIRMED",0,1,0,0,0
"shirt|collar|decoration_stitching_color_on_collar|yz-028","shirt","YZ028",no,"/images/buttonhole_thread_color_collar_band/yz028.jpg","drawing-unverified","DRAWING_UNCONFIRMED",0,1,0,0,0
"shirt|collar|decoration_stitching_color_on_collar|yz-008","shirt","YZ008",no,"/images/buttonhole_thread_color_collar_band/yz008.jpg","drawing-unverified","DRAWING_UNCONFIRMED",0,1,0,0,0
"shirt|collar|decoration_stitching_color_on_collar|yz-053","shirt","YZ053",no,"/images/buttonhole_thread_color_collar_band/yz053.jpg","drawing-unverified","DRAWING_UNCONFIRMED",0,1,0,0,0
"shirt|collar|decoration_stitching_color_on_collar|yz-015","shirt","YZ015",no,"/images/buttonhole_thread_color_collar_band/yz015.jpg","drawing-unverified","DRAWING_UNCONFIRMED",0,1,0,0,0
"shirt|collar|decoration_stitching_color_on_collar|yz-019","shirt","YZ019",no,"/images/buttonhole_thread_color_collar_band/yz019.jpg","drawing-unverified","DRAWING_UNCONFIRMED",0,1,0,0,0
"shirt|collar|decoration_stitching_color_on_collar|yz-045","shirt","YZ045",no,"/images/buttonhole_thread_color_collar_band/yz045.jpg","drawing-unverified","DRAWING_UNCONFIRMED",0,1,0,0,0
"shirt|collar|decoration_stitching_color_on_collar|yz-017","shirt","YZ017",no,"/images/buttonhole_thread_color_collar_band/yz017.jpg","drawing-unverified","DRAWING_UNCONFIRMED",0,1,0,0,0
"shirt|collar|decoration_stitching_color_on_collar|yz-034","shirt","YZ034",no,"/images/buttonhole_thread_color_collar_band/yz034.jpg","drawing-unverified","DRAWING_UNCONFIRMED",0,1,0,0,0
"shirt|collar|decoration_stitching_color_on_collar|yz-050","shirt","YZ050",no,"/images/buttonhole_thread_color_collar_band/yz050.jpg","drawing-unverified","DRAWING_UNCONFIRMED",0,1,0,0,0
"shirt|collar|decoration_stitching_color_on_collar|yz-025","shirt","YZ025",no,"/images/buttonhole_thread_color_collar_band/yz025.jpg","drawing-unverified","DRAWING_UNCONFIRMED",0,1,0,0,0
"shirt|collar|decoration_stitching_color_on_collar|yz-041","shirt","YZ041",no,"/images/buttonhole_thread_color_collar_band/yz041.jpg","drawing-unverified","DRAWING_UNCONFIRMED",0,1,0,0,0
"shirt|collar|decoration_stitching_color_on_collar|yz-016","shirt","YZ016",no,"/images/buttonhole_thread_color_collar_band/yz016.jpg","drawing-unverified","DRAWING_UNCONFIRMED",0,1,0,0,0
"shirt|collar|decoration_stitching_color_on_collar|yz-026","shirt","YZ026",no,"/images/buttonhole_thread_color_collar_band/yz026.jpg","drawing-unverified","DRAWING_UNCONFIRMED",0,1,0,0,0
"shirt|collar|decoration_stitching_color_on_collar|yz-054","shirt","YZ054",no,"/images/buttonhole_thread_color_collar_band/yz054.jpg","drawing-unverified","DRAWING_UNCONFIRMED",0,1,0,0,0
"shirt|collar|decoration_stitching_color_on_collar|yz-037","shirt","YZ037",no,"/images/buttonhole_thread_color_collar_band/yz037.jpg","drawing-unverified","DRAWING_UNCONFIRMED",0,1,0,0,0
"shirt|collar|collar_splicing|splice-none","shirt","None",yes,"/images/collar_splicing/none.jpg","drawing-unverified","DRAWING_UNCONFIRMED",0,4,0,0,0
"shirt|collar|collar_splicing|splice-lower-top-collar","shirt","Lower Part of Top Collar",yes,"/images/collar_splicing/lower-part-of-top-collar.jpg","drawing-unverified","DRAWING_UNCONFIRMED",0,2,0,0,0
"shirt|collar|collar_splicing|splice-upper-top-collar","shirt","Upper Part of Top Collar",yes,"/images/collar_splicing/upper-part-of-top-collar.jpg","drawing-unverified","DRAWING_UNCONFIRMED",0,2,0,0,0
"shirt|collar|collar_splicing|splice-strip-mid-collar","shirt","Strip in Middle Top Collar",yes,"/images/collar_splicing/strip-in-middle-top-collar.jpg","drawing-unverified","DRAWING_UNCONFIRMED",0,4,0,0,0
"shirt|collar|collar_splicing|splice-point-opening","shirt","Collar Point Opening Edge",yes,"/images/collar_splicing/collar-point-opening-edge.jpg","drawing-unverified","DRAWING_UNCONFIRMED",0,2,0,0,0
"shirt|collar|collar_splicing|splice-4cm-from-point","shirt","4 cm to Collar Point Opening Edge",yes,"/images/collar_splicing/4cm-to-collar-point-opening-edge.jpg","drawing-unverified","DRAWING_UNCONFIRMED",0,6,0,0,0
"shirt|collar|collar_splicing|splice-15cm-from-point","shirt","1.5 cm to Collar Point Opening Edge",yes,"/images/collar_splicing/15cm-to-collar-point-opening-edge.jpg","drawing-unverified","DRAWING_UNCONFIRMED",0,4,0,0,0
"shirt|collar|collar_splicing|splice-single-left-placket","shirt","Single Left Placket Edge",yes,"/images/collar_splicing/single-left-placket-edge.jpg","verified-match","",0,4,0,0,0
"shirt|collar|collar_splicing|splice-double-left-placket","shirt","Double Left Placket Edges",yes,"/images/collar_splicing/double-left-placket-edges.jpg","drawing-unverified","DRAWING_UNCONFIRMED",0,2,0,0,0
"shirt|collar|collar_splicing|splice-top-collar-edge","shirt","Top Collar Edge",yes,"/images/collar_splicing/top-collar-edge.jpg","drawing-unverified","DRAWING_UNCONFIRMED",0,4,0,0,0
"shirt|collar|collar_splicing|splice-triangle-point","shirt","Triangle Collar Point",yes,"/images/collar_splicing/triangle-collar-point.jpg","verified-match","",0,2,0,0,0
"shirt|collar|collar_splicing|splice-upper-cuff","shirt","Upper Sleeve Cuff",yes,"/images/collar_splicing/upper-sleeve-cuff.jpg","drawing-unverified","DRAWING_UNCONFIRMED",0,5,0,0,0
"shirt|collar|collar_splicing|splice-lower-cuff","shirt","Lower Sleeve Cuff",yes,"/images/collar_splicing/lower-sleeve-cuff.jpg","drawing-unverified","DRAWING_UNCONFIRMED",0,7,0,0,0
"shirt|collar|collar_splicing|splice-cuff-edge","shirt","Cuff Edge",yes,"/images/collar_splicing/cuff-edge.jpg","drawing-unverified","DRAWING_UNCONFIRMED",0,5,0,0,0
"shirt|collar|collar_splicing|splice-strip-mid-cuff","shirt","Strip in Middle Cuff",yes,"/images/collar_splicing/strip-in-middle-cuff.jpg","drawing-unverified","DRAWING_UNCONFIRMED",0,5,0,0,0
"shirt|collar|cut_out_fabric|cf-EMC70847","shirt","EMC70847",yes,"/images/cut_out_fabric/emc70847.jpg","drawing-unverified","DRAWING_UNCONFIRMED",0,1,0,0,0
"shirt|collar|cut_out_fabric|cf-EMC80132","shirt","EMC80132",yes,"/images/cut_out_fabric/emc80132.jpg","drawing-unverified","DRAWING_UNCONFIRMED",0,1,0,0,0
"shirt|collar|cut_out_fabric|cf-RMC39040","shirt","RMC39040",yes,"/images/cut_out_fabric/rmc39040.jpg","drawing-unverified","DRAWING_UNCONFIRMED",0,1,0,0,0
"shirt|collar|cut_out_fabric|cf-RMC39091","shirt","RMC39091",yes,"/images/cut_out_fabric/rmc39091.jpg","drawing-unverified","DRAWING_UNCONFIRMED",0,1,0,0,0
"shirt|collar|cut_out_fabric|cf-RMC4E094","shirt","RMC4E094",yes,"/images/cut_out_fabric/rmc4e094.jpg","drawing-unverified","DRAWING_UNCONFIRMED",0,1,0,0,0
"shirt|collar|cut_out_fabric|cf-RMC4E095","shirt","RMC4E095",yes,"/images/cut_out_fabric/rmc4e095.jpg","drawing-unverified","DRAWING_UNCONFIRMED",0,1,0,0,0
"shirt|collar|cut_out_fabric|cf-RMC4E189","shirt","RMC4E189",yes,"/images/cut_out_fabric/rmc4e189.jpg","drawing-unverified","DRAWING_UNCONFIRMED",0,1,0,0,0
"shirt|collar|cut_out_fabric|cf-RMC4E190","shirt","RMC4E190",yes,"/images/cut_out_fabric/rmc4e190.jpg","drawing-unverified","DRAWING_UNCONFIRMED",0,1,0,0,0
"shirt|collar|cut_out_fabric|cf-RMC90001","shirt","RMC90001",yes,"/images/cut_out_fabric/rmc90001.jpg","drawing-unverified","DRAWING_UNCONFIRMED",0,1,0,0,0
"shirt|collar|cut_out_fabric|cf-RMC90053","shirt","RMC90053",yes,"/images/cut_out_fabric/rmc90053.jpg","drawing-unverified","DRAWING_UNCONFIRMED",0,1,0,0,0
"shirt|collar|cut_out_fabric|cf-RMC22G233","shirt","RMC22G233",yes,"/images/cut_out_fabric/rmc22g233.jpg","drawing-unverified","DRAWING_UNCONFIRMED",0,1,0,0,0
"shirt|collar|collar_stay|stay-none","shirt","None",yes,"/images/collar_stay/none.jpg","drawing-unverified","DRAWING_UNCONFIRMED",0,3,0,0,0
"shirt|collar|collar_stay|stay-removable","shirt","Removable",yes,"/images/blueprints/baoxiniao/shirt/RELCL/B.jpg","drawing-unverified","DRAWING_UNCONFIRMED|EXTERNAL_WEB_PHOTO",0,6,1,0,4
"shirt|collar|collar_stay|stay-fixed","shirt","Fixed (Permanent)",yes,"/images/collar_stay/fixed.jpg","drawing-unverified","DRAWING_UNCONFIRMED",0,3,0,0,0
"shirt|collar|collar_stay|stay-hidden-btn","shirt","Hidden Button (No Stay)",yes,"/images/collar_stay/hidden-button-no-collar-stay.jpg","drawing-unverified","DRAWING_UNCONFIRMED|EXTERNAL_WEB_PHOTO",0,1,0,0,2
"shirt|collar|collar_linings|col-lining-normal","shirt","Normal",yes,"/images/collar_linings/collar-linings-normal.jpg","drawing-unverified","DRAWING_UNCONFIRMED",0,1,0,0,0
"shirt|collar|collar_linings|col-lining-soft","shirt","Soft",yes,"/images/collar_linings/collar-linings-soft.jpg","drawing-unverified","DRAWING_UNCONFIRMED",0,1,0,0,0
"shirt|collar|collar_linings|col-lining-hard","shirt","Hard",yes,"/images/techpacks/shirt/collar_linings/collar-linings-hard-fc390057.jpg","drawing-unverified","DRAWING_UNCONFIRMED",0,3,0,0,0
"shirt|collar|collar_linings|col-lining-hard-fc390057","shirt","Hard FC390057",yes,"/images/collar_linings/collar-linings-hard-fc390057.jpg","drawing-unverified","DRAWING_UNCONFIRMED",1,2,0,0,0
"shirt|collar|collar_stand_height|csh-none","shirt","None (Collarless)",yes,"/images/collar_stand_height/none.jpg","drawing-unverified","DRAWING_UNCONFIRMED",0,1,0,0,0
"shirt|collar|collar_stand_height|csh-30","shirt","3.0 cm (1 Button)",yes,"/images/collar_stand_height/collar-stand-height-3cm-1-button.jpg","drawing-unverified","DRAWING_UNCONFIRMED",0,1,0,0,0
"shirt|collar|collar_stand_height|csh-32","shirt","Band Width 3.2 cm",yes,"/images/collar_stand_height/collar-band-width-32cm.jpg","drawing-unverified","DRAWING_UNCONFIRMED",0,5,1,0,0
"shirt|collar|collar_stand_height|csh-34","shirt","3.4 cm (1 Button)",yes,"/images/collar_stand_height/collar-stand-height-34cm-1-button.jpg","drawing-unverified","DRAWING_UNCONFIRMED",0,1,0,0,0
"shirt|collar|collar_stand_height|csh-35","shirt","3.5 cm Standard",yes,"","missing","NO_DRAWING|NO_USABLE_PHOTO",0,0,0,0,0
"shirt|collar|collar_stand_height|csh-37-1","shirt","3.7 cm (1 Button)",yes,"/images/collar_stand_height/collar-stand-height-37cm-1-button.jpg","drawing-unverified","DRAWING_UNCONFIRMED",0,1,0,0,0
"shirt|collar|collar_stand_height|csh-37-2","shirt","3.7 cm (2 Button)",yes,"/images/collar_stand_height/collar-stand-height-37cm-2-button.jpg","drawing-unverified","DRAWING_UNCONFIRMED",0,1,0,0,0
"shirt|collar|collar_stand_height|csh-38","shirt","3.8 cm (1 Button)",yes,"/images/collar_stand_height/collar-stand-height-38cm-1-button.jpg","drawing-unverified","DRAWING_UNCONFIRMED",0,1,0,0,0
"shirt|collar|collar_stand_height|csh-40","shirt","4.0 cm (2 Button)",yes,"/images/collar_stand_height/collar-stand-height-4cm-2-button.jpg","drawing-unverified","DRAWING_UNCONFIRMED",0,3,0,0,0
"shirt|collar|collar_stand_height|csh-42","shirt","4.2 cm (2 Button)",yes,"/images/collar_stand_height/collar-stand-height-42cm-2-button.jpg","drawing-unverified","DRAWING_UNCONFIRMED",0,3,0,0,0
"shirt|collar|collar_stand_height|csh-50","shirt","5.0 cm",yes,"/images/collar_stand_height/collar-stand-height-5cm.jpg","drawing-unverified","DRAWING_UNCONFIRMED",0,3,0,0,0
"shirt|collar|collar_stand|cs-round","shirt","Round Collar Stand",yes,"/images/collar_stand/round-collar-stand.jpg","verified-match","",1,14,0,0,0
"shirt|collar|collar_stand|cs-round-2btn","shirt","Round Stand (2 Buttons)",yes,"/images/collar_stand/round-collar-stand-with-2-buttons.jpg","drawing-unverified","DRAWING_UNCONFIRMED|HAS_OWNER_REFS",0,9,1,6,0
"shirt|collar|collar_stand|cs-square","shirt","Square Collar Stand",yes,"/images/blueprints/baoxiniao/shirt/KSHLA/C.jpg","drawing-unverified","DRAWING_UNCONFIRMED",0,8,0,0,0
"shirt|collar|collar_stand|cs-square-2btn","shirt","Square Stand (2 Buttons)",yes,"/images/collar_stand/square-collar-stand-with-2-buttons.jpg","verified-match","",1,4,0,0,0
"shirt|collar|collar_stand|cs-left-sq-rt-rnd","shirt","Left Square / Right Round",yes,"/images/collar_stand/left-square-and-right-round.jpg","verified-match","HAS_OWNER_REFS",0,6,1,1,0
"shirt|collar|button_on_collar_stand|csb-none","shirt","None",yes,"/images/button_on_collar_stand/none.jpg","drawing-unverified","DRAWING_UNCONFIRMED",0,1,0,0,0
"shirt|collar|button_on_collar_stand|csb-FK321201","shirt","FK321201",yes,"/images/button_on_collar_stand/fk321201.jpg","drawing-unverified","DRAWING_UNCONFIRMED",0,1,0,0,0
"shirt|collar|button_on_collar_stand|csb-FK321202","shirt","FK321202",yes,"/images/button_on_collar_stand/fk321202.jpg","drawing-unverified","DRAWING_UNCONFIRMED",0,1,0,0,0
"shirt|collar|button_on_collar_stand|csb-FK321203","shirt","FK321203",yes,"/images/button_on_collar_stand/fk321203.jpg","drawing-unverified","DRAWING_UNCONFIRMED",0,1,0,0,0
"shirt|collar|button_on_collar_stand|csb-FK3316C1","shirt","FK3316C1",yes,"/images/button_on_collar_stand/fk3316c1.jpg","drawing-unverified","DRAWING_UNCONFIRMED",0,1,0,0,0
"shirt|collar|button_on_collar_stand|csb-FK3316C3","shirt","FK3316C3",yes,"/images/button_on_collar_stand/fk3316c3.jpg","drawing-unverified","DRAWING_UNCONFIRMED",0,1,0,0,0
"shirt|collar|button_on_collar_stand|csb-FK3316C6","shirt","FK3316C6",yes,"/images/button_on_collar_stand/fk3316c6.jpg","drawing-unverified","DRAWING_UNCONFIRMED",0,1,0,0,0
"shirt|collar|button_on_collar_stand|csb-FK3316C7","shirt","FK3316C7",yes,"/images/button_on_collar_stand/fk3316c7.jpg","drawing-unverified","DRAWING_UNCONFIRMED",0,1,0,0,0
"shirt|collar|button_on_collar_stand|csb-FK451616","shirt","FK451616",yes,"/images/button_on_collar_stand/fk451616.jpg","drawing-unverified","DRAWING_UNCONFIRMED",0,1,0,0,0
"shirt|collar|button_on_collar_stand|csb-FK451816","shirt","FK451816",yes,"/images/button_on_collar_stand/fk451816.jpg","drawing-unverified","DRAWING_UNCONFIRMED",0,1,0,0,0
"shirt|collar|button_on_collar_stand|csb-FKE01611","shirt","FKE01611",yes,"/images/button_on_collar_stand/fke01611.jpg","drawing-unverified","DRAWING_UNCONFIRMED",0,1,0,0,0
"shirt|collar|button_on_collar_stand|csb-FKE01613","shirt","FKE01613",yes,"/images/button_on_collar_stand/fke01613.jpg","drawing-unverified","DRAWING_UNCONFIRMED",0,1,0,0,0
"shirt|collar|button_on_collar_stand|csb-FKE01615","shirt","FKE01615",yes,"/images/button_on_collar_stand/fke01615.jpg","drawing-unverified","DRAWING_UNCONFIRMED",0,1,0,0,0
"shirt|collar|button_on_collar_stand|csb-FKE01619","shirt","FKE01619",yes,"/images/button_on_collar_stand/fke01619.jpg","drawing-unverified","DRAWING_UNCONFIRMED",0,1,0,0,0
"shirt|collar|button_on_collar_stand|csb-FKE01624","shirt","FKE01624",yes,"/images/button_on_collar_stand/fke01624.jpg","drawing-unverified","DRAWING_UNCONFIRMED",0,1,0,0,0
"shirt|collar|button_on_collar_stand|csb-FKE01625","shirt","FKE01625",yes,"/images/button_on_collar_stand/fke01625.jpg","drawing-unverified","DRAWING_UNCONFIRMED",0,1,0,0,0
"shirt|collar|button_on_collar_stand|csb-FKE01627","shirt","FKE01627",yes,"/images/button_on_collar_stand/fke01627.jpg","drawing-unverified","DRAWING_UNCONFIRMED",0,1,0,0,0
"shirt|collar|button_on_collar_stand|csb-FKE01629","shirt","FKE01629",yes,"/images/button_on_collar_stand/fke01629.jpg","drawing-unverified","DRAWING_UNCONFIRMED",0,1,0,0,0
"shirt|collar|button_on_collar_stand|csb-FKE01631","shirt","FKE01631",yes,"/images/button_on_collar_stand/fke01631.jpg","drawing-unverified","DRAWING_UNCONFIRMED",0,1,0,0,0
"shirt|collar|button_on_collar_stand|csb-FKE01632","shirt","FKE01632",yes,"/images/button_on_collar_stand/fke01632.jpg","drawing-unverified","DRAWING_UNCONFIRMED",0,1,0,0,0
"shirt|collar|button_on_collar_stand|csb-FKE01633","shirt","FKE01633",yes,"/images/button_on_collar_stand/fke01633.jpg","drawing-unverified","DRAWING_UNCONFIRMED",0,1,0,0,0
"shirt|collar|button_on_collar_stand|csb-FKE01635","shirt","FKE01635",yes,"/images/button_on_collar_stand/fke01635.jpg","drawing-unverified","DRAWING_UNCONFIRMED",0,1,0,0,0
"shirt|collar|button_on_collar_stand|csb-FKE01637","shirt","FKE01637",yes,"/images/button_on_collar_stand/fke01637.jpg","drawing-unverified","DRAWING_UNCONFIRMED",0,1,0,0,0
"shirt|collar|button_on_collar_stand|csb-FKE01638","shirt","FKE01638",yes,"/images/button_on_collar_stand/fke01638.jpg","drawing-unverified","DRAWING_UNCONFIRMED",0,1,0,0,0
"shirt|collar|button_on_collar_stand|csb-FKE01639","shirt","FKE01639",yes,"/images/button_on_collar_stand/fke01639.jpg","drawing-unverified","DRAWING_UNCONFIRMED",0,1,0,0,0
"shirt|collar|button_on_collar_stand|csb-FKE01640","shirt","FKE01640",yes,"/images/button_on_collar_stand/fke01640.jpg","drawing-unverified","DRAWING_UNCONFIRMED",0,1,0,0,0
"shirt|collar|button_on_collar_stand|csb-FKE01641","shirt","FKE01641",yes,"/images/button_on_collar_stand/fke01641.jpg","drawing-unverified","DRAWING_UNCONFIRMED",0,1,0,0,0
"shirt|collar|button_on_collar_stand|csb-FKE01642","shirt","FKE01642",yes,"/images/button_on_collar_stand/fke01642.jpg","drawing-unverified","DRAWING_UNCONFIRMED",0,1,0,0,0
"shirt|collar|button_on_collar_stand|csb-FKE01646","shirt","FKE01646",yes,"/images/button_on_collar_stand/fke01646.jpg","drawing-unverified","DRAWING_UNCONFIRMED",0,1,0,0,0
"shirt|collar|button_on_collar_stand|csb-FKE01647","shirt","FKE01647",yes,"/images/button_on_collar_stand/fke01647.jpg","drawing-unverified","DRAWING_UNCONFIRMED",0,1,0,0,0
"shirt|collar|button_on_collar_stand|csb-FKE01654","shirt","FKE01654",yes,"/images/button_on_collar_stand/fke01654.jpg","drawing-unverified","DRAWING_UNCONFIRMED",0,1,0,0,0
"shirt|collar|button_on_collar_stand|csb-FKE01656","shirt","FKE01656",yes,"/images/button_on_collar_stand/fke01656.jpg","drawing-unverified","DRAWING_UNCONFIRMED",0,1,0,0,0
"shirt|collar|button_on_collar_stand|csb-FKE01658","shirt","FKE01658",yes,"/images/button_on_collar_stand/fke01658.jpg","drawing-unverified","DRAWING_UNCONFIRMED",0,1,0,0,0
"shirt|collar|button_on_collar_stand|csb-FKE01659","shirt","FKE01659",yes,"/images/button_on_collar_stand/fke01659.jpg","drawing-unverified","DRAWING_UNCONFIRMED",0,1,0,0,0
"shirt|collar|button_on_collar_stand|csb-FKE01660","shirt","FKE01660",yes,"/images/button_on_collar_stand/fke01660.jpg","drawing-unverified","DRAWING_UNCONFIRMED",0,1,0,0,0
"shirt|collar|button_on_collar_stand|csb-FKE01661","shirt","FKE01661",yes,"/images/button_on_collar_stand/fke01661.jpg","drawing-unverified","DRAWING_UNCONFIRMED",0,1,0,0,0
"shirt|collar|button_on_collar_stand|csb-FKE01662","shirt","FKE01662",yes,"/images/button_on_collar_stand/fke01662.jpg","drawing-unverified","DRAWING_UNCONFIRMED",0,1,0,0,0
"shirt|collar|button_on_collar_stand|csb-FKE01663","shirt","FKE01663",yes,"/images/button_on_collar_stand/fke01663.jpg","drawing-unverified","DRAWING_UNCONFIRMED",0,1,0,0,0
"shirt|collar|button_on_collar_stand|csb-FKE01665","shirt","FKE01665",yes,"/images/button_on_collar_stand/fke01665.jpg","drawing-unverified","DRAWING_UNCONFIRMED",0,1,0,0,0
"shirt|collar|button_on_collar_stand|csb-FKE01668","shirt","FKE01668",yes,"/images/button_on_collar_stand/fke01668.jpg","drawing-unverified","DRAWING_UNCONFIRMED",0,1,0,0,0
"shirt|collar|button_on_collar_stand|csb-FKE01670","shirt","FKE01670",yes,"/images/button_on_collar_stand/fke01670.jpg","drawing-unverified","DRAWING_UNCONFIRMED",0,1,0,0,0
"shirt|collar|button_on_collar_stand|csb-FKE01671","shirt","FKE01671",yes,"/images/button_on_collar_stand/fke01671.jpg","drawing-unverified","DRAWING_UNCONFIRMED",0,1,0,0,0
"shirt|collar|button_on_collar_stand|csb-FKE01672","shirt","FKE01672",yes,"/images/button_on_collar_stand/fke01672.jpg","drawing-unverified","DRAWING_UNCONFIRMED",0,1,0,0,0
"shirt|collar|button_on_collar_stand|csb-FKE01677","shirt","FKE01677",yes,"/images/button_on_collar_stand/fke01677.jpg","drawing-unverified","DRAWING_UNCONFIRMED",0,1,0,0,0
"shirt|collar|button_on_collar_stand|csb-BK267-FKE01678","shirt","BK267/FKE01678",yes,"/images/button_on_collar_stand/bk267fke01678.jpg","drawing-unverified","DRAWING_UNCONFIRMED",0,1,0,0,0
"shirt|collar|button_on_collar_stand|csb-FKE016Z7","shirt","FKE016Z7",yes,"/images/button_on_collar_stand/fke016z7.jpg","drawing-unverified","DRAWING_UNCONFIRMED",0,1,0,0,0
"shirt|collar|button_on_collar_stand|csb-FKE016Z8","shirt","FKE016Z8",yes,"/images/button_on_collar_stand/fke016z8.jpg","drawing-unverified","DRAWING_UNCONFIRMED",0,1,0,0,0
"shirt|collar|button_on_collar_stand|csb-BK267-FKE01878","shirt","BK267/FKE01878",yes,"/images/button_on_collar_stand/bk267fke01878.jpg","drawing-unverified","DRAWING_UNCONFIRMED",0,1,0,0,0
"shirt|collar|button_on_collar_stand|csb-FKE05021","shirt","FKE05021",yes,"/images/button_on_collar_stand/fke05021.jpg","drawing-unverified","DRAWING_UNCONFIRMED",0,1,0,0,0
"shirt|collar|button_on_collar_stand|csb-FKE05022","shirt","FKE05022",yes,"/images/button_on_collar_stand/fke05022.jpg","drawing-unverified","DRAWING_UNCONFIRMED",0,1,0,0,0
"shirt|collar|button_on_collar_stand|csb-SZ281-FKE05023","shirt","SZ281/FKE05023",yes,"/images/button_on_collar_stand/sz281fke05023.jpg","drawing-unverified","DRAWING_UNCONFIRMED",0,1,0,0,0
"shirt|collar|button_on_collar_stand|csb-FKE10521","shirt","FKE10521",yes,"/images/button_on_collar_stand/fke10521.jpg","drawing-unverified","DRAWING_UNCONFIRMED",0,1,0,0,0
"shirt|collar|button_on_collar_stand|csb-GS285-FKE11611","shirt","GS285/FKE11611",yes,"/images/button_on_collar_stand/gs285fke11611.jpg","drawing-unverified","DRAWING_UNCONFIRMED",0,1,0,0,0
"shirt|collar|button_on_collar_stand|csb-JS286-FKE11617","shirt","JS286/FKE11617",yes,"/images/button_on_collar_stand/js286fke11617.jpg","drawing-unverified","DRAWING_UNCONFIRMED",0,1,0,0,0
"shirt|collar|button_on_collar_stand|csb-SZ261-FKE11618","shirt","SZ261/FKE11618",yes,"/images/button_on_collar_stand/sz261fke11618.jpg","drawing-unverified","DRAWING_UNCONFIRMED",0,1,0,0,0
"shirt|collar|button_on_collar_stand|csb-JS287-FKE11619","shirt","JS287/FKE11619",yes,"/images/button_on_collar_stand/js287fke11619.jpg","drawing-unverified","DRAWING_UNCONFIRMED",0,1,0,0,0
"shirt|collar|button_on_collar_stand|csb-JS288-FKE11620","shirt","JS288/FKE11620",yes,"/images/button_on_collar_stand/js288fke11620.jpg","drawing-unverified","DRAWING_UNCONFIRMED",0,1,0,0,0
"shirt|collar|button_on_collar_stand|csb-SZ264-FKE11621","shirt","SZ264/FKE11621",yes,"/images/button_on_collar_stand/sz264fke11621.jpg","drawing-unverified","DRAWING_UNCONFIRMED",0,1,0,0,0
"shirt|collar|button_on_collar_stand|csb-BK273-FKE11801","shirt","BK273/FKE11801",yes,"/images/button_on_collar_stand/bk273fke11801.jpg","drawing-unverified","DRAWING_UNCONFIRMED",0,1,0,0,0
"shirt|collar|button_on_collar_stand|csb-BK276-FKE11802","shirt","BK276/FKE11802",yes,"/images/button_on_collar_stand/bk276fke11802.jpg","drawing-unverified","DRAWING_UNCONFIRMED",0,1,0,0,0
"shirt|collar|button_on_collar_stand|csb-BK275-FKE11803","shirt","BK275/FKE11803",yes,"/images/button_on_collar_stand/bk275fke11803.jpg","drawing-unverified","DRAWING_UNCONFIRMED",0,1,0,0,0
"shirt|collar|button_on_collar_stand|csb-BK272-FKE11804","shirt","BK272/FKE11804",yes,"/images/button_on_collar_stand/bk272fke11804.jpg","drawing-unverified","DRAWING_UNCONFIRMED",0,1,0,0,0
"shirt|collar|button_on_collar_stand|csb-BK271-FKE11805","shirt","BK271/FKE11805",yes,"/images/button_on_collar_stand/bk271fke11805.jpg","drawing-unverified","DRAWING_UNCONFIRMED",0,1,0,0,0
"shirt|collar|button_on_collar_stand|csb-BK268-FKE11806","shirt","BK268/FKE11806",yes,"/images/button_on_collar_stand/bk268fke11806.jpg","drawing-unverified","DRAWING_UNCONFIRMED",0,1,0,0,0
"shirt|collar|button_on_collar_stand|csb-BK269-FKE11807","shirt","BK269/FKE11807",yes,"/images/button_on_collar_stand/bk269fke11807.jpg","drawing-unverified","DRAWING_UNCONFIRMED",0,1,0,0,0
"shirt|collar|button_on_collar_stand|csb-BK270-FKE11808","shirt","BK270/FKE11808",yes,"/images/button_on_collar_stand/bk270fke11808.jpg","drawing-unverified","DRAWING_UNCONFIRMED",0,1,0,0,0
"shirt|collar|button_on_collar_stand|csb-BK274-FKE11809","shirt","BK274/FKE11809",yes,"/images/button_on_collar_stand/bk274fke11809.jpg","drawing-unverified","DRAWING_UNCONFIRMED",0,1,0,0,0
"shirt|collar|button_on_collar_stand|csb-SZ280-FKE11810","shirt","SZ280/FKE11810",yes,"/images/button_on_collar_stand/sz280fke11810.jpg","drawing-unverified","DRAWING_UNCONFIRMED",0,1,0,0,0
"shirt|collar|button_on_collar_stand|csb-GS285-FKE11811","shirt","GS285/FKE11811",yes,"/images/button_on_collar_stand/gs285fke11811.jpg","drawing-unverified","DRAWING_UNCONFIRMED",0,1,0,0,0
"shirt|collar|button_on_collar_stand|csb-NJ284-FKE11812","shirt","NJ284/FKE11812",yes,"/images/button_on_collar_stand/nj284fke11812.jpg","drawing-unverified","DRAWING_UNCONFIRMED",0,1,0,0,0
"shirt|collar|button_on_collar_stand|csb-SZ277-FKE11813","shirt","SZ277/FKE11813",yes,"/images/button_on_collar_stand/sz277fke11813.jpg","drawing-unverified","DRAWING_UNCONFIRMED",0,1,0,0,0
"shirt|collar|button_on_collar_stand|csb-SZ278-FKE11814","shirt","SZ278/FKE11814",yes,"/images/button_on_collar_stand/sz278fke11814.jpg","drawing-unverified","DRAWING_UNCONFIRMED",0,1,0,0,0
"shirt|collar|button_on_collar_stand|csb-SZ279-FKE11815","shirt","SZ279/FKE11815",yes,"/images/button_on_collar_stand/sz279fke11815.jpg","drawing-unverified","DRAWING_UNCONFIRMED",0,1,0,0,0
"shirt|collar|button_on_collar_stand|csb-SZ265-FKE11823","shirt","SZ265/FKE11823",yes,"/images/button_on_collar_stand/sz265fke11823.jpg","drawing-unverified","DRAWING_UNCONFIRMED",0,1,0,0,0
"shirt|collar|button_on_collar_stand|csb-SZ266-FKE11824","shirt","SZ266/FKE11824",yes,"/images/button_on_collar_stand/sz266fke11824.jpg","drawing-unverified","DRAWING_UNCONFIRMED",0,1,0,0,0
"shirt|collar|button_on_collar_stand|csb-GS285-FKE12011","shirt","GS285/FKE12011",yes,"/images/button_on_collar_stand/gs285fke12011.jpg","drawing-unverified","DRAWING_UNCONFIRMED",0,1,0,0,0
"shirt|collar|button_on_collar_stand|csb-FKE71601","shirt","FKE71601",yes,"/images/button_on_collar_stand/fke71601.jpg","drawing-unverified","DRAWING_UNCONFIRMED",0,1,0,0,0
"shirt|collar|button_on_collar_stand|csb-FKE71604","shirt","FKE71604",yes,"/images/button_on_collar_stand/fke71604.jpg","drawing-unverified","DRAWING_UNCONFIRMED",0,1,0,0,0
"shirt|collar|button_on_collar_stand|csb-FKE71605","shirt","FKE71605",yes,"/images/button_on_collar_stand/fke71605.jpg","drawing-unverified","DRAWING_UNCONFIRMED",0,1,0,0,0
"shirt|collar|button_on_collar_stand|csb-FKE71606","shirt","FKE71606",yes,"/images/button_on_collar_stand/fke71606.jpg","drawing-unverified","DRAWING_UNCONFIRMED",0,1,0,0,0
"shirt|collar|button_on_collar_stand|csb-FKE71607","shirt","FKE71607",yes,"/images/button_on_collar_stand/fke71607.jpg","drawing-unverified","DRAWING_UNCONFIRMED",0,1,0,0,0
"shirt|collar|button_on_collar_stand|csb-FKE71611","shirt","FKE71611",yes,"/images/button_on_collar_stand/fke71611.jpg","drawing-unverified","DRAWING_UNCONFIRMED",0,1,0,0,0
"shirt|collar|button_on_collar_stand|csb-FKE71612","shirt","FKE71612",yes,"/images/button_on_collar_stand/fke71612.jpg","drawing-unverified","DRAWING_UNCONFIRMED",0,1,0,0,0
"shirt|collar|button_on_collar_stand|csb-FKE71613","shirt","FKE71613",yes,"/images/button_on_collar_stand/fke71613.jpg","drawing-unverified","DRAWING_UNCONFIRMED",0,1,0,0,0
"shirt|collar|button_on_collar_stand|csb-FKE71614","shirt","FKE71614",yes,"/images/button_on_collar_stand/fke71614.jpg","drawing-unverified","DRAWING_UNCONFIRMED",0,1,0,0,0
"shirt|collar|button_on_collar_stand|csb-FKE71616","shirt","FKE71616",yes,"/images/button_on_collar_stand/fke71616.jpg","drawing-unverified","DRAWING_UNCONFIRMED",0,1,0,0,0
"shirt|collar|button_on_collar_stand|csb-FKE71617","shirt","FKE71617",yes,"/images/button_on_collar_stand/fke71617.jpg","drawing-unverified","DRAWING_UNCONFIRMED",0,1,0,0,0
"shirt|collar|button_on_collar_stand|csb-FKE71618","shirt","FKE71618",yes,"/images/button_on_collar_stand/fke71618.jpg","drawing-unverified","DRAWING_UNCONFIRMED",0,1,0,0,0
"shirt|collar|button_on_collar_stand|csb-FKE71619","shirt","FKE71619",yes,"/images/button_on_collar_stand/fke71619.jpg","drawing-unverified","DRAWING_UNCONFIRMED",0,1,0,0,0
"shirt|collar|button_on_collar_stand|csb-FKE71624","shirt","FKE71624",yes,"/images/button_on_collar_stand/fke71624.jpg","drawing-unverified","DRAWING_UNCONFIRMED",0,1,0,0,0
"shirt|collar|button_on_collar_stand|csb-FKE71625","shirt","FKE71625",yes,"/images/button_on_collar_stand/fke71625.jpg","drawing-unverified","DRAWING_UNCONFIRMED",0,1,0,0,0
"shirt|collar|button_on_collar_stand|csb-FKE71626","shirt","FKE71626",yes,"/images/button_on_collar_stand/fke71626.jpg","drawing-unverified","DRAWING_UNCONFIRMED",0,1,0,0,0
"shirt|collar|button_on_collar_stand|csb-FKE71627","shirt","FKE71627",yes,"/images/button_on_collar_stand/fke71627.jpg","drawing-unverified","DRAWING_UNCONFIRMED",0,1,0,0,0
"shirt|collar|button_on_collar_stand|csb-FKE71628","shirt","FKE71628",yes,"/images/button_on_collar_stand/fke71628.jpg","drawing-unverified","DRAWING_UNCONFIRMED",0,1,0,0,0
"shirt|collar|button_on_collar_stand|csb-FKE71629","shirt","FKE71629",yes,"/images/button_on_collar_stand/fke71629.jpg","drawing-unverified","DRAWING_UNCONFIRMED",0,1,0,0,0
"shirt|collar|button_on_collar_stand|csb-FKE71630","shirt","FKE71630",yes,"/images/button_on_collar_stand/fke71630.jpg","drawing-unverified","DRAWING_UNCONFIRMED",0,1,0,0,0
"shirt|collar|button_on_collar_stand|csb-FKE71631","shirt","FKE71631",yes,"/images/button_on_collar_stand/fke71631.jpg","drawing-unverified","DRAWING_UNCONFIRMED",0,1,0,0,0
"shirt|collar|button_on_collar_stand|csb-FKE71641","shirt","FKE71641",yes,"/images/button_on_collar_stand/fke71641.jpg","drawing-unverified","DRAWING_UNCONFIRMED",0,1,0,0,0
"shirt|collar|button_on_collar_stand|csb-FKE71642","shirt","FKE71642",yes,"/images/button_on_collar_stand/fke71642.jpg","drawing-unverified","DRAWING_UNCONFIRMED",0,1,0,0,0
"shirt|collar|button_on_collar_stand|csb-FKE71643","shirt","FKE71643",yes,"/images/button_on_collar_stand/fke71643.jpg","drawing-unverified","DRAWING_UNCONFIRMED",0,1,0,0,0
"shirt|collar|button_on_collar_stand|csb-FKE71644","shirt","FKE71644",yes,"/images/button_on_collar_stand/fke71644.jpg","drawing-unverified","DRAWING_UNCONFIRMED",0,1,0,0,0
"shirt|collar|button_on_collar_stand|csb-FKE71645","shirt","FKE71645",yes,"/images/button_on_collar_stand/fke71645.jpg","drawing-unverified","DRAWING_UNCONFIRMED",0,1,0,0,0
"shirt|collar|button_on_collar_stand|csb-FKE71646","shirt","FKE71646",yes,"/images/button_on_collar_stand/fke71646.jpg","drawing-unverified","DRAWING_UNCONFIRMED",0,1,0,0,0
"shirt|collar|button_on_collar_stand|csb-FKE71647","shirt","FKE71647",yes,"/images/button_on_collar_stand/fke71647.jpg","drawing-unverified","DRAWING_UNCONFIRMED",0,1,0,0,0
"shirt|collar|button_on_collar_stand|csb-FKE71648","shirt","FKE71648",yes,"/images/button_on_collar_stand/fke71648.jpg","drawing-unverified","DRAWING_UNCONFIRMED",0,1,0,0,0
"shirt|collar|button_on_collar_stand|csb-FKE71650","shirt","FKE71650",yes,"/images/button_on_collar_stand/fke71650.jpg","drawing-unverified","DRAWING_UNCONFIRMED",0,1,0,0,0
"shirt|collar|button_on_collar_stand|csb-FKE71651","shirt","FKE71651",yes,"/images/button_on_collar_stand/fke71651.jpg","drawing-unverified","DRAWING_UNCONFIRMED",0,1,0,0,0
"shirt|collar|button_on_collar_stand|csb-FKE71652","shirt","FKE71652",yes,"/images/button_on_collar_stand/fke71652.jpg","drawing-unverified","DRAWING_UNCONFIRMED",0,1,0,0,0
"shirt|collar|button_on_collar_stand|csb-FKE71653","shirt","FKE71653",yes,"/images/button_on_collar_stand/fke71653.jpg","drawing-unverified","DRAWING_UNCONFIRMED",0,1,0,0,0
"shirt|collar|button_on_collar_stand|csb-FKE71654","shirt","FKE71654",yes,"/images/button_on_collar_stand/fke71654.jpg","drawing-unverified","DRAWING_UNCONFIRMED",0,1,0,0,0
"shirt|collar|button_on_collar_stand|csb-FKE71655","shirt","FKE71655",yes,"/images/button_on_collar_stand/fke71655.jpg","drawing-unverified","DRAWING_UNCONFIRMED",0,1,0,0,0
"shirt|collar|button_on_collar_stand|csb-FKE71656","shirt","FKE71656",yes,"/images/button_on_collar_stand/fke71656.jpg","drawing-unverified","DRAWING_UNCONFIRMED",0,1,0,0,0
"shirt|collar|button_on_collar_stand|csb-FKE71657","shirt","FKE71657",yes,"/images/button_on_collar_stand/fke71657.jpg","drawing-unverified","DRAWING_UNCONFIRMED",0,1,0,0,0
"shirt|collar|button_on_collar_stand|csb-FKE71658","shirt","FKE71658",yes,"/images/button_on_collar_stand/fke71658.jpg","drawing-unverified","DRAWING_UNCONFIRMED",0,1,0,0,0
"shirt|collar|button_on_collar_stand|csb-FKE71659","shirt","FKE71659",yes,"/images/button_on_collar_stand/fke71659.jpg","drawing-unverified","DRAWING_UNCONFIRMED",0,1,0,0,0
"shirt|collar|button_on_collar_stand|csb-FKE71660","shirt","FKE71660",yes,"/images/button_on_collar_stand/fke71660.jpg","drawing-unverified","DRAWING_UNCONFIRMED",0,1,0,0,0
"shirt|collar|button_on_collar_stand|csb-FKE71661","shirt","FKE71661",yes,"/images/button_on_collar_stand/fke71661.jpg","drawing-unverified","DRAWING_UNCONFIRMED",0,1,0,0,0
"shirt|collar|button_on_collar_stand|csb-FKE71663","shirt","FKE71663",yes,"/images/button_on_collar_stand/fke71663.jpg","drawing-unverified","DRAWING_UNCONFIRMED",0,1,0,0,0
"shirt|collar|button_on_collar_stand|csb-BK121-FKE71670","shirt","BK121/FKE71670",yes,"/images/button_on_collar_stand/bk121fke71670.jpg","drawing-unverified","DRAWING_UNCONFIRMED",0,1,0,0,0
"shirt|collar|button_on_collar_stand|csb-BK129-FKE71671","shirt","BK129/FKE71671",yes,"/images/button_on_collar_stand/bk129fke71671.jpg","drawing-unverified","DRAWING_UNCONFIRMED",0,1,0,0,0
"shirt|collar|button_on_collar_stand|csb-BK124-FKE71672","shirt","BK124/FKE71672",yes,"/images/button_on_collar_stand/bk124fke71672.jpg","drawing-unverified","DRAWING_UNCONFIRMED",0,1,0,0,0
"shirt|collar|button_on_collar_stand|csb-BK123-FKE71673","shirt","BK123/FKE71673",yes,"/images/button_on_collar_stand/bk123fke71673.jpg","drawing-unverified","DRAWING_UNCONFIRMED",0,1,0,0,0
"shirt|collar|button_on_collar_stand|csb-BK120-FKE71674","shirt","BK120/FKE71674",yes,"/images/button_on_collar_stand/bk120fke71674.jpg","drawing-unverified","DRAWING_UNCONFIRMED",0,1,0,0,0
"shirt|collar|button_on_collar_stand|csb-BK122-FKE71675","shirt","BK122/FKE71675",yes,"/images/button_on_collar_stand/bk122fke71675.jpg","drawing-unverified","DRAWING_UNCONFIRMED",0,1,0,0,0
"shirt|collar|button_on_collar_stand|csb-BK119-FKE71676","shirt","BK119/FKE71676",yes,"/images/button_on_collar_stand/bk119fke71676.jpg","drawing-unverified","DRAWING_UNCONFIRMED",0,1,0,0,0
"shirt|collar|button_on_collar_stand|csb-BK131-FKE71677","shirt","BK131/FKE71677",yes,"/images/button_on_collar_stand/bk131fke71677.jpg","drawing-unverified","DRAWING_UNCONFIRMED",0,1,0,0,0
"shirt|collar|button_on_collar_stand|csb-BK132-FKE71678","shirt","BK132/FKE71678",yes,"/images/button_on_collar_stand/bk132fke71678.jpg","drawing-unverified","DRAWING_UNCONFIRMED",0,1,0,0,0
"shirt|collar|button_on_collar_stand|csb-BK125-FKE71679","shirt","BK125/FKE71679",yes,"/images/button_on_collar_stand/bk125fke71679.jpg","drawing-unverified","DRAWING_UNCONFIRMED",0,1,0,0,0
"shirt|collar|button_on_collar_stand|csb-BK126-FKE71680","shirt","BK126/FKE71680",yes,"/images/button_on_collar_stand/bk126fke71680.jpg","drawing-unverified","DRAWING_UNCONFIRMED",0,1,0,0,0
"shirt|collar|button_on_collar_stand|csb-SZ154-FKE71681","shirt","SZ154/FKE71681",yes,"/images/button_on_collar_stand/sz154fke71681.jpg","drawing-unverified","DRAWING_UNCONFIRMED",0,1,0,0,0
"shirt|collar|button_on_collar_stand|csb-SZ152-FKE71682","shirt","SZ152/FKE71682",yes,"/images/button_on_collar_stand/sz152fke71682.jpg","drawing-unverified","DRAWING_UNCONFIRMED",0,1,0,0,0
"shirt|collar|button_on_collar_stand|csb-SZ153-FKE71683","shirt","SZ153/FKE71683",yes,"/images/button_on_collar_stand/sz153fke71683.jpg","drawing-unverified","DRAWING_UNCONFIRMED",0,1,0,0,0
"shirt|collar|button_on_collar_stand|csb-SZ157-FKE71684","shirt","SZ157/FKE71684",yes,"/images/button_on_collar_stand/sz157fke71684.jpg","drawing-unverified","DRAWING_UNCONFIRMED",0,1,0,0,0
"shirt|collar|button_on_collar_stand|csb-SZ159-FKE71685","shirt","SZ159/FKE71685",yes,"/images/button_on_collar_stand/sz159fke71685.jpg","drawing-unverified","DRAWING_UNCONFIRMED",0,1,0,0,0
"shirt|collar|button_on_collar_stand|csb-SZ160-FKE71686","shirt","SZ160/FKE71686",yes,"/images/button_on_collar_stand/sz160fke71686.jpg","drawing-unverified","DRAWING_UNCONFIRMED",0,1,0,0,0
"shirt|collar|button_on_collar_stand|csb-SZ158-FKE71695","shirt","SZ158/FKE71695",yes,"/images/button_on_collar_stand/sz158fke71695.jpg","drawing-unverified","DRAWING_UNCONFIRMED",0,1,0,0,0
"shirt|collar|button_on_collar_stand|csb-BK121-FKE71870","shirt","BK121/FKE71870",yes,"/images/button_on_collar_stand/bk121fke71870.jpg","drawing-unverified","DRAWING_UNCONFIRMED",0,1,0,0,0
"shirt|collar|button_on_collar_stand|csb-BK123-FKE71873","shirt","BK123/FKE71873",yes,"/images/button_on_collar_stand/bk123fke71873.jpg","drawing-unverified","DRAWING_UNCONFIRMED",0,1,0,0,0
"shirt|collar|button_on_collar_stand|csb-BK120-FKE71874","shirt","BK120/FKE71874",yes,"/images/button_on_collar_stand/bk120fke71874.jpg","drawing-unverified","DRAWING_UNCONFIRMED",0,1,0,0,0
"shirt|collar|button_on_collar_stand|csb-BK122-FKE71875","shirt","BK122/FKE71875",yes,"/images/button_on_collar_stand/bk122fke71875.jpg","drawing-unverified","DRAWING_UNCONFIRMED",0,1,0,0,0
"shirt|collar|buttonhole_thread_color_collar_band|yz-match","shirt","Matching to Fabric",no,"/images/decoration_stitching_color_on_collar/matching-to-fabric.jpg","drawing-unverified","DRAWING_UNCONFIRMED",0,1,0,0,0
"shirt|collar|buttonhole_thread_color_collar_band|yz-021","shirt","YZ021",no,"/images/buttonhole_thread_color_collar_band/yz021.jpg","drawing-unverified","DRAWING_UNCONFIRMED",0,1,0,0,0
"shirt|collar|buttonhole_thread_color_collar_band|yz-036","shirt","YZ036",no,"/images/buttonhole_thread_color_collar_band/yz036.jpg","drawing-unverified","DRAWING_UNCONFIRMED",0,1,0,0,0
"shirt|collar|buttonhole_thread_color_collar_band|yz-029","shirt","YZ029",no,"/images/buttonhole_thread_color_collar_band/yz029.jpg","drawing-unverified","DRAWING_UNCONFIRMED",0,1,0,0,0
"shirt|collar|buttonhole_thread_color_collar_band|yz-024","shirt","YZ024",no,"/images/buttonhole_thread_color_collar_band/yz024.jpg","drawing-unverified","DRAWING_UNCONFIRMED",0,1,0,0,0
"shirt|collar|buttonhole_thread_color_collar_band|yz-010","shirt","YZ010",no,"/images/buttonhole_thread_color_collar_band/yz010.jpg","drawing-unverified","DRAWING_UNCONFIRMED",0,1,0,0,0
"shirt|collar|buttonhole_thread_color_collar_band|yz-011","shirt","YZ011",no,"/images/buttonhole_thread_color_collar_band/yz011.jpg","drawing-unverified","DRAWING_UNCONFIRMED",0,1,0,0,0
"shirt|collar|buttonhole_thread_color_collar_band|yz-027","shirt","YZ027",no,"/images/buttonhole_thread_color_collar_band/yz027.jpg","drawing-unverified","DRAWING_UNCONFIRMED",0,1,0,0,0
"shirt|collar|buttonhole_thread_color_collar_band|yz-040","shirt","YZ040",no,"/images/buttonhole_thread_color_collar_band/yz040.jpg","drawing-unverified","DRAWING_UNCONFIRMED",0,1,0,0,0
"shirt|collar|buttonhole_thread_color_collar_band|yz-014","shirt","YZ014",no,"/images/buttonhole_thread_color_collar_band/yz014.jpg","drawing-unverified","DRAWING_UNCONFIRMED",0,1,0,0,0
"shirt|collar|buttonhole_thread_color_collar_band|yz-012","shirt","YZ012",no,"/images/buttonhole_thread_color_collar_band/yz012.jpg","drawing-unverified","DRAWING_UNCONFIRMED",0,1,0,0,0
"shirt|collar|buttonhole_thread_color_collar_band|yz-031","shirt","YZ031",no,"/images/buttonhole_thread_color_collar_band/yz031.jpg","drawing-unverified","DRAWING_UNCONFIRMED",0,1,0,0,0
"shirt|collar|buttonhole_thread_color_collar_band|yz-032","shirt","YZ032",no,"/images/buttonhole_thread_color_collar_band/yz032.jpg","drawing-unverified","DRAWING_UNCONFIRMED",0,1,0,0,0
"shirt|collar|buttonhole_thread_color_collar_band|yz-035","shirt","YZ035",no,"/images/buttonhole_thread_color_collar_band/yz035.jpg","drawing-unverified","DRAWING_UNCONFIRMED",0,1,0,0,0
"shirt|collar|buttonhole_thread_color_collar_band|yz-049","shirt","YZ049",no,"/images/buttonhole_thread_color_collar_band/yz049.jpg","drawing-unverified","DRAWING_UNCONFIRMED",0,1,0,0,0
"shirt|collar|buttonhole_thread_color_collar_band|yz-042","shirt","YZ042",no,"/images/buttonhole_thread_color_collar_band/yz042.jpg","drawing-unverified","DRAWING_UNCONFIRMED",0,1,0,0,0
"shirt|collar|buttonhole_thread_color_collar_band|yz-018","shirt","YZ018",no,"/images/buttonhole_thread_color_collar_band/yz018.jpg","drawing-unverified","DRAWING_UNCONFIRMED",0,1,0,0,0
"shirt|collar|buttonhole_thread_color_collar_band|yz-030","shirt","YZ030",no,"/images/buttonhole_thread_color_collar_band/yz030.jpg","drawing-unverified","DRAWING_UNCONFIRMED",0,1,0,0,0
"shirt|collar|buttonhole_thread_color_collar_band|yz-022","shirt","YZ022",no,"/images/buttonhole_thread_color_collar_band/yz022.jpg","drawing-unverified","DRAWING_UNCONFIRMED",0,1,0,0,0
"shirt|collar|buttonhole_thread_color_collar_band|yz-028","shirt","YZ028",no,"/images/buttonhole_thread_color_collar_band/yz028.jpg","drawing-unverified","DRAWING_UNCONFIRMED",0,1,0,0,0
"shirt|collar|buttonhole_thread_color_collar_band|yz-008","shirt","YZ008",no,"/images/buttonhole_thread_color_collar_band/yz008.jpg","drawing-unverified","DRAWING_UNCONFIRMED",0,1,0,0,0
"shirt|collar|buttonhole_thread_color_collar_band|yz-053","shirt","YZ053",no,"/images/buttonhole_thread_color_collar_band/yz053.jpg","drawing-unverified","DRAWING_UNCONFIRMED",0,1,0,0,0
"shirt|collar|buttonhole_thread_color_collar_band|yz-015","shirt","YZ015",no,"/images/buttonhole_thread_color_collar_band/yz015.jpg","drawing-unverified","DRAWING_UNCONFIRMED",0,1,0,0,0
"shirt|collar|buttonhole_thread_color_collar_band|yz-019","shirt","YZ019",no,"/images/buttonhole_thread_color_collar_band/yz019.jpg","drawing-unverified","DRAWING_UNCONFIRMED",0,1,0,0,0
"shirt|collar|buttonhole_thread_color_collar_band|yz-045","shirt","YZ045",no,"/images/buttonhole_thread_color_collar_band/yz045.jpg","drawing-unverified","DRAWING_UNCONFIRMED",0,1,0,0,0
"shirt|collar|buttonhole_thread_color_collar_band|yz-017","shirt","YZ017",no,"/images/buttonhole_thread_color_collar_band/yz017.jpg","drawing-unverified","DRAWING_UNCONFIRMED",0,1,0,0,0
"shirt|collar|buttonhole_thread_color_collar_band|yz-034","shirt","YZ034",no,"/images/buttonhole_thread_color_collar_band/yz034.jpg","drawing-unverified","DRAWING_UNCONFIRMED",0,1,0,0,0
"shirt|collar|buttonhole_thread_color_collar_band|yz-050","shirt","YZ050",no,"/images/buttonhole_thread_color_collar_band/yz050.jpg","drawing-unverified","DRAWING_UNCONFIRMED",0,1,0,0,0
"shirt|collar|buttonhole_thread_color_collar_band|yz-025","shirt","YZ025",no,"/images/buttonhole_thread_color_collar_band/yz025.jpg","drawing-unverified","DRAWING_UNCONFIRMED",0,1,0,0,0
"shirt|collar|buttonhole_thread_color_collar_band|yz-041","shirt","YZ041",no,"/images/buttonhole_thread_color_collar_band/yz041.jpg","drawing-unverified","DRAWING_UNCONFIRMED",0,1,0,0,0
"shirt|collar|buttonhole_thread_color_collar_band|yz-016","shirt","YZ016",no,"/images/buttonhole_thread_color_collar_band/yz016.jpg","drawing-unverified","DRAWING_UNCONFIRMED",0,1,0,0,0
"shirt|collar|buttonhole_thread_color_collar_band|yz-026","shirt","YZ026",no,"/images/buttonhole_thread_color_collar_band/yz026.jpg","drawing-unverified","DRAWING_UNCONFIRMED",0,1,0,0,0
"shirt|collar|buttonhole_thread_color_collar_band|yz-054","shirt","YZ054",no,"/images/buttonhole_thread_color_collar_band/yz054.jpg","drawing-unverified","DRAWING_UNCONFIRMED",0,1,0,0,0
"shirt|collar|buttonhole_thread_color_collar_band|yz-037","shirt","YZ037",no,"/images/buttonhole_thread_color_collar_band/yz037.jpg","drawing-unverified","DRAWING_UNCONFIRMED",0,1,0,0,0
"shirt|canvas-front|canvas|canvas-normal","shirt","Normal Craftsmanship",yes,"/images/canvas/normal-craftsmanship.jpg","drawing-unverified","DRAWING_UNCONFIRMED",1,4,0,0,0
"shirt|canvas-front|canvas|canvas-senior","shirt","Senior Craftsmanship",yes,"/images/canvas/senior-craftsmanship.jpg","drawing-unverified","DRAWING_UNCONFIRMED",0,1,0,0,0
"shirt|canvas-front|canvas|canvas-top","shirt","Top Craftsmanship",yes,"/images/canvas/top-craftsmanship.jpg","drawing-unverified","DRAWING_UNCONFIRMED",0,1,0,0,0
"shirt|canvas-front|canvas|canvas-none-press","shirt","None Pressing Craftsmanship",yes,"/images/techpacks/shirt/canvas/top-craftsmanship.jpg","drawing-unverified","DRAWING_UNCONFIRMED",0,1,0,0,0
"shirt|canvas-front|front|front-normal","shirt","Normal (Standard)",yes,"/images/front/normal.jpg","verified-match","",1,3,0,0,0
"shirt|canvas-front|front|front-narrow-pleats","shirt","Dress Shirt Narrow Pleats",yes,"/images/front/dress-shirt-with-narrow-pleats.jpg","drawing-unverified","DRAWING_UNCONFIRMED",1,2,0,0,0
"shirt|canvas-front|front|front-wide-pleats","shirt","Dress Shirt Wide Pleats",yes,"/images/front/dress-shirt-with-wide-pleats.jpg","drawing-unverified","DRAWING_UNCONFIRMED",0,1,0,0,0
"shirt|canvas-front|sleeve_head|sleeve-head-regular","shirt","Regular",yes,"/images/sleeve_head/regular.jpg","drawing-unverified","DRAWING_UNCONFIRMED",1,2,0,0,0
"shirt|placket|placket|placket-plain","shirt","Plain Placket",yes,"/images/placket/plain-placket.jpg","drawing-unverified","DRAWING_UNCONFIRMED|EXTERNAL_WEB_PHOTO",0,4,0,0,8
"shirt|placket|placket|placket-one-piece-cuban","shirt","One Piece with Cuban Collar (Tab)",yes,"/images/placket/one-piece-with-cuban-collar-and-tab.jpg","drawing-unverified","DRAWING_UNCONFIRMED",1,2,0,0,0
"shirt|placket|placket|placket-outer","shirt","Outer Placket",yes,"/images/placket/outer-placket.jpg","drawing-unverified","DRAWING_UNCONFIRMED|EXTERNAL_WEB_PHOTO",0,3,0,0,2
"shirt|placket|placket|placket-hidden","shirt","Hidden Placket",no,"/images/placket/hidden-placket.jpg","drawing-unverified","DRAWING_UNCONFIRMED|EXTERNAL_WEB_PHOTO",1,4,0,0,4
"shirt|placket|placket|placket-stud-hidden-2btn","shirt","Stud Hidden Placket (2 Buttons)",yes,"/images/placket/stud-hidden-placket-with-2-buttons.jpg","verified-match","",0,4,1,0,0
"shirt|placket|placket|placket-hidden-turnup","shirt","Hidden Turn-Up Placket with Knots",yes,"/images/placket/hidden-turn-up-placket-with-knots.jpg","verified-match","",1,2,0,0,0
"shirt|placket|placket|placket-half-hidden","shirt","Half Hidden Placket",yes,"/images/blueprints/baoxiniao/shirt/REQBM/I.jpg","drawing-unverified","DRAWING_UNCONFIRMED",0,4,1,0,0
"shirt|placket|placket_width|pw-30","shirt","3.0 cm",yes,"/images/placket_width/placket-width-3cm.jpg","drawing-unverified","DRAWING_UNCONFIRMED",0,1,0,0,0
"shirt|placket|placket_width|pw-35","shirt","3.5 cm",yes,"/images/placket_width/placket-width-35cm.jpg","drawing-unverified","DRAWING_UNCONFIRMED",0,3,0,0,0
"shirt|placket|placket_width|pw-40","shirt","4.0 cm",yes,"/images/placket_width/placket-width-4cm.jpg","drawing-unverified","DRAWING_UNCONFIRMED",0,3,0,0,0
"shirt|placket|placket_width|pw-45","shirt","4.5 cm",yes,"/images/placket_width/placket-width-45cm.jpg","drawing-unverified","DRAWING_UNCONFIRMED",0,1,0,0,0
"shirt|placket|placket_button_position|btn-6","shirt","6 Buttons",yes,"/images/placket_button_position/6-buttons-not-including-collar-button.jpg","verified-match","",1,4,0,0,0
"shirt|placket|placket_button_position|btn-7","shirt","7 Buttons",yes,"/images/placket_button_position/7-buttons-not-including-collar-button.jpg","verified-match","",0,2,0,0,0
"shirt|placket|placket_button_position|btn-8","shirt","8 Buttons",yes,"/images/placket_button_position/8-buttons-not-including-collar-button.jpg","verified-match","",0,2,0,0,0
"shirt|placket|placket_button_position|btn-9","shirt","9 Buttons",yes,"/images/placket_button_position/9-buttons-not-including-collar-button.jpg","verified-match","",0,2,0,0,0
"shirt|placket|placket_button_position|btn-5-dbl","shirt","5 Groups Double Buttons",yes,"/images/placket_button_position/5-groups-double-buttons-not-including-collar-button.jpg","drawing-unverified","DRAWING_UNCONFIRMED",0,2,0,0,0
"shirt|placket|decoration_stitching_on_placket|stitch-none","shirt","None",yes,"/images/decoration_stitching_on_collar/none.jpg","drawing-unverified","DRAWING_UNCONFIRMED",0,3,0,0,0
"shirt|placket|decoration_stitching_on_placket|stitch-01-top","shirt","Machine 0.1 cm Top Stitching",yes,"/images/blueprints/baoxiniao/shirt/GTEMS/E.jpg","drawing-unverified","DRAWING_UNCONFIRMED",1,6,0,0,0
"shirt|placket|decoration_stitching_on_placket|stitch-03-top","shirt","Machine 0.3 cm Top Stitching",yes,"/images/decoration_stitching_on_cuff/machine-03cm-top-stitching.jpg","drawing-unverified","DRAWING_UNCONFIRMED",0,3,0,0,0
"shirt|placket|decoration_stitching_on_placket|stitch-05-top","shirt","Machine 0.5 cm Top Stitching",yes,"/images/decoration_stitching_on_cuff/machine-05cm-top-stitching.jpg","drawing-unverified","DRAWING_UNCONFIRMED",0,3,0,0,0
"shirt|placket|decoration_stitching_on_placket|stitch-01-inner-plain","shirt","0.1 cm Topstitch (Inner Plain Placket)",yes,"/images/decoration_stitching_on_placket/machine-01cm-top-stitching-on-inner-plain-placket.jpg","drawing-unverified","DRAWING_UNCONFIRMED",0,6,1,0,0
"shirt|placket|decoration_stitching_color_placket|yz-match","shirt","Matching to Fabric",no,"/images/decoration_stitching_color_on_collar/matching-to-fabric.jpg","drawing-unverified","DRAWING_UNCONFIRMED",0,1,0,0,0
"shirt|placket|decoration_stitching_color_placket|yz-021","shirt","YZ021",no,"/images/buttonhole_thread_color_collar_band/yz021.jpg","drawing-unverified","DRAWING_UNCONFIRMED",0,1,0,0,0
"shirt|placket|decoration_stitching_color_placket|yz-036","shirt","YZ036",no,"/images/buttonhole_thread_color_collar_band/yz036.jpg","drawing-unverified","DRAWING_UNCONFIRMED",0,1,0,0,0
"shirt|placket|decoration_stitching_color_placket|yz-029","shirt","YZ029",no,"/images/buttonhole_thread_color_collar_band/yz029.jpg","drawing-unverified","DRAWING_UNCONFIRMED",0,1,0,0,0
"shirt|placket|decoration_stitching_color_placket|yz-024","shirt","YZ024",no,"/images/buttonhole_thread_color_collar_band/yz024.jpg","drawing-unverified","DRAWING_UNCONFIRMED",0,1,0,0,0
"shirt|placket|decoration_stitching_color_placket|yz-010","shirt","YZ010",no,"/images/buttonhole_thread_color_collar_band/yz010.jpg","drawing-unverified","DRAWING_UNCONFIRMED",0,1,0,0,0
"shirt|placket|decoration_stitching_color_placket|yz-011","shirt","YZ011",no,"/images/buttonhole_thread_color_collar_band/yz011.jpg","drawing-unverified","DRAWING_UNCONFIRMED",0,1,0,0,0
"shirt|placket|decoration_stitching_color_placket|yz-027","shirt","YZ027",no,"/images/buttonhole_thread_color_collar_band/yz027.jpg","drawing-unverified","DRAWING_UNCONFIRMED",0,1,0,0,0
"shirt|placket|decoration_stitching_color_placket|yz-040","shirt","YZ040",no,"/images/buttonhole_thread_color_collar_band/yz040.jpg","drawing-unverified","DRAWING_UNCONFIRMED",0,1,0,0,0
"shirt|placket|decoration_stitching_color_placket|yz-014","shirt","YZ014",no,"/images/buttonhole_thread_color_collar_band/yz014.jpg","drawing-unverified","DRAWING_UNCONFIRMED",0,1,0,0,0
"shirt|placket|decoration_stitching_color_placket|yz-012","shirt","YZ012",no,"/images/buttonhole_thread_color_collar_band/yz012.jpg","drawing-unverified","DRAWING_UNCONFIRMED",0,1,0,0,0
"shirt|placket|decoration_stitching_color_placket|yz-031","shirt","YZ031",no,"/images/buttonhole_thread_color_collar_band/yz031.jpg","drawing-unverified","DRAWING_UNCONFIRMED",0,1,0,0,0
"shirt|placket|decoration_stitching_color_placket|yz-032","shirt","YZ032",no,"/images/buttonhole_thread_color_collar_band/yz032.jpg","drawing-unverified","DRAWING_UNCONFIRMED",0,1,0,0,0
"shirt|placket|decoration_stitching_color_placket|yz-035","shirt","YZ035",no,"/images/buttonhole_thread_color_collar_band/yz035.jpg","drawing-unverified","DRAWING_UNCONFIRMED",0,1,0,0,0
"shirt|placket|decoration_stitching_color_placket|yz-049","shirt","YZ049",no,"/images/buttonhole_thread_color_collar_band/yz049.jpg","drawing-unverified","DRAWING_UNCONFIRMED",0,1,0,0,0
"shirt|placket|decoration_stitching_color_placket|yz-042","shirt","YZ042",no,"/images/buttonhole_thread_color_collar_band/yz042.jpg","drawing-unverified","DRAWING_UNCONFIRMED",0,1,0,0,0
"shirt|placket|decoration_stitching_color_placket|yz-018","shirt","YZ018",no,"/images/buttonhole_thread_color_collar_band/yz018.jpg","drawing-unverified","DRAWING_UNCONFIRMED",0,1,0,0,0
"shirt|placket|decoration_stitching_color_placket|yz-030","shirt","YZ030",no,"/images/buttonhole_thread_color_collar_band/yz030.jpg","drawing-unverified","DRAWING_UNCONFIRMED",0,1,0,0,0
"shirt|placket|decoration_stitching_color_placket|yz-022","shirt","YZ022",no,"/images/buttonhole_thread_color_collar_band/yz022.jpg","drawing-unverified","DRAWING_UNCONFIRMED",0,1,0,0,0
"shirt|placket|decoration_stitching_color_placket|yz-028","shirt","YZ028",no,"/images/buttonhole_thread_color_collar_band/yz028.jpg","drawing-unverified","DRAWING_UNCONFIRMED",0,1,0,0,0
"shirt|placket|decoration_stitching_color_placket|yz-008","shirt","YZ008",no,"/images/buttonhole_thread_color_collar_band/yz008.jpg","drawing-unverified","DRAWING_UNCONFIRMED",0,1,0,0,0
"shirt|placket|decoration_stitching_color_placket|yz-053","shirt","YZ053",no,"/images/buttonhole_thread_color_collar_band/yz053.jpg","drawing-unverified","DRAWING_UNCONFIRMED",0,1,0,0,0
"shirt|placket|decoration_stitching_color_placket|yz-015","shirt","YZ015",no,"/images/buttonhole_thread_color_collar_band/yz015.jpg","drawing-unverified","DRAWING_UNCONFIRMED",0,1,0,0,0
"shirt|placket|decoration_stitching_color_placket|yz-019","shirt","YZ019",no,"/images/buttonhole_thread_color_collar_band/yz019.jpg","drawing-unverified","DRAWING_UNCONFIRMED",0,1,0,0,0
"shirt|placket|decoration_stitching_color_placket|yz-045","shirt","YZ045",no,"/images/buttonhole_thread_color_collar_band/yz045.jpg","drawing-unverified","DRAWING_UNCONFIRMED",0,1,0,0,0
"shirt|placket|decoration_stitching_color_placket|yz-017","shirt","YZ017",no,"/images/buttonhole_thread_color_collar_band/yz017.jpg","drawing-unverified","DRAWING_UNCONFIRMED",0,1,0,0,0
"shirt|placket|decoration_stitching_color_placket|yz-034","shirt","YZ034",no,"/images/buttonhole_thread_color_collar_band/yz034.jpg","drawing-unverified","DRAWING_UNCONFIRMED",0,1,0,0,0
"shirt|placket|decoration_stitching_color_placket|yz-050","shirt","YZ050",no,"/images/buttonhole_thread_color_collar_band/yz050.jpg","drawing-unverified","DRAWING_UNCONFIRMED",0,1,0,0,0
"shirt|placket|decoration_stitching_color_placket|yz-025","shirt","YZ025",no,"/images/buttonhole_thread_color_collar_band/yz025.jpg","drawing-unverified","DRAWING_UNCONFIRMED",0,1,0,0,0
"shirt|placket|decoration_stitching_color_placket|yz-041","shirt","YZ041",no,"/images/buttonhole_thread_color_collar_band/yz041.jpg","drawing-unverified","DRAWING_UNCONFIRMED",0,1,0,0,0
"shirt|placket|decoration_stitching_color_placket|yz-016","shirt","YZ016",no,"/images/buttonhole_thread_color_collar_band/yz016.jpg","drawing-unverified","DRAWING_UNCONFIRMED",0,1,0,0,0
"shirt|placket|decoration_stitching_color_placket|yz-026","shirt","YZ026",no,"/images/buttonhole_thread_color_collar_band/yz026.jpg","drawing-unverified","DRAWING_UNCONFIRMED",0,1,0,0,0
"shirt|placket|decoration_stitching_color_placket|yz-054","shirt","YZ054",no,"/images/buttonhole_thread_color_collar_band/yz054.jpg","drawing-unverified","DRAWING_UNCONFIRMED",0,1,0,0,0
"shirt|placket|decoration_stitching_color_placket|yz-037","shirt","YZ037",no,"/images/buttonhole_thread_color_collar_band/yz037.jpg","drawing-unverified","DRAWING_UNCONFIRMED",0,1,0,0,0
"shirt|placket|placket_button|pb-SZ24-FKE71604","shirt","SZ24/FKE71604",yes,"/images/placket_button/sz24fke71604.jpg","drawing-unverified","DRAWING_UNCONFIRMED",0,1,0,0,0
"shirt|placket|placket_button|pb-SZ29-FKE71605","shirt","SZ29/FKE71605",yes,"/images/placket_button/sz29fke71605.jpg","drawing-unverified","DRAWING_UNCONFIRMED",0,1,0,0,0
"shirt|placket|placket_button|pb-SZ176-FKE71607","shirt","SZ176/FKE71607",yes,"/images/placket_button/sz176fke71607.jpg","drawing-unverified","DRAWING_UNCONFIRMED",0,1,0,0,0
"shirt|placket|placket_button|pb-SZ163-FKE71611","shirt","SZ163/FKE71611",yes,"/images/placket_button/sz163fke71611.jpg","drawing-unverified","DRAWING_UNCONFIRMED",0,1,0,0,0
"shirt|placket|placket_button|pb-SZ162-FKE71612","shirt","SZ162/FKE71612",yes,"/images/placket_button/sz162fke71612.jpg","drawing-unverified","DRAWING_UNCONFIRMED",0,1,0,0,0
"shirt|placket|placket_button|pb-NJ164-FKE71613","shirt","NJ164/FKE71613",yes,"/images/placket_button/nj164fke71613.jpg","drawing-unverified","DRAWING_UNCONFIRMED",0,1,0,0,0
"shirt|placket|placket_button|pb-NJ165-FKE71614","shirt","NJ165/FKE71614",yes,"/images/placket_button/nj165fke71614.jpg","drawing-unverified","DRAWING_UNCONFIRMED",0,1,0,0,0
"shirt|placket|placket_button|pb-GS149-FKE71619","shirt","GS149/FKE71619",yes,"/images/placket_button/gs149fke71619.jpg","drawing-unverified","DRAWING_UNCONFIRMED",0,1,0,0,0
"shirt|placket|placket_button|pb-BK142-FKE71624","shirt","BK142/FKE71624",yes,"/images/placket_button/bk142fke71624.jpg","drawing-unverified","DRAWING_UNCONFIRMED",0,1,0,0,0
"shirt|placket|placket_button|pb-BK133-FKE71625","shirt","BK133/FKE71625",yes,"/images/placket_button/bk133fke71625.jpg","drawing-unverified","DRAWING_UNCONFIRMED",0,1,0,0,0
"shirt|placket|placket_button|pb-BK134-FKE71627","shirt","BK134/FKE71627",yes,"/images/placket_button/bk134fke71627.jpg","drawing-unverified","DRAWING_UNCONFIRMED",0,1,0,0,0
"shirt|placket|placket_button|pb-BK143-FKE71628","shirt","BK143/FKE71628",yes,"/images/placket_button/bk143fke71628.jpg","drawing-unverified","DRAWING_UNCONFIRMED",0,1,0,0,0
"shirt|placket|placket_button|pb-BK127-FKE71629","shirt","BK127/FKE71629",yes,"/images/placket_button/bk127fke71629.jpg","drawing-unverified","DRAWING_UNCONFIRMED",0,1,0,0,0
"shirt|placket|placket_button|pb-BK128-FKE71630","shirt","BK128/FKE71630",yes,"/images/placket_button/bk128fke71630.jpg","drawing-unverified","DRAWING_UNCONFIRMED",0,1,0,0,0
"shirt|placket|placket_button|pb-BK130-FKE71631","shirt","BK130/FKE71631",yes,"/images/placket_button/bk130fke71631.jpg","drawing-unverified","DRAWING_UNCONFIRMED",0,1,0,0,0
"shirt|placket|placket_button|pb-JS114-FKE71641","shirt","JS114/FKE71641",yes,"/images/placket_button/js114fke71641.jpg","drawing-unverified","DRAWING_UNCONFIRMED",0,1,0,0,0
"shirt|placket|placket_button|pb-JS115-FKE71642","shirt","JS115/FKE71642",yes,"/images/placket_button/js115fke71642.jpg","drawing-unverified","DRAWING_UNCONFIRMED",0,1,0,0,0
"shirt|placket|placket_button|pb-JS116-FKE71643","shirt","JS116/FKE71643",yes,"/images/placket_button/js116fke71643.jpg","drawing-unverified","DRAWING_UNCONFIRMED",0,1,0,0,0
"shirt|placket|placket_button|pb-JS117-FKE71644","shirt","JS117/FKE71644",yes,"/images/placket_button/js117fke71644.jpg","drawing-unverified","DRAWING_UNCONFIRMED",0,1,0,0,0
"shirt|placket|placket_button|pb-TC166-FKE71645","shirt","TC166/FKE71645",yes,"/images/placket_button/tc166fke71645.jpg","drawing-unverified","DRAWING_UNCONFIRMED",0,1,0,0,0
"shirt|placket|placket_button|pb-TC168-FKE71646","shirt","TC168/FKE71646",yes,"/images/placket_button/tc168fke71646.jpg","drawing-unverified","DRAWING_UNCONFIRMED",0,1,0,0,0
"shirt|placket|placket_button|pb-TC167-FKE71647","shirt","TC167/FKE71647",yes,"/images/placket_button/tc167fke71647.jpg","drawing-unverified","DRAWING_UNCONFIRMED",0,1,0,0,0
"shirt|placket|placket_button|pb-TC169-FKE71648","shirt","TC169/FKE71648",yes,"/images/placket_button/tc169fke71648.jpg","drawing-unverified","DRAWING_UNCONFIRMED",0,1,0,0,0
"shirt|placket|placket_button|pb-BK136-FKE71650","shirt","BK136/FKE71650",yes,"/images/placket_button/bk136fke71650.jpg","drawing-unverified","DRAWING_UNCONFIRMED",0,1,0,0,0
"shirt|placket|placket_button|pb-BK23-FKE71651","shirt","BK23/FKE71651",yes,"/images/placket_button/bk23fke71651.jpg","drawing-unverified","DRAWING_UNCONFIRMED",0,1,0,0,0
"shirt|placket|placket_button|pb-BK137-FKE71652","shirt","BK137/FKE71652",yes,"/images/placket_button/bk137fke71652.jpg","drawing-unverified","DRAWING_UNCONFIRMED",0,1,0,0,0
"shirt|placket|placket_button|pb-BK138-FKE71654","shirt","BK138/FKE71654",yes,"/images/placket_button/bk138fke71654.jpg","drawing-unverified","DRAWING_UNCONFIRMED",0,1,0,0,0
"shirt|placket|placket_button|pb-BK141-FKE71655","shirt","BK141/FKE71655",yes,"/images/placket_button/bk141fke71655.jpg","drawing-unverified","DRAWING_UNCONFIRMED",0,1,0,0,0
"shirt|placket|placket_button|pb-BK144-FKE71657","shirt","BK144/FKE71657",yes,"/images/placket_button/bk144fke71657.jpg","drawing-unverified","DRAWING_UNCONFIRMED",0,1,0,0,0
"shirt|placket|placket_button|pb-BK145-FKE71658","shirt","BK145/FKE71658",yes,"/images/placket_button/bk145fke71658.jpg","drawing-unverified","DRAWING_UNCONFIRMED",0,1,0,0,0
"shirt|placket|placket_button|pb-BK148-FKE71659","shirt","BK148/FKE71659",yes,"/images/placket_button/bk148fke71659.jpg","drawing-unverified","DRAWING_UNCONFIRMED",0,1,0,0,0
"shirt|placket|placket_button|pb-BK146-FKE71660","shirt","BK146/FKE71660",yes,"/images/placket_button/bk146fke71660.jpg","drawing-unverified","DRAWING_UNCONFIRMED",0,1,0,0,0
"shirt|placket|placket_button|pb-BK147-FKE71661","shirt","BK147/FKE71661",yes,"/images/placket_button/bk147fke71661.jpg","drawing-unverified","DRAWING_UNCONFIRMED",0,1,0,0,0
"shirt|placket|placket_button|pb-BK140-FKE71663","shirt","BK140/FKE71663",yes,"/images/placket_button/bk140fke71663.jpg","drawing-unverified","DRAWING_UNCONFIRMED",0,1,0,0,0
"shirt|placket|placket_button|pb-matching","shirt","Matching",yes,"/images/placket_button/matching.jpg","drawing-unverified","DRAWING_UNCONFIRMED",0,1,0,0,0
"shirt|placket|placket_button|pb-BK218-FK762472","shirt","BK218/FK762472",yes,"/images/placket_button/bk218fk762472.jpg","drawing-unverified","DRAWING_UNCONFIRMED",0,1,0,0,0
"shirt|placket|placket_button|pb-customer-fabric","shirt","Customer Fabric",yes,"/images/placket_button/customer-fabric.jpg","drawing-unverified","DRAWING_UNCONFIRMED",0,1,0,0,0
"shirt|placket|placket_button|pb-SZ30-FK3316C1","shirt","SZ30/FK3316C1",yes,"/images/placket_button/sz30fk3316c1.jpg","drawing-unverified","DRAWING_UNCONFIRMED",0,1,0,0,0
"shirt|placket|placket_button|pb-SZ161-FK3316C3","shirt","SZ161/FK3316C3",yes,"/images/placket_button/sz161fk3316c3.jpg","drawing-unverified","DRAWING_UNCONFIRMED",0,1,0,0,0
"shirt|placket|placket_button|pb-SZ174-FK3316C6","shirt","SZ174/FK3316C6",yes,"/images/placket_button/sz174fk3316c6.jpg","drawing-unverified","DRAWING_UNCONFIRMED",0,1,0,0,0
"shirt|placket|placket_button|pb-SZ175-FK3316C7","shirt","SZ175/FK3316C7",yes,"/images/placket_button/sz175fk3316c7.jpg","drawing-unverified","DRAWING_UNCONFIRMED",0,1,0,0,0
"shirt|placket|placket_button|pb-BK139-FK451616","shirt","BK139/FK451616",yes,"/images/placket_button/bk139fk451616.jpg","drawing-unverified","DRAWING_UNCONFIRMED",0,1,0,0,0
"shirt|placket|placket_button|pb-BK21-FKE01611","shirt","BK21/FKE01611",yes,"/images/placket_button/bk21fke01611.jpg","drawing-unverified","DRAWING_UNCONFIRMED",0,1,0,0,0
"shirt|placket|placket_button|pb-SZ173-FKE01613","shirt","SZ173/FKE01613",yes,"/images/placket_button/sz173fke01613.jpg","drawing-unverified","DRAWING_UNCONFIRMED",0,1,0,0,0
"shirt|placket|placket_button|pb-SZ25-FKE01615","shirt","SZ25/FKE01615",yes,"/images/placket_button/sz25fke01615.jpg","drawing-unverified","DRAWING_UNCONFIRMED",0,1,0,0,0
"shirt|placket|placket_button|pb-SZ26-FKE01627","shirt","SZ26/FKE01627",yes,"/images/placket_button/sz26fke01627.jpg","drawing-unverified","DRAWING_UNCONFIRMED",0,1,0,0,0
"shirt|placket|placket_button|pb-SZ156-FKE01631","shirt","SZ156/FKE01631",yes,"/images/placket_button/sz156fke01631.jpg","drawing-unverified","DRAWING_UNCONFIRMED",0,1,0,0,0
"shirt|placket|placket_button|pb-SZ155-FKE01633","shirt","SZ155/FKE01633",yes,"/images/placket_button/sz155fke01633.jpg","drawing-unverified","DRAWING_UNCONFIRMED",0,1,0,0,0
"shirt|placket|placket_button|pb-JZ171-FKE01637","shirt","JZ171/FKE01637",yes,"/images/placket_button/jz171fke01637.jpg","drawing-unverified","DRAWING_UNCONFIRMED",0,1,0,0,0
"shirt|placket|placket_button|pb-JZ172-FKE01638","shirt","JZ172/FKE01638",yes,"/images/placket_button/jz172fke01638.jpg","drawing-unverified","DRAWING_UNCONFIRMED",0,1,0,0,0
"shirt|placket|placket_button|pb-JZ170-FKE01639","shirt","JZ170/FKE01639",yes,"/images/placket_button/jz170fke01639.jpg","drawing-unverified","DRAWING_UNCONFIRMED",0,1,0,0,0
"shirt|placket|placket_button|pb-BK135-FKE01647","shirt","BK135/FKE01647",yes,"/images/placket_button/bk135fke01647.jpg","drawing-unverified","DRAWING_UNCONFIRMED",0,1,0,0,0
"shirt|placket|placket_button|pb-SZ27-FKE01654","shirt","SZ27/FKE01654",yes,"/images/placket_button/sz27fke01654.jpg","drawing-unverified","DRAWING_UNCONFIRMED",0,1,0,0,0
"shirt|placket|placket_button|pb-SZ28-FKE01656","shirt","SZ28/FKE01656",yes,"/images/placket_button/sz28fke01656.jpg","drawing-unverified","DRAWING_UNCONFIRMED",0,1,0,0,0
"shirt|placket|placket_button|pb-SZ151-FKE01663","shirt","SZ151/FKE01663",yes,"/images/placket_button/sz151fke01663.jpg","drawing-unverified","DRAWING_UNCONFIRMED",0,1,0,0,0
"shirt|placket|placket_button|pb-BK22-FKE01677","shirt","BK22/FKE01677",yes,"/images/placket_button/bk22fke01677.jpg","drawing-unverified","DRAWING_UNCONFIRMED",0,1,0,0,0
"shirt|placket|placket_button|pb-SZ150-FKE10521","shirt","SZ150/FKE10521",yes,"/images/placket_button/sz150fke10521.jpg","drawing-unverified","DRAWING_UNCONFIRMED",0,1,0,0,0
"shirt|placket|placket_button|pb-customer-button","shirt","Customer Button",yes,"/images/placket_button/customer-button.jpg","drawing-unverified","DRAWING_UNCONFIRMED",0,1,0,0,0
"shirt|placket|buttonhole_thread_color_placket|yz-match","shirt","Matching to Fabric",no,"/images/decoration_stitching_color_on_collar/matching-to-fabric.jpg","drawing-unverified","DRAWING_UNCONFIRMED",0,1,0,0,0
"shirt|placket|buttonhole_thread_color_placket|yz-021","shirt","YZ021",no,"/images/buttonhole_thread_color_collar_band/yz021.jpg","drawing-unverified","DRAWING_UNCONFIRMED",0,1,0,0,0
"shirt|placket|buttonhole_thread_color_placket|yz-036","shirt","YZ036",no,"/images/buttonhole_thread_color_collar_band/yz036.jpg","drawing-unverified","DRAWING_UNCONFIRMED",0,1,0,0,0
"shirt|placket|buttonhole_thread_color_placket|yz-029","shirt","YZ029",no,"/images/buttonhole_thread_color_collar_band/yz029.jpg","drawing-unverified","DRAWING_UNCONFIRMED",0,1,0,0,0
"shirt|placket|buttonhole_thread_color_placket|yz-024","shirt","YZ024",no,"/images/buttonhole_thread_color_collar_band/yz024.jpg","drawing-unverified","DRAWING_UNCONFIRMED",0,1,0,0,0
"shirt|placket|buttonhole_thread_color_placket|yz-010","shirt","YZ010",no,"/images/buttonhole_thread_color_collar_band/yz010.jpg","drawing-unverified","DRAWING_UNCONFIRMED",0,1,0,0,0
"shirt|placket|buttonhole_thread_color_placket|yz-011","shirt","YZ011",no,"/images/buttonhole_thread_color_collar_band/yz011.jpg","drawing-unverified","DRAWING_UNCONFIRMED",0,1,0,0,0
"shirt|placket|buttonhole_thread_color_placket|yz-027","shirt","YZ027",no,"/images/buttonhole_thread_color_collar_band/yz027.jpg","drawing-unverified","DRAWING_UNCONFIRMED",0,1,0,0,0
"shirt|placket|buttonhole_thread_color_placket|yz-040","shirt","YZ040",no,"/images/buttonhole_thread_color_collar_band/yz040.jpg","drawing-unverified","DRAWING_UNCONFIRMED",0,1,0,0,0
"shirt|placket|buttonhole_thread_color_placket|yz-014","shirt","YZ014",no,"/images/buttonhole_thread_color_collar_band/yz014.jpg","drawing-unverified","DRAWING_UNCONFIRMED",0,1,0,0,0
"shirt|placket|buttonhole_thread_color_placket|yz-012","shirt","YZ012",no,"/images/buttonhole_thread_color_collar_band/yz012.jpg","drawing-unverified","DRAWING_UNCONFIRMED",0,1,0,0,0
"shirt|placket|buttonhole_thread_color_placket|yz-031","shirt","YZ031",no,"/images/buttonhole_thread_color_collar_band/yz031.jpg","drawing-unverified","DRAWING_UNCONFIRMED",0,1,0,0,0
"shirt|placket|buttonhole_thread_color_placket|yz-032","shirt","YZ032",no,"/images/buttonhole_thread_color_collar_band/yz032.jpg","drawing-unverified","DRAWING_UNCONFIRMED",0,1,0,0,0
"shirt|placket|buttonhole_thread_color_placket|yz-035","shirt","YZ035",no,"/images/buttonhole_thread_color_collar_band/yz035.jpg","drawing-unverified","DRAWING_UNCONFIRMED",0,1,0,0,0
"shirt|placket|buttonhole_thread_color_placket|yz-049","shirt","YZ049",no,"/images/buttonhole_thread_color_collar_band/yz049.jpg","drawing-unverified","DRAWING_UNCONFIRMED",0,1,0,0,0
"shirt|placket|buttonhole_thread_color_placket|yz-042","shirt","YZ042",no,"/images/buttonhole_thread_color_collar_band/yz042.jpg","drawing-unverified","DRAWING_UNCONFIRMED",0,1,0,0,0
"shirt|placket|buttonhole_thread_color_placket|yz-018","shirt","YZ018",no,"/images/buttonhole_thread_color_collar_band/yz018.jpg","drawing-unverified","DRAWING_UNCONFIRMED",0,1,0,0,0
"shirt|placket|buttonhole_thread_color_placket|yz-030","shirt","YZ030",no,"/images/buttonhole_thread_color_collar_band/yz030.jpg","drawing-unverified","DRAWING_UNCONFIRMED",0,1,0,0,0
"shirt|placket|buttonhole_thread_color_placket|yz-022","shirt","YZ022",no,"/images/buttonhole_thread_color_collar_band/yz022.jpg","drawing-unverified","DRAWING_UNCONFIRMED",0,1,0,0,0
"shirt|placket|buttonhole_thread_color_placket|yz-028","shirt","YZ028",no,"/images/buttonhole_thread_color_collar_band/yz028.jpg","drawing-unverified","DRAWING_UNCONFIRMED",0,1,0,0,0
"shirt|placket|buttonhole_thread_color_placket|yz-008","shirt","YZ008",no,"/images/buttonhole_thread_color_collar_band/yz008.jpg","drawing-unverified","DRAWING_UNCONFIRMED",0,1,0,0,0
"shirt|placket|buttonhole_thread_color_placket|yz-053","shirt","YZ053",no,"/images/buttonhole_thread_color_collar_band/yz053.jpg","drawing-unverified","DRAWING_UNCONFIRMED",0,1,0,0,0
"shirt|placket|buttonhole_thread_color_placket|yz-015","shirt","YZ015",no,"/images/buttonhole_thread_color_collar_band/yz015.jpg","drawing-unverified","DRAWING_UNCONFIRMED",0,1,0,0,0
"shirt|placket|buttonhole_thread_color_placket|yz-019","shirt","YZ019",no,"/images/buttonhole_thread_color_collar_band/yz019.jpg","drawing-unverified","DRAWING_UNCONFIRMED",0,1,0,0,0
"shirt|placket|buttonhole_thread_color_placket|yz-045","shirt","YZ045",no,"/images/buttonhole_thread_color_collar_band/yz045.jpg","drawing-unverified","DRAWING_UNCONFIRMED",0,1,0,0,0
"shirt|placket|buttonhole_thread_color_placket|yz-017","shirt","YZ017",no,"/images/buttonhole_thread_color_collar_band/yz017.jpg","drawing-unverified","DRAWING_UNCONFIRMED",0,1,0,0,0
"shirt|placket|buttonhole_thread_color_placket|yz-034","shirt","YZ034",no,"/images/buttonhole_thread_color_collar_band/yz034.jpg","drawing-unverified","DRAWING_UNCONFIRMED",0,1,0,0,0
"shirt|placket|buttonhole_thread_color_placket|yz-050","shirt","YZ050",no,"/images/buttonhole_thread_color_collar_band/yz050.jpg","drawing-unverified","DRAWING_UNCONFIRMED",0,1,0,0,0
"shirt|placket|buttonhole_thread_color_placket|yz-025","shirt","YZ025",no,"/images/buttonhole_thread_color_collar_band/yz025.jpg","drawing-unverified","DRAWING_UNCONFIRMED",0,1,0,0,0
"shirt|placket|buttonhole_thread_color_placket|yz-041","shirt","YZ041",no,"/images/buttonhole_thread_color_collar_band/yz041.jpg","drawing-unverified","DRAWING_UNCONFIRMED",0,1,0,0,0
"shirt|placket|buttonhole_thread_color_placket|yz-016","shirt","YZ016",no,"/images/buttonhole_thread_color_collar_band/yz016.jpg","drawing-unverified","DRAWING_UNCONFIRMED",0,1,0,0,0
"shirt|placket|buttonhole_thread_color_placket|yz-026","shirt","YZ026",no,"/images/buttonhole_thread_color_collar_band/yz026.jpg","drawing-unverified","DRAWING_UNCONFIRMED",0,1,0,0,0
"shirt|placket|buttonhole_thread_color_placket|yz-054","shirt","YZ054",no,"/images/buttonhole_thread_color_collar_band/yz054.jpg","drawing-unverified","DRAWING_UNCONFIRMED",0,1,0,0,0
"shirt|placket|buttonhole_thread_color_placket|yz-037","shirt","YZ037",no,"/images/buttonhole_thread_color_collar_band/yz037.jpg","drawing-unverified","DRAWING_UNCONFIRMED",0,1,0,0,0
"shirt|placket|placket_buttonhole_direction|bh-vertical","shirt","Vertical",yes,"/images/placket_buttonhole_direction/vertical-buttonholes.jpg","drawing-unverified","DRAWING_UNCONFIRMED",1,5,0,0,0
"shirt|placket|placket_buttonhole_direction|bh-vertical-horiz","shirt","Vertical with Horizontal Buttonhole",yes,"/images/placket_buttonhole_direction/vertical-buttonholes-with-horizontal-buttonhole.jpg","verified-match","",1,4,0,0,0
"shirt|placket|placket_buttonhole_direction|bh-horiz-2nd","shirt","Horizontal (2nd from Bottom)",yes,"/images/placket_buttonhole_direction/horizontal-second-buttonhole-from-bottom.jpg","verified-match","",1,3,0,0,0
"shirt|placket|buttonhole|bh-machine","shirt","Machine",yes,"/images/blueprints/baoxiniao/shirt/GLKMO/A.jpg","drawing-unverified","DRAWING_UNCONFIRMED",0,5,1,0,0
"shirt|placket|buttonhole|bh-hand","shirt","Hand-Made",yes,"/images/blueprints/baoxiniao/shirt/GLKMO/H.jpg","drawing-unverified","DRAWING_UNCONFIRMED",0,5,1,0,0
"shirt|placket|placket_splicing|splice-none","shirt","None",yes,"/images/collar_splicing/none.jpg","drawing-unverified","DRAWING_UNCONFIRMED",0,5,0,0,0
"shirt|placket|placket_splicing|splice-lower-top-collar","shirt","Lower Part of Top Collar",yes,"/images/collar_splicing/lower-part-of-top-collar.jpg","drawing-unverified","DRAWING_UNCONFIRMED",0,3,0,0,0
"shirt|placket|placket_splicing|splice-upper-top-collar","shirt","Upper Part of Top Collar",yes,"/images/collar_splicing/upper-part-of-top-collar.jpg","drawing-unverified","DRAWING_UNCONFIRMED",0,3,0,0,0
"shirt|placket|placket_splicing|splice-strip-mid-collar","shirt","Strip in Middle Top Collar",yes,"/images/collar_splicing/strip-in-middle-top-collar.jpg","drawing-unverified","DRAWING_UNCONFIRMED",0,5,0,0,0
"shirt|placket|placket_splicing|splice-point-opening","shirt","Collar Point Opening Edge",yes,"/images/collar_splicing/collar-point-opening-edge.jpg","drawing-unverified","DRAWING_UNCONFIRMED",0,3,0,0,0
"shirt|placket|placket_splicing|splice-4cm-from-point","shirt","4 cm to Collar Point Opening Edge",yes,"/images/collar_splicing/4cm-to-collar-point-opening-edge.jpg","drawing-unverified","DRAWING_UNCONFIRMED",0,7,0,0,0
"shirt|placket|placket_splicing|splice-15cm-from-point","shirt","1.5 cm to Collar Point Opening Edge",yes,"/images/collar_splicing/15cm-to-collar-point-opening-edge.jpg","drawing-unverified","DRAWING_UNCONFIRMED",0,5,0,0,0
"shirt|placket|placket_splicing|splice-single-left-placket","shirt","Single Left Placket Edge",yes,"/images/collar_splicing/single-left-placket-edge.jpg","verified-match","",0,5,0,0,0
"shirt|placket|placket_splicing|splice-double-left-placket","shirt","Double Left Placket Edges",yes,"/images/collar_splicing/double-left-placket-edges.jpg","drawing-unverified","DRAWING_UNCONFIRMED",0,3,0,0,0
"shirt|placket|placket_splicing|splice-top-collar-edge","shirt","Top Collar Edge",yes,"/images/collar_splicing/top-collar-edge.jpg","drawing-unverified","DRAWING_UNCONFIRMED",0,5,0,0,0
"shirt|placket|placket_splicing|splice-triangle-point","shirt","Triangle Collar Point",yes,"/images/collar_splicing/triangle-collar-point.jpg","verified-match","",0,3,0,0,0
"shirt|placket|placket_splicing|splice-upper-cuff","shirt","Upper Sleeve Cuff",yes,"/images/collar_splicing/upper-sleeve-cuff.jpg","drawing-unverified","DRAWING_UNCONFIRMED",0,5,0,0,0
"shirt|placket|placket_splicing|splice-lower-cuff","shirt","Lower Sleeve Cuff",yes,"/images/collar_splicing/lower-sleeve-cuff.jpg","drawing-unverified","DRAWING_UNCONFIRMED",0,7,0,0,0
"shirt|placket|placket_splicing|splice-cuff-edge","shirt","Cuff Edge",yes,"/images/collar_splicing/cuff-edge.jpg","drawing-unverified","DRAWING_UNCONFIRMED",0,5,0,0,0
"shirt|placket|placket_splicing|splice-strip-mid-cuff","shirt","Strip in Middle Cuff",yes,"/images/collar_splicing/strip-in-middle-cuff.jpg","drawing-unverified","DRAWING_UNCONFIRMED",0,5,0,0,0
"shirt|placket|first_button_distance|fbd-4","shirt","4 cm",yes,"/images/first_button_distance/4cm.jpg","verified-match","",0,3,0,0,0
"shirt|placket|first_button_distance|fbd-5","shirt","5 cm",yes,"/images/first_button_distance/5cm.jpg","verified-match","",0,3,0,0,0
"shirt|placket|first_button_distance|fbd-6","shirt","6 cm",yes,"/images/first_button_distance/6cm.jpg","verified-match","",0,3,0,0,0
"shirt|placket|first_button_distance|fbd-65","shirt","6.5 cm",yes,"/images/first_button_distance/65cm.jpg","verified-match","",0,1,0,0,0
"shirt|placket|first_button_distance|fbd-7","shirt","7 cm",yes,"/images/first_button_distance/7cm.jpg","verified-match","",0,1,0,0,0
"shirt|placket|first_button_distance|fbd-8","shirt","8 cm",yes,"/images/first_button_distance/8cm.jpg","drawing-unverified","DRAWING_UNCONFIRMED",0,3,0,0,0
"shirt|placket|first_button_distance|fbd-9","shirt","9 cm",yes,"/images/first_button_distance/9cm.jpg","drawing-unverified","DRAWING_UNCONFIRMED",0,1,0,0,0
"shirt|placket|first_button_distance|fbd-10","shirt","10 cm",yes,"/images/first_button_distance/10cm.jpg","drawing-unverified","DRAWING_UNCONFIRMED",0,1,0,0,0
"shirt|placket|sewing_button_style|sbtn-machine","shirt","Machine Buttoning",yes,"/images/sewing_button_style/machine-buttoning.jpg","drawing-unverified","DRAWING_UNCONFIRMED",0,1,0,0,0
"shirt|placket|sewing_button_style|sbtn-cross","shirt","Hand-Made Crossing (X)",yes,"/images/sewing_button_style/hand-made-crossing-buttoning.jpg","drawing-unverified","DRAWING_UNCONFIRMED",0,1,0,0,0
"shirt|placket|sewing_button_style|sbtn-arrow-down","shirt","Hand-Made Arrow-Down",yes,"/images/sewing_button_style/hand-made-arrow-down-buttoning.jpg","drawing-unverified","DRAWING_UNCONFIRMED",0,1,0,0,0
"shirt|placket|sewing_button_style|sbtn-equals","shirt","Hand-Made Equals (=)",yes,"/images/sewing_button_style/hand-made-equals-buttoning.jpg","drawing-unverified","DRAWING_UNCONFIRMED",0,1,0,0,0
"shirt|placket|sewing_button_style|sbtn-square","shirt","Hand-Made Square",yes,"/images/sewing_button_style/hand-made-square-buttoning.jpg","drawing-unverified","DRAWING_UNCONFIRMED",0,1,0,0,0
"shirt|placket|buttoning_thread_color|yz-match","shirt","Matching to Fabric",no,"/images/decoration_stitching_color_on_collar/matching-to-fabric.jpg","drawing-unverified","DRAWING_UNCONFIRMED",0,1,0,0,0
"shirt|placket|buttoning_thread_color|yz-021","shirt","YZ021",no,"/images/buttonhole_thread_color_collar_band/yz021.jpg","drawing-unverified","DRAWING_UNCONFIRMED",0,1,0,0,0
"shirt|placket|buttoning_thread_color|yz-036","shirt","YZ036",no,"/images/buttonhole_thread_color_collar_band/yz036.jpg","drawing-unverified","DRAWING_UNCONFIRMED",0,1,0,0,0
"shirt|placket|buttoning_thread_color|yz-029","shirt","YZ029",no,"/images/buttonhole_thread_color_collar_band/yz029.jpg","drawing-unverified","DRAWING_UNCONFIRMED",0,1,0,0,0
"shirt|placket|buttoning_thread_color|yz-024","shirt","YZ024",no,"/images/buttonhole_thread_color_collar_band/yz024.jpg","drawing-unverified","DRAWING_UNCONFIRMED",0,1,0,0,0
"shirt|placket|buttoning_thread_color|yz-010","shirt","YZ010",no,"/images/buttonhole_thread_color_collar_band/yz010.jpg","drawing-unverified","DRAWING_UNCONFIRMED",0,1,0,0,0
"shirt|placket|buttoning_thread_color|yz-011","shirt","YZ011",no,"/images/buttonhole_thread_color_collar_band/yz011.jpg","drawing-unverified","DRAWING_UNCONFIRMED",0,1,0,0,0
"shirt|placket|buttoning_thread_color|yz-027","shirt","YZ027",no,"/images/buttonhole_thread_color_collar_band/yz027.jpg","drawing-unverified","DRAWING_UNCONFIRMED",0,1,0,0,0
"shirt|placket|buttoning_thread_color|yz-040","shirt","YZ040",no,"/images/buttonhole_thread_color_collar_band/yz040.jpg","drawing-unverified","DRAWING_UNCONFIRMED",0,1,0,0,0
"shirt|placket|buttoning_thread_color|yz-014","shirt","YZ014",no,"/images/buttonhole_thread_color_collar_band/yz014.jpg","drawing-unverified","DRAWING_UNCONFIRMED",0,1,0,0,0
"shirt|placket|buttoning_thread_color|yz-012","shirt","YZ012",no,"/images/buttonhole_thread_color_collar_band/yz012.jpg","drawing-unverified","DRAWING_UNCONFIRMED",0,1,0,0,0
"shirt|placket|buttoning_thread_color|yz-031","shirt","YZ031",no,"/images/buttonhole_thread_color_collar_band/yz031.jpg","drawing-unverified","DRAWING_UNCONFIRMED",0,1,0,0,0
"shirt|placket|buttoning_thread_color|yz-032","shirt","YZ032",no,"/images/buttonhole_thread_color_collar_band/yz032.jpg","drawing-unverified","DRAWING_UNCONFIRMED",0,1,0,0,0
"shirt|placket|buttoning_thread_color|yz-035","shirt","YZ035",no,"/images/buttonhole_thread_color_collar_band/yz035.jpg","drawing-unverified","DRAWING_UNCONFIRMED",0,1,0,0,0
"shirt|placket|buttoning_thread_color|yz-049","shirt","YZ049",no,"/images/buttonhole_thread_color_collar_band/yz049.jpg","drawing-unverified","DRAWING_UNCONFIRMED",0,1,0,0,0
"shirt|placket|buttoning_thread_color|yz-042","shirt","YZ042",no,"/images/buttonhole_thread_color_collar_band/yz042.jpg","drawing-unverified","DRAWING_UNCONFIRMED",0,1,0,0,0
"shirt|placket|buttoning_thread_color|yz-018","shirt","YZ018",no,"/images/buttonhole_thread_color_collar_band/yz018.jpg","drawing-unverified","DRAWING_UNCONFIRMED",0,1,0,0,0
"shirt|placket|buttoning_thread_color|yz-030","shirt","YZ030",no,"/images/buttonhole_thread_color_collar_band/yz030.jpg","drawing-unverified","DRAWING_UNCONFIRMED",0,1,0,0,0
"shirt|placket|buttoning_thread_color|yz-022","shirt","YZ022",no,"/images/buttonhole_thread_color_collar_band/yz022.jpg","drawing-unverified","DRAWING_UNCONFIRMED",0,1,0,0,0
"shirt|placket|buttoning_thread_color|yz-028","shirt","YZ028",no,"/images/buttonhole_thread_color_collar_band/yz028.jpg","drawing-unverified","DRAWING_UNCONFIRMED",0,1,0,0,0
"shirt|placket|buttoning_thread_color|yz-008","shirt","YZ008",no,"/images/buttonhole_thread_color_collar_band/yz008.jpg","drawing-unverified","DRAWING_UNCONFIRMED",0,1,0,0,0
"shirt|placket|buttoning_thread_color|yz-053","shirt","YZ053",no,"/images/buttonhole_thread_color_collar_band/yz053.jpg","drawing-unverified","DRAWING_UNCONFIRMED",0,1,0,0,0
"shirt|placket|buttoning_thread_color|yz-015","shirt","YZ015",no,"/images/buttonhole_thread_color_collar_band/yz015.jpg","drawing-unverified","DRAWING_UNCONFIRMED",0,1,0,0,0
"shirt|placket|buttoning_thread_color|yz-019","shirt","YZ019",no,"/images/buttonhole_thread_color_collar_band/yz019.jpg","drawing-unverified","DRAWING_UNCONFIRMED",0,1,0,0,0
"shirt|placket|buttoning_thread_color|yz-045","shirt","YZ045",no,"/images/buttonhole_thread_color_collar_band/yz045.jpg","drawing-unverified","DRAWING_UNCONFIRMED",0,1,0,0,0
"shirt|placket|buttoning_thread_color|yz-017","shirt","YZ017",no,"/images/buttonhole_thread_color_collar_band/yz017.jpg","drawing-unverified","DRAWING_UNCONFIRMED",0,1,0,0,0
"shirt|placket|buttoning_thread_color|yz-034","shirt","YZ034",no,"/images/buttonhole_thread_color_collar_band/yz034.jpg","drawing-unverified","DRAWING_UNCONFIRMED",0,1,0,0,0
"shirt|placket|buttoning_thread_color|yz-050","shirt","YZ050",no,"/images/buttonhole_thread_color_collar_band/yz050.jpg","drawing-unverified","DRAWING_UNCONFIRMED",0,1,0,0,0
"shirt|placket|buttoning_thread_color|yz-025","shirt","YZ025",no,"/images/buttonhole_thread_color_collar_band/yz025.jpg","drawing-unverified","DRAWING_UNCONFIRMED",0,1,0,0,0
"shirt|placket|buttoning_thread_color|yz-041","shirt","YZ041",no,"/images/buttonhole_thread_color_collar_band/yz041.jpg","drawing-unverified","DRAWING_UNCONFIRMED",0,1,0,0,0
"shirt|placket|buttoning_thread_color|yz-016","shirt","YZ016",no,"/images/buttonhole_thread_color_collar_band/yz016.jpg","drawing-unverified","DRAWING_UNCONFIRMED",0,1,0,0,0
"shirt|placket|buttoning_thread_color|yz-026","shirt","YZ026",no,"/images/buttonhole_thread_color_collar_band/yz026.jpg","drawing-unverified","DRAWING_UNCONFIRMED",0,1,0,0,0
"shirt|placket|buttoning_thread_color|yz-054","shirt","YZ054",no,"/images/buttonhole_thread_color_collar_band/yz054.jpg","drawing-unverified","DRAWING_UNCONFIRMED",0,1,0,0,0
"shirt|placket|buttoning_thread_color|yz-037","shirt","YZ037",no,"/images/buttonhole_thread_color_collar_band/yz037.jpg","drawing-unverified","DRAWING_UNCONFIRMED",0,1,0,0,0
"shirt|pocket-hem|pocket|pocket-none","shirt","No Pocket",yes,"/images/pocket/none.jpg","drawing-unverified","DRAWING_UNCONFIRMED|EXTERNAL_WEB_PHOTO",1,4,0,0,2
"shirt|pocket-hem|pocket|pocket-round","shirt","Round Pocket",yes,"/images/pocket/round-pocket.jpg","drawing-unverified","DRAWING_UNCONFIRMED|EXTERNAL_WEB_PHOTO",1,5,0,0,4
"shirt|pocket-hem|pocket|pocket-hexagon","shirt","Hexagon Pocket",yes,"/images/pocket/hexagon-pocket.jpg","verified-match","",1,4,0,0,0
"shirt|pocket-hem|pocket|pocket-triangle","shirt","Triangle Pocket",yes,"/images/pocket/triangle-pocket.jpg","verified-match","EXTERNAL_WEB_PHOTO",1,5,0,0,2
"shirt|pocket-hem|pocket|pocket-round-welt","shirt","Round Pocket with Welt",yes,"/images/pocket/round-pocket-with-welt.jpg","drawing-unverified","DRAWING_UNCONFIRMED",0,5,1,0,0
"shirt|pocket-hem|hem|hem-round","shirt","Round Hem",yes,"/images/hem/round-hem.jpg","drawing-unverified","DRAWING_UNCONFIRMED|EXTERNAL_WEB_PHOTO",1,8,0,0,2
"shirt|pocket-hem|hem|hem-straight","shirt","Straight Hem",yes,"/images/hem/straight-hem.jpg","drawing-unverified","DRAWING_UNCONFIRMED",1,5,0,0,0
"shirt|pocket-hem|hem|hem-small-round","shirt","Small Round Hem",yes,"/images/blueprints/baoxiniao/shirt/REQDN/C.jpg","drawing-unverified","DRAWING_UNCONFIRMED",0,1,0,0,0
"shirt|pocket-hem|hem|hem-sq-side-vents-5cm","shirt","Squared Bottom with Side Vents 5 cm",yes,"/images/hem/squared-bottom-with-side-vents-5cm.jpg","verified-match","",1,4,0,0,0
"shirt|pocket-hem|hem|hem-straight-side-vents","shirt","Straight Hem with Side Vents",yes,"/images/hem/straight-hem-with-side-vents.jpg","drawing-unverified","DRAWING_UNCONFIRMED",1,2,0,0,0
"shirt|pocket-hem|hem|hem-round-pentagon-gusset","shirt","Round Hem with Pentagon Gusset",yes,"/images/hem/round-hem-with-pentagon-gusset.jpg","verified-match","",1,2,0,0,0
"shirt|pocket-hem|hem|hem-round-hexagon-gusset","shirt","Round Hem with Hexagon Gusset",yes,"/images/hem/round-hem-with-hexagon-gusset.jpg","verified-match","",1,2,0,0,0
"shirt|pocket-hem|hem|hem-large-round-triangle-gusset","shirt","Large Round Hem with Triangle Gusset",yes,"/images/hem/large-round-hem-with-triangle-gusset.jpg","verified-match","",1,4,0,0,0
"shirt|pocket-hem|hem|hem-small-round-pentagon-gusset","shirt","Small Round Hem with Pentagon Gusset",yes,"/images/blueprints/baoxiniao/shirt/REQDN/I.jpg","drawing-unverified","DRAWING_UNCONFIRMED",0,1,0,0,0
"shirt|shoulder|decoration_stitching_on_shoulder|shl-stitch-none","shirt","None",yes,"","missing","NO_DRAWING",0,1,0,0,0
"shirt|shoulder|decoration_stitching_on_shoulder|shl-stitch-06-top","shirt","Machine 0.6 cm Top Stitching",yes,"/images/decoration_stitching_on_shoulder/machine-06cm-top-stitching.jpg","verified-match","",1,4,0,0,0
"shirt|cuffs|cuff|cuff-customer-btn","shirt","Customer Button Cuff",yes,"/images/cuff/customer-button.jpg","drawing-unverified","DRAWING_UNCONFIRMED",0,1,0,0,0
"shirt|cuffs|cuff|cuff-french-2btn-1bh","shirt","French Cuff — 2 Buttons, 1 Buttonhole",yes,"/images/cuff/french-cuff-with-2-buttons-and-1-buttonhole.jpg","drawing-unverified","DRAWING_UNCONFIRMED",0,1,0,0,0
"shirt|cuffs|cuff|cuff-french-6bh","shirt","French Cuff — 6 Buttonholes",yes,"/images/cuff/french-cuff-with-6-buttonholes.jpg","drawing-unverified","DRAWING_UNCONFIRMED|HAS_OWNER_REFS",0,6,1,5,0
"shirt|cuffs|cuff|cuff-french-4bh","shirt","French Cuff — 4 Buttonholes",yes,"/images/cuff/french-cuff-with-4-buttonholes.jpg","verified-match","EXTERNAL_WEB_PHOTO|HAS_OWNER_REFS",0,3,1,3,2
"shirt|cuffs|cuff|cuff-curved-1btn-1bh","shirt","Curved Cuff — 1 Button, 1 Buttonhole",yes,"/images/cuff/curved-cuff-with-1-button-and-1-buttonhole.jpg","drawing-unverified","DRAWING_UNCONFIRMED",0,3,1,0,0
"shirt|cuffs|cuff|cuff-hex-french-4bh","shirt","Hexagon French Cuff — 4 Buttonholes",yes,"/images/cuff/hexagon-french-cuff-with-4-buttonholes.jpg","drawing-unverified","DRAWING_UNCONFIRMED|HAS_OWNER_REFS",0,3,1,2,0
"shirt|cuffs|cuff|cuff-round-2btn-1bh","shirt","Round Cuff — 2 Buttons, 1 Buttonhole",yes,"/images/blueprints/baoxiniao/shirt/REQLS/A.jpg","drawing-unverified","DRAWING_UNCONFIRMED|EXTERNAL_WEB_PHOTO",0,1,0,0,2
"shirt|cuffs|cuff|cuff-curved-french-2bh","shirt","Curved French Style — 2 Buttonholes",yes,"/images/cuff/curved-french-style-with-2-buttonholes.jpg","drawing-unverified","DRAWING_UNCONFIRMED",0,1,0,0,0
"shirt|cuffs|cuff|cuff-hex-french-2bh","shirt","Hexagonal French Style — 2 Buttonholes",yes,"/images/cuff/hexagonal-french-style-with-2-buttonholes.jpg","drawing-unverified","DRAWING_UNCONFIRMED",0,1,0,0,0
"shirt|cuffs|cuff|cuff-hex-2btn-1bh","shirt","Hexagonal Cuff — 2 Buttons, 1 Buttonhole",yes,"/images/cuff/hexagonal-cuff-with-2-buttons-and-1-buttonhole.jpg","drawing-unverified","DRAWING_UNCONFIRMED",0,3,1,0,0
"shirt|cuffs|cuff|cuff-sq-2btn-1bh","shirt","Square Cuff — 2 Buttons, 1 Buttonhole",yes,"/images/cuff/square-cuff-with-2-buttons-and-1-buttonhole.jpg","drawing-unverified","DRAWING_UNCONFIRMED",0,1,0,0,0
"shirt|cuffs|cuff|cuff-round-2btn-2bh","shirt","Round Cuff — 2 Buttons, 2 Buttonholes",yes,"/images/cuff/round-cuff-with-2-buttons-and-2-buttonholes.jpg","drawing-unverified","DRAWING_UNCONFIRMED",0,1,0,0,0
"shirt|cuffs|cuff|cuff-hex-2btn-2bh","shirt","Hexagonal Cuff — 2 Buttons, 2 Buttonholes",yes,"/images/cuff/hexagonal-cuff-with-2-buttons-and-2-buttonholes.jpg","drawing-unverified","DRAWING_UNCONFIRMED",0,1,0,0,0
"shirt|cuffs|cuff|cuff-french-4bh-v2","shirt","French Cuff — 4 Buttonholes (Variant)",yes,"/images/cuff/french-cuff-with-4-buttonholes-variant.jpg","drawing-unverified","DRAWING_UNCONFIRMED",0,1,0,0,0
"shirt|cuffs|cuff|cuff-curve-1btn-1bh","shirt","Curve Cuff — 1 Button, 1 Buttonhole",yes,"/images/cuff/curve-cuff-with-1-button-and-1-buttonhole.jpg","drawing-unverified","DRAWING_UNCONFIRMED",0,1,0,0,0
"shirt|cuffs|cuff|cuff-french-pleats-4bh","shirt","French Cuff with Pleats — 4 Buttonholes",yes,"/images/cuff/french-cuff-with-pleats-and-4-buttonholes.jpg","drawing-unverified","DRAWING_UNCONFIRMED",0,1,0,0,0
"shirt|cuffs|cuff|cuff-rounded-1btn-1bh-pleats","shirt","Rounded Cuff with Pleats — 1 Button, 1 Bh",yes,"/images/cuff/rounded-cuff-with-1-button-and-1-buttonhole-with-pleats.jpg","drawing-unverified","DRAWING_UNCONFIRMED",0,1,0,0,0
"shirt|cuffs|cuff|cuff-hex-1btn-1bh","shirt","Hexagon Cuff — 1 Button, 1 Buttonhole",yes,"/images/cuff/hexagon-cuff-with-1-button-and-1-buttonhole.jpg","drawing-unverified","DRAWING_UNCONFIRMED",0,1,0,0,0
"shirt|cuffs|cuff|cuff-round-1btn-1bh","shirt","Round Cuff — 1 Button, 1 Buttonhole",yes,"/images/cuff/round-cuff-with-1-button-and-1-buttonhole.jpg","drawing-unverified","DRAWING_UNCONFIRMED",0,1,0,0,0
"shirt|cuffs|cuff|cuff-round-1btn-1bh-pleats","shirt","Round Cuff with Pleats — 1 Button, 1 Bh",yes,"/images/cuff/round-cuff-with-1-button-and-1-buttonhole-with-pleats.jpg","drawing-unverified","DRAWING_UNCONFIRMED",0,1,0,0,0
"shirt|cuffs|cuff|cuff-sq-3btn-3bh","shirt","Square Cuff — 3 Buttons, 3 Buttonholes",yes,"/images/cuff/square-cuff-with-3-buttons-and-3-buttonholes.jpg","drawing-unverified","DRAWING_UNCONFIRMED",0,1,0,0,0
"shirt|cuffs|cuff|cuff-sq-1btn-1bh","shirt","Square Cuff — 1 Button, 1 Buttonhole",yes,"/images/cuff/square-cuff-with-1-button-and-1-buttonhole.jpg","drawing-unverified","DRAWING_UNCONFIRMED",0,1,0,0,0
"shirt|cuffs|cuff|cuff-sq-2btn-2bh","shirt","Square Cuff — 2 Buttons, 2 Buttonholes",yes,"/images/cuff/square-cuff-with-2-buttons-and-2-buttonholes.jpg","drawing-unverified","DRAWING_UNCONFIRMED",0,1,0,0,0
"shirt|cuffs|cuff|cuff-round-french-4bh","shirt","Round French Cuff — 4 Buttonholes",yes,"/images/cuff/round-french-cuff-with-4-buttonholes.jpg","drawing-unverified","DRAWING_UNCONFIRMED",0,1,0,0,0
"shirt|cuffs|buttonhole_thread_color_cuff|yz-match","shirt","Matching to Fabric",no,"/images/decoration_stitching_color_on_collar/matching-to-fabric.jpg","drawing-unverified","DRAWING_UNCONFIRMED",0,1,0,0,0
"shirt|cuffs|buttonhole_thread_color_cuff|yz-021","shirt","YZ021",no,"/images/buttonhole_thread_color_collar_band/yz021.jpg","drawing-unverified","DRAWING_UNCONFIRMED",0,1,0,0,0
"shirt|cuffs|buttonhole_thread_color_cuff|yz-036","shirt","YZ036",no,"/images/buttonhole_thread_color_collar_band/yz036.jpg","drawing-unverified","DRAWING_UNCONFIRMED",0,1,0,0,0
"shirt|cuffs|buttonhole_thread_color_cuff|yz-029","shirt","YZ029",no,"/images/buttonhole_thread_color_collar_band/yz029.jpg","drawing-unverified","DRAWING_UNCONFIRMED",0,1,0,0,0
"shirt|cuffs|buttonhole_thread_color_cuff|yz-024","shirt","YZ024",no,"/images/buttonhole_thread_color_collar_band/yz024.jpg","drawing-unverified","DRAWING_UNCONFIRMED",0,1,0,0,0
"shirt|cuffs|buttonhole_thread_color_cuff|yz-010","shirt","YZ010",no,"/images/buttonhole_thread_color_collar_band/yz010.jpg","drawing-unverified","DRAWING_UNCONFIRMED",0,1,0,0,0
"shirt|cuffs|buttonhole_thread_color_cuff|yz-011","shirt","YZ011",no,"/images/buttonhole_thread_color_collar_band/yz011.jpg","drawing-unverified","DRAWING_UNCONFIRMED",0,1,0,0,0
"shirt|cuffs|buttonhole_thread_color_cuff|yz-027","shirt","YZ027",no,"/images/buttonhole_thread_color_collar_band/yz027.jpg","drawing-unverified","DRAWING_UNCONFIRMED",0,1,0,0,0
"shirt|cuffs|buttonhole_thread_color_cuff|yz-040","shirt","YZ040",no,"/images/buttonhole_thread_color_collar_band/yz040.jpg","drawing-unverified","DRAWING_UNCONFIRMED",0,1,0,0,0
"shirt|cuffs|buttonhole_thread_color_cuff|yz-014","shirt","YZ014",no,"/images/buttonhole_thread_color_collar_band/yz014.jpg","drawing-unverified","DRAWING_UNCONFIRMED",0,1,0,0,0
"shirt|cuffs|buttonhole_thread_color_cuff|yz-012","shirt","YZ012",no,"/images/buttonhole_thread_color_collar_band/yz012.jpg","drawing-unverified","DRAWING_UNCONFIRMED",0,1,0,0,0
"shirt|cuffs|buttonhole_thread_color_cuff|yz-031","shirt","YZ031",no,"/images/buttonhole_thread_color_collar_band/yz031.jpg","drawing-unverified","DRAWING_UNCONFIRMED",0,1,0,0,0
"shirt|cuffs|buttonhole_thread_color_cuff|yz-032","shirt","YZ032",no,"/images/buttonhole_thread_color_collar_band/yz032.jpg","drawing-unverified","DRAWING_UNCONFIRMED",0,1,0,0,0
"shirt|cuffs|buttonhole_thread_color_cuff|yz-035","shirt","YZ035",no,"/images/buttonhole_thread_color_collar_band/yz035.jpg","drawing-unverified","DRAWING_UNCONFIRMED",0,1,0,0,0
"shirt|cuffs|buttonhole_thread_color_cuff|yz-049","shirt","YZ049",no,"/images/buttonhole_thread_color_collar_band/yz049.jpg","drawing-unverified","DRAWING_UNCONFIRMED",0,1,0,0,0
"shirt|cuffs|buttonhole_thread_color_cuff|yz-042","shirt","YZ042",no,"/images/buttonhole_thread_color_collar_band/yz042.jpg","drawing-unverified","DRAWING_UNCONFIRMED",0,1,0,0,0
"shirt|cuffs|buttonhole_thread_color_cuff|yz-018","shirt","YZ018",no,"/images/buttonhole_thread_color_collar_band/yz018.jpg","drawing-unverified","DRAWING_UNCONFIRMED",0,1,0,0,0
"shirt|cuffs|buttonhole_thread_color_cuff|yz-030","shirt","YZ030",no,"/images/buttonhole_thread_color_collar_band/yz030.jpg","drawing-unverified","DRAWING_UNCONFIRMED",0,1,0,0,0
"shirt|cuffs|buttonhole_thread_color_cuff|yz-022","shirt","YZ022",no,"/images/buttonhole_thread_color_collar_band/yz022.jpg","drawing-unverified","DRAWING_UNCONFIRMED",0,1,0,0,0
"shirt|cuffs|buttonhole_thread_color_cuff|yz-028","shirt","YZ028",no,"/images/buttonhole_thread_color_collar_band/yz028.jpg","drawing-unverified","DRAWING_UNCONFIRMED",0,1,0,0,0
"shirt|cuffs|buttonhole_thread_color_cuff|yz-008","shirt","YZ008",no,"/images/buttonhole_thread_color_collar_band/yz008.jpg","drawing-unverified","DRAWING_UNCONFIRMED",0,1,0,0,0
"shirt|cuffs|buttonhole_thread_color_cuff|yz-053","shirt","YZ053",no,"/images/buttonhole_thread_color_collar_band/yz053.jpg","drawing-unverified","DRAWING_UNCONFIRMED",0,1,0,0,0
"shirt|cuffs|buttonhole_thread_color_cuff|yz-015","shirt","YZ015",no,"/images/buttonhole_thread_color_collar_band/yz015.jpg","drawing-unverified","DRAWING_UNCONFIRMED",0,1,0,0,0
"shirt|cuffs|buttonhole_thread_color_cuff|yz-019","shirt","YZ019",no,"/images/buttonhole_thread_color_collar_band/yz019.jpg","drawing-unverified","DRAWING_UNCONFIRMED",0,1,0,0,0
"shirt|cuffs|buttonhole_thread_color_cuff|yz-045","shirt","YZ045",no,"/images/buttonhole_thread_color_collar_band/yz045.jpg","drawing-unverified","DRAWING_UNCONFIRMED",0,1,0,0,0
"shirt|cuffs|buttonhole_thread_color_cuff|yz-017","shirt","YZ017",no,"/images/buttonhole_thread_color_collar_band/yz017.jpg","drawing-unverified","DRAWING_UNCONFIRMED",0,1,0,0,0
"shirt|cuffs|buttonhole_thread_color_cuff|yz-034","shirt","YZ034",no,"/images/buttonhole_thread_color_collar_band/yz034.jpg","drawing-unverified","DRAWING_UNCONFIRMED",0,1,0,0,0
"shirt|cuffs|buttonhole_thread_color_cuff|yz-050","shirt","YZ050",no,"/images/buttonhole_thread_color_collar_band/yz050.jpg","drawing-unverified","DRAWING_UNCONFIRMED",0,1,0,0,0
"shirt|cuffs|buttonhole_thread_color_cuff|yz-025","shirt","YZ025",no,"/images/buttonhole_thread_color_collar_band/yz025.jpg","drawing-unverified","DRAWING_UNCONFIRMED",0,1,0,0,0
"shirt|cuffs|buttonhole_thread_color_cuff|yz-041","shirt","YZ041",no,"/images/buttonhole_thread_color_collar_band/yz041.jpg","drawing-unverified","DRAWING_UNCONFIRMED",0,1,0,0,0
"shirt|cuffs|buttonhole_thread_color_cuff|yz-016","shirt","YZ016",no,"/images/buttonhole_thread_color_collar_band/yz016.jpg","drawing-unverified","DRAWING_UNCONFIRMED",0,1,0,0,0
"shirt|cuffs|buttonhole_thread_color_cuff|yz-026","shirt","YZ026",no,"/images/buttonhole_thread_color_collar_band/yz026.jpg","drawing-unverified","DRAWING_UNCONFIRMED",0,1,0,0,0
"shirt|cuffs|buttonhole_thread_color_cuff|yz-054","shirt","YZ054",no,"/images/buttonhole_thread_color_collar_band/yz054.jpg","drawing-unverified","DRAWING_UNCONFIRMED",0,1,0,0,0
"shirt|cuffs|buttonhole_thread_color_cuff|yz-037","shirt","YZ037",no,"/images/buttonhole_thread_color_collar_band/yz037.jpg","drawing-unverified","DRAWING_UNCONFIRMED",0,1,0,0,0
"shirt|cuffs|long_sleeve_cuff_width|cw-5","shirt","5.0 cm",yes,"/images/long_sleeve_cuff_width/cuff-width-5cm.jpg","drawing-unverified","DRAWING_UNCONFIRMED",0,1,0,0,0
"shirt|cuffs|long_sleeve_cuff_width|cw-6","shirt","6.0 cm",yes,"/images/long_sleeve_cuff_width/cuff-width-6cm.jpg","drawing-unverified","DRAWING_UNCONFIRMED",0,1,0,0,0
"shirt|cuffs|long_sleeve_cuff_width|cw-65","shirt","6.5 cm",yes,"/images/long_sleeve_cuff_width/cuff-width-65cm.jpg","drawing-unverified","DRAWING_UNCONFIRMED",0,1,0,0,0
"shirt|cuffs|long_sleeve_cuff_width|cw-7","shirt","7.0 cm",yes,"/images/long_sleeve_cuff_width/cuff-width-7cm.jpg","drawing-unverified","DRAWING_UNCONFIRMED",0,1,0,0,0
"shirt|cuffs|long_sleeve_cuff_width|cw-8","shirt","8.0 cm",yes,"/images/long_sleeve_cuff_width/cuff-width-8cm.jpg","drawing-unverified","DRAWING_UNCONFIRMED",0,1,0,0,0
"shirt|cuffs|cuff_lining|cuf-lining-normal","shirt","Normal",yes,"/images/cuff_lining/cuff-lining-normal.jpg","drawing-unverified","DRAWING_UNCONFIRMED|EXTERNAL_WEB_PHOTO",0,1,0,0,2
"shirt|cuffs|cuff_lining|cuf-lining-soft","shirt","Soft",yes,"/images/cuff_lining/cuff-lining-soft.jpg","drawing-unverified","DRAWING_UNCONFIRMED",0,1,0,0,0
"shirt|cuffs|cuff_lining|cuf-lining-hard","shirt","Hard",yes,"/images/cuff_lining/cuff-lining-hard.jpg","verified-match","",0,4,1,0,0
"shirt|cuffs|cuff_lining|cuf-lining-hard-fc390057","shirt","Hard FC390057",yes,"/images/blueprints/baoxiniao/shirt/GTXKC/FC390057.jpg","drawing-unverified","DRAWING_UNCONFIRMED",0,1,0,0,0
"shirt|cuffs|cuff_pleat|cpleat-single","shirt","Single Pleat",yes,"/images/cuff_pleat/single-pleat.jpg","drawing-unverified","DRAWING_UNCONFIRMED",1,4,0,4,0
"shirt|cuffs|cuff_pleat|cpleat-double","shirt","Double Pleat",yes,"/images/cuff_pleat/double-pleat.jpg","verified-match","",0,4,1,0,0
"shirt|cuffs|sleeve_vent_decoration_thread|svt-01-top","shirt","0.1 cm Top Stitching",yes,"/images/sleeve_vent_decoration_thread/01cm-top-stitching.jpg","drawing-unverified","DRAWING_UNCONFIRMED",0,1,0,0,0
"shirt|cuffs|sleeve_vent_decoration_thread_color|yz-match","shirt","Matching to Fabric",no,"/images/decoration_stitching_color_on_collar/matching-to-fabric.jpg","drawing-unverified","DRAWING_UNCONFIRMED",0,1,0,0,0
"shirt|cuffs|sleeve_vent_decoration_thread_color|yz-021","shirt","YZ021",no,"/images/buttonhole_thread_color_collar_band/yz021.jpg","drawing-unverified","DRAWING_UNCONFIRMED",0,1,0,0,0
"shirt|cuffs|sleeve_vent_decoration_thread_color|yz-036","shirt","YZ036",no,"/images/buttonhole_thread_color_collar_band/yz036.jpg","drawing-unverified","DRAWING_UNCONFIRMED",0,1,0,0,0
"shirt|cuffs|sleeve_vent_decoration_thread_color|yz-029","shirt","YZ029",no,"/images/buttonhole_thread_color_collar_band/yz029.jpg","drawing-unverified","DRAWING_UNCONFIRMED",0,1,0,0,0
"shirt|cuffs|sleeve_vent_decoration_thread_color|yz-024","shirt","YZ024",no,"/images/buttonhole_thread_color_collar_band/yz024.jpg","drawing-unverified","DRAWING_UNCONFIRMED",0,1,0,0,0
"shirt|cuffs|sleeve_vent_decoration_thread_color|yz-010","shirt","YZ010",no,"/images/buttonhole_thread_color_collar_band/yz010.jpg","drawing-unverified","DRAWING_UNCONFIRMED",0,1,0,0,0
"shirt|cuffs|sleeve_vent_decoration_thread_color|yz-011","shirt","YZ011",no,"/images/buttonhole_thread_color_collar_band/yz011.jpg","drawing-unverified","DRAWING_UNCONFIRMED",0,1,0,0,0
"shirt|cuffs|sleeve_vent_decoration_thread_color|yz-027","shirt","YZ027",no,"/images/buttonhole_thread_color_collar_band/yz027.jpg","drawing-unverified","DRAWING_UNCONFIRMED",0,1,0,0,0
"shirt|cuffs|sleeve_vent_decoration_thread_color|yz-040","shirt","YZ040",no,"/images/buttonhole_thread_color_collar_band/yz040.jpg","drawing-unverified","DRAWING_UNCONFIRMED",0,1,0,0,0
"shirt|cuffs|sleeve_vent_decoration_thread_color|yz-014","shirt","YZ014",no,"/images/buttonhole_thread_color_collar_band/yz014.jpg","drawing-unverified","DRAWING_UNCONFIRMED",0,1,0,0,0
"shirt|cuffs|sleeve_vent_decoration_thread_color|yz-012","shirt","YZ012",no,"/images/buttonhole_thread_color_collar_band/yz012.jpg","drawing-unverified","DRAWING_UNCONFIRMED",0,1,0,0,0
"shirt|cuffs|sleeve_vent_decoration_thread_color|yz-031","shirt","YZ031",no,"/images/buttonhole_thread_color_collar_band/yz031.jpg","drawing-unverified","DRAWING_UNCONFIRMED",0,1,0,0,0
"shirt|cuffs|sleeve_vent_decoration_thread_color|yz-032","shirt","YZ032",no,"/images/buttonhole_thread_color_collar_band/yz032.jpg","drawing-unverified","DRAWING_UNCONFIRMED",0,1,0,0,0
"shirt|cuffs|sleeve_vent_decoration_thread_color|yz-035","shirt","YZ035",no,"/images/buttonhole_thread_color_collar_band/yz035.jpg","drawing-unverified","DRAWING_UNCONFIRMED",0,1,0,0,0
"shirt|cuffs|sleeve_vent_decoration_thread_color|yz-049","shirt","YZ049",no,"/images/buttonhole_thread_color_collar_band/yz049.jpg","drawing-unverified","DRAWING_UNCONFIRMED",0,1,0,0,0
"shirt|cuffs|sleeve_vent_decoration_thread_color|yz-042","shirt","YZ042",no,"/images/buttonhole_thread_color_collar_band/yz042.jpg","drawing-unverified","DRAWING_UNCONFIRMED",0,1,0,0,0
"shirt|cuffs|sleeve_vent_decoration_thread_color|yz-018","shirt","YZ018",no,"/images/buttonhole_thread_color_collar_band/yz018.jpg","drawing-unverified","DRAWING_UNCONFIRMED",0,1,0,0,0
"shirt|cuffs|sleeve_vent_decoration_thread_color|yz-030","shirt","YZ030",no,"/images/buttonhole_thread_color_collar_band/yz030.jpg","drawing-unverified","DRAWING_UNCONFIRMED",0,1,0,0,0
"shirt|cuffs|sleeve_vent_decoration_thread_color|yz-022","shirt","YZ022",no,"/images/buttonhole_thread_color_collar_band/yz022.jpg","drawing-unverified","DRAWING_UNCONFIRMED",0,1,0,0,0
"shirt|cuffs|sleeve_vent_decoration_thread_color|yz-028","shirt","YZ028",no,"/images/buttonhole_thread_color_collar_band/yz028.jpg","drawing-unverified","DRAWING_UNCONFIRMED",0,1,0,0,0
"shirt|cuffs|sleeve_vent_decoration_thread_color|yz-008","shirt","YZ008",no,"/images/buttonhole_thread_color_collar_band/yz008.jpg","drawing-unverified","DRAWING_UNCONFIRMED",0,1,0,0,0
"shirt|cuffs|sleeve_vent_decoration_thread_color|yz-053","shirt","YZ053",no,"/images/buttonhole_thread_color_collar_band/yz053.jpg","drawing-unverified","DRAWING_UNCONFIRMED",0,1,0,0,0
"shirt|cuffs|sleeve_vent_decoration_thread_color|yz-015","shirt","YZ015",no,"/images/buttonhole_thread_color_collar_band/yz015.jpg","drawing-unverified","DRAWING_UNCONFIRMED",0,1,0,0,0
"shirt|cuffs|sleeve_vent_decoration_thread_color|yz-019","shirt","YZ019",no,"/images/buttonhole_thread_color_collar_band/yz019.jpg","drawing-unverified","DRAWING_UNCONFIRMED",0,1,0,0,0
"shirt|cuffs|sleeve_vent_decoration_thread_color|yz-045","shirt","YZ045",no,"/images/buttonhole_thread_color_collar_band/yz045.jpg","drawing-unverified","DRAWING_UNCONFIRMED",0,1,0,0,0
"shirt|cuffs|sleeve_vent_decoration_thread_color|yz-017","shirt","YZ017",no,"/images/buttonhole_thread_color_collar_band/yz017.jpg","drawing-unverified","DRAWING_UNCONFIRMED",0,1,0,0,0
"shirt|cuffs|sleeve_vent_decoration_thread_color|yz-034","shirt","YZ034",no,"/images/buttonhole_thread_color_collar_band/yz034.jpg","drawing-unverified","DRAWING_UNCONFIRMED",0,1,0,0,0
"shirt|cuffs|sleeve_vent_decoration_thread_color|yz-050","shirt","YZ050",no,"/images/buttonhole_thread_color_collar_band/yz050.jpg","drawing-unverified","DRAWING_UNCONFIRMED",0,1,0,0,0
"shirt|cuffs|sleeve_vent_decoration_thread_color|yz-025","shirt","YZ025",no,"/images/buttonhole_thread_color_collar_band/yz025.jpg","drawing-unverified","DRAWING_UNCONFIRMED",0,1,0,0,0
"shirt|cuffs|sleeve_vent_decoration_thread_color|yz-041","shirt","YZ041",no,"/images/buttonhole_thread_color_collar_band/yz041.jpg","drawing-unverified","DRAWING_UNCONFIRMED",0,1,0,0,0
"shirt|cuffs|sleeve_vent_decoration_thread_color|yz-016","shirt","YZ016",no,"/images/buttonhole_thread_color_collar_band/yz016.jpg","drawing-unverified","DRAWING_UNCONFIRMED",0,1,0,0,0
"shirt|cuffs|sleeve_vent_decoration_thread_color|yz-026","shirt","YZ026",no,"/images/buttonhole_thread_color_collar_band/yz026.jpg","drawing-unverified","DRAWING_UNCONFIRMED",0,1,0,0,0
"shirt|cuffs|sleeve_vent_decoration_thread_color|yz-054","shirt","YZ054",no,"/images/buttonhole_thread_color_collar_band/yz054.jpg","drawing-unverified","DRAWING_UNCONFIRMED",0,1,0,0,0
"shirt|cuffs|sleeve_vent_decoration_thread_color|yz-037","shirt","YZ037",no,"/images/buttonhole_thread_color_collar_band/yz037.jpg","drawing-unverified","DRAWING_UNCONFIRMED",0,1,0,0,0
"shirt|cuffs|decoration_stitching_on_cuff|stitch-none","shirt","None",yes,"/images/decoration_stitching_on_collar/none.jpg","drawing-unverified","DRAWING_UNCONFIRMED",0,3,0,0,0
"shirt|cuffs|decoration_stitching_on_cuff|stitch-01-top","shirt","Machine 0.1 cm Top Stitching",yes,"/images/decoration_stitching_on_cuff/machine-01cm-top-stitching.jpg","drawing-unverified","DRAWING_UNCONFIRMED",0,7,0,0,0
"shirt|cuffs|decoration_stitching_on_cuff|stitch-03-top","shirt","Machine 0.3 cm Top Stitching",yes,"/images/decoration_stitching_on_cuff/machine-03cm-top-stitching.jpg","drawing-unverified","DRAWING_UNCONFIRMED",0,3,0,0,0
"shirt|cuffs|decoration_stitching_on_cuff|stitch-05-top","shirt","Machine 0.5 cm Top Stitching",yes,"/images/decoration_stitching_on_cuff/machine-05cm-top-stitching.jpg","drawing-unverified","DRAWING_UNCONFIRMED",0,3,0,0,0
"shirt|cuffs|decoration_stitching_on_cuff|stitch-06-top","shirt","Machine 0.6 cm Top Stitching",yes,"/images/decoration_stitching_on_cuff/machine-06cm-top-stitching.jpg","drawing-unverified","DRAWING_UNCONFIRMED",0,3,0,0,0
"shirt|cuffs|decoration_stitching_on_cuff|stitch-01-amf","shirt","Machine 0.1 cm AMF Stitching",yes,"/images/decoration_stitching_on_cuff/machine-01cm-amf-stitching.jpg","drawing-unverified","DRAWING_UNCONFIRMED",0,3,0,0,0
"shirt|cuffs|decoration_stitching_on_cuff|stitch-03-amf","shirt","Machine 0.3 cm AMF Stitching",yes,"/images/decoration_stitching_on_cuff/machine-03cm-amf-stitching.jpg","drawing-unverified","DRAWING_UNCONFIRMED",0,3,0,0,0
"shirt|cuffs|decoration_stitching_on_cuff|stitch-05-amf","shirt","Machine 0.5 cm AMF Stitching",yes,"/images/decoration_stitching_on_cuff/machine-05cm-amf-stitching.jpg","drawing-unverified","DRAWING_UNCONFIRMED",0,3,0,0,0
"shirt|cuffs|decoration_stitching_color_cuff|yz-match","shirt","Matching to Fabric",no,"/images/decoration_stitching_color_on_collar/matching-to-fabric.jpg","drawing-unverified","DRAWING_UNCONFIRMED",0,1,0,0,0
"shirt|cuffs|decoration_stitching_color_cuff|yz-021","shirt","YZ021",no,"/images/buttonhole_thread_color_collar_band/yz021.jpg","drawing-unverified","DRAWING_UNCONFIRMED",0,1,0,0,0
"shirt|cuffs|decoration_stitching_color_cuff|yz-036","shirt","YZ036",no,"/images/buttonhole_thread_color_collar_band/yz036.jpg","drawing-unverified","DRAWING_UNCONFIRMED",0,1,0,0,0
"shirt|cuffs|decoration_stitching_color_cuff|yz-029","shirt","YZ029",no,"/images/buttonhole_thread_color_collar_band/yz029.jpg","drawing-unverified","DRAWING_UNCONFIRMED",0,1,0,0,0
"shirt|cuffs|decoration_stitching_color_cuff|yz-024","shirt","YZ024",no,"/images/buttonhole_thread_color_collar_band/yz024.jpg","drawing-unverified","DRAWING_UNCONFIRMED",0,1,0,0,0
"shirt|cuffs|decoration_stitching_color_cuff|yz-010","shirt","YZ010",no,"/images/buttonhole_thread_color_collar_band/yz010.jpg","drawing-unverified","DRAWING_UNCONFIRMED",0,1,0,0,0
"shirt|cuffs|decoration_stitching_color_cuff|yz-011","shirt","YZ011",no,"/images/buttonhole_thread_color_collar_band/yz011.jpg","drawing-unverified","DRAWING_UNCONFIRMED",0,1,0,0,0
"shirt|cuffs|decoration_stitching_color_cuff|yz-027","shirt","YZ027",no,"/images/buttonhole_thread_color_collar_band/yz027.jpg","drawing-unverified","DRAWING_UNCONFIRMED",0,1,0,0,0
"shirt|cuffs|decoration_stitching_color_cuff|yz-040","shirt","YZ040",no,"/images/buttonhole_thread_color_collar_band/yz040.jpg","drawing-unverified","DRAWING_UNCONFIRMED",0,1,0,0,0
"shirt|cuffs|decoration_stitching_color_cuff|yz-014","shirt","YZ014",no,"/images/buttonhole_thread_color_collar_band/yz014.jpg","drawing-unverified","DRAWING_UNCONFIRMED",0,1,0,0,0
"shirt|cuffs|decoration_stitching_color_cuff|yz-012","shirt","YZ012",no,"/images/buttonhole_thread_color_collar_band/yz012.jpg","drawing-unverified","DRAWING_UNCONFIRMED",0,1,0,0,0
"shirt|cuffs|decoration_stitching_color_cuff|yz-031","shirt","YZ031",no,"/images/buttonhole_thread_color_collar_band/yz031.jpg","drawing-unverified","DRAWING_UNCONFIRMED",0,1,0,0,0
"shirt|cuffs|decoration_stitching_color_cuff|yz-032","shirt","YZ032",no,"/images/buttonhole_thread_color_collar_band/yz032.jpg","drawing-unverified","DRAWING_UNCONFIRMED",0,1,0,0,0
"shirt|cuffs|decoration_stitching_color_cuff|yz-035","shirt","YZ035",no,"/images/buttonhole_thread_color_collar_band/yz035.jpg","drawing-unverified","DRAWING_UNCONFIRMED",0,1,0,0,0
"shirt|cuffs|decoration_stitching_color_cuff|yz-049","shirt","YZ049",no,"/images/buttonhole_thread_color_collar_band/yz049.jpg","drawing-unverified","DRAWING_UNCONFIRMED",0,1,0,0,0
"shirt|cuffs|decoration_stitching_color_cuff|yz-042","shirt","YZ042",no,"/images/buttonhole_thread_color_collar_band/yz042.jpg","drawing-unverified","DRAWING_UNCONFIRMED",0,1,0,0,0
"shirt|cuffs|decoration_stitching_color_cuff|yz-018","shirt","YZ018",no,"/images/buttonhole_thread_color_collar_band/yz018.jpg","drawing-unverified","DRAWING_UNCONFIRMED",0,1,0,0,0
"shirt|cuffs|decoration_stitching_color_cuff|yz-030","shirt","YZ030",no,"/images/buttonhole_thread_color_collar_band/yz030.jpg","drawing-unverified","DRAWING_UNCONFIRMED",0,1,0,0,0
"shirt|cuffs|decoration_stitching_color_cuff|yz-022","shirt","YZ022",no,"/images/buttonhole_thread_color_collar_band/yz022.jpg","drawing-unverified","DRAWING_UNCONFIRMED",0,1,0,0,0
"shirt|cuffs|decoration_stitching_color_cuff|yz-028","shirt","YZ028",no,"/images/buttonhole_thread_color_collar_band/yz028.jpg","drawing-unverified","DRAWING_UNCONFIRMED",0,1,0,0,0
"shirt|cuffs|decoration_stitching_color_cuff|yz-008","shirt","YZ008",no,"/images/buttonhole_thread_color_collar_band/yz008.jpg","drawing-unverified","DRAWING_UNCONFIRMED",0,1,0,0,0
"shirt|cuffs|decoration_stitching_color_cuff|yz-053","shirt","YZ053",no,"/images/buttonhole_thread_color_collar_band/yz053.jpg","drawing-unverified","DRAWING_UNCONFIRMED",0,1,0,0,0
"shirt|cuffs|decoration_stitching_color_cuff|yz-015","shirt","YZ015",no,"/images/buttonhole_thread_color_collar_band/yz015.jpg","drawing-unverified","DRAWING_UNCONFIRMED",0,1,0,0,0
"shirt|cuffs|decoration_stitching_color_cuff|yz-019","shirt","YZ019",no,"/images/buttonhole_thread_color_collar_band/yz019.jpg","drawing-unverified","DRAWING_UNCONFIRMED",0,1,0,0,0
"shirt|cuffs|decoration_stitching_color_cuff|yz-045","shirt","YZ045",no,"/images/buttonhole_thread_color_collar_band/yz045.jpg","drawing-unverified","DRAWING_UNCONFIRMED",0,1,0,0,0
"shirt|cuffs|decoration_stitching_color_cuff|yz-017","shirt","YZ017",no,"/images/buttonhole_thread_color_collar_band/yz017.jpg","drawing-unverified","DRAWING_UNCONFIRMED",0,1,0,0,0
"shirt|cuffs|decoration_stitching_color_cuff|yz-034","shirt","YZ034",no,"/images/buttonhole_thread_color_collar_band/yz034.jpg","drawing-unverified","DRAWING_UNCONFIRMED",0,1,0,0,0
"shirt|cuffs|decoration_stitching_color_cuff|yz-050","shirt","YZ050",no,"/images/buttonhole_thread_color_collar_band/yz050.jpg","drawing-unverified","DRAWING_UNCONFIRMED",0,1,0,0,0
"shirt|cuffs|decoration_stitching_color_cuff|yz-025","shirt","YZ025",no,"/images/buttonhole_thread_color_collar_band/yz025.jpg","drawing-unverified","DRAWING_UNCONFIRMED",0,1,0,0,0
"shirt|cuffs|decoration_stitching_color_cuff|yz-041","shirt","YZ041",no,"/images/buttonhole_thread_color_collar_band/yz041.jpg","drawing-unverified","DRAWING_UNCONFIRMED",0,1,0,0,0
"shirt|cuffs|decoration_stitching_color_cuff|yz-016","shirt","YZ016",no,"/images/buttonhole_thread_color_collar_band/yz016.jpg","drawing-unverified","DRAWING_UNCONFIRMED",0,1,0,0,0
"shirt|cuffs|decoration_stitching_color_cuff|yz-026","shirt","YZ026",no,"/images/buttonhole_thread_color_collar_band/yz026.jpg","drawing-unverified","DRAWING_UNCONFIRMED",0,1,0,0,0
"shirt|cuffs|decoration_stitching_color_cuff|yz-054","shirt","YZ054",no,"/images/buttonhole_thread_color_collar_band/yz054.jpg","drawing-unverified","DRAWING_UNCONFIRMED",0,1,0,0,0
"shirt|cuffs|decoration_stitching_color_cuff|yz-037","shirt","YZ037",no,"/images/buttonhole_thread_color_collar_band/yz037.jpg","drawing-unverified","DRAWING_UNCONFIRMED",0,1,0,0,0
"shirt|cuffs|sleeve_tab|sleeve-tab-none","shirt","None",yes,"/images/sleeve_tab/none.jpg","drawing-unverified","DRAWING_UNCONFIRMED",0,1,0,0,0
"shirt|cuffs|sleeve_tab|sleeve-tab-inner","shirt","Inner Sleeve Tab",yes,"/images/sleeve_tab/inner-sleeve-tab.jpg","verified-match","",0,4,1,0,0
"shirt|cuffs|cuff_splicing|csplice-none","shirt","None",yes,"/images/cuff_splicing/none.jpg","drawing-unverified","DRAWING_UNCONFIRMED",0,1,0,0,0
"shirt|cuffs|cuff_splicing|csplice-upper-cuff","shirt","Upper Sleeve Cuff",yes,"/images/cuff_splicing/upper-sleeve-cuff.jpg","drawing-unverified","DRAWING_UNCONFIRMED",0,5,1,0,0
"shirt|cuffs|cuff_splicing|csplice-lower-cuff","shirt","Lower Sleeve Cuff",yes,"/images/cuff_splicing/lower-sleeve-cuff.jpg","drawing-unverified","DRAWING_UNCONFIRMED",0,6,1,0,0
"shirt|cuffs|cuff_splicing|csplice-cuff-edge","shirt","Cuff Edge",yes,"/images/cuff_splicing/cuff-edge.jpg","drawing-unverified","DRAWING_UNCONFIRMED",0,5,1,0,0
"shirt|cuffs|cuff_splicing|csplice-strip-mid","shirt","Strip in Middle Cuff",yes,"/images/cuff_splicing/strip-in-middle-cuff.jpg","drawing-unverified","DRAWING_UNCONFIRMED",0,6,1,0,0
"shirt|cuffs|cuff_stitching_material|cf-EMC70847","shirt","EMC70847",yes,"/images/cut_out_fabric/emc70847.jpg","drawing-unverified","DRAWING_UNCONFIRMED",0,1,0,0,0
"shirt|cuffs|cuff_stitching_material|cf-EMC80132","shirt","EMC80132",yes,"/images/cut_out_fabric/emc80132.jpg","drawing-unverified","DRAWING_UNCONFIRMED",0,1,0,0,0
"shirt|cuffs|cuff_stitching_material|cf-RMC39040","shirt","RMC39040",yes,"/images/cut_out_fabric/rmc39040.jpg","drawing-unverified","DRAWING_UNCONFIRMED",0,1,0,0,0
"shirt|cuffs|cuff_stitching_material|cf-RMC39091","shirt","RMC39091",yes,"/images/cut_out_fabric/rmc39091.jpg","drawing-unverified","DRAWING_UNCONFIRMED",0,1,0,0,0
"shirt|cuffs|cuff_stitching_material|cf-RMC4E094","shirt","RMC4E094",yes,"/images/cut_out_fabric/rmc4e094.jpg","drawing-unverified","DRAWING_UNCONFIRMED",0,1,0,0,0
"shirt|cuffs|cuff_stitching_material|cf-RMC4E095","shirt","RMC4E095",yes,"/images/cut_out_fabric/rmc4e095.jpg","drawing-unverified","DRAWING_UNCONFIRMED",0,1,0,0,0
"shirt|cuffs|cuff_stitching_material|cf-RMC4E189","shirt","RMC4E189",yes,"/images/cut_out_fabric/rmc4e189.jpg","drawing-unverified","DRAWING_UNCONFIRMED",0,1,0,0,0
"shirt|cuffs|cuff_stitching_material|cf-RMC4E190","shirt","RMC4E190",yes,"/images/cut_out_fabric/rmc4e190.jpg","drawing-unverified","DRAWING_UNCONFIRMED",0,1,0,0,0
"shirt|cuffs|cuff_stitching_material|cf-RMC90001","shirt","RMC90001",yes,"/images/cut_out_fabric/rmc90001.jpg","drawing-unverified","DRAWING_UNCONFIRMED",0,1,0,0,0
"shirt|cuffs|cuff_stitching_material|cf-RMC90053","shirt","RMC90053",yes,"/images/cut_out_fabric/rmc90053.jpg","drawing-unverified","DRAWING_UNCONFIRMED",0,1,0,0,0
"shirt|cuffs|cuff_stitching_material|cf-RMC22G233","shirt","RMC22G233",yes,"/images/cut_out_fabric/rmc22g233.jpg","drawing-unverified","DRAWING_UNCONFIRMED",0,1,0,0,0
"shirt|back-structure|back|back-double-darts","shirt","Double Darts",yes,"/images/back/double-darts.jpg","drawing-unverified","DRAWING_UNCONFIRMED",0,3,0,0,0
"shirt|back-structure|back|back-center-pleats","shirt","Center Pleats",yes,"/images/back/center-pleats.jpg","drawing-unverified","DRAWING_UNCONFIRMED|EXTERNAL_WEB_PHOTO",0,3,0,0,10
"shirt|back-structure|back|back-side-pleat","shirt","Side Pleat",yes,"/images/back/side-pleat.jpg","drawing-unverified","DRAWING_UNCONFIRMED|EXTERNAL_WEB_PHOTO",1,4,0,1,2
"shirt|back-structure|back|back-box-dbl-darts","shirt","Box Pleat to Bottom with Double Darts",yes,"/images/techpacks/shirt/back/box-pleat-to-bottom.jpg","verified-match","",1,5,0,0,0
"shirt|back-structure|back|back-inverted-center-pleats","shirt","Inverted Center Pleats",yes,"/images/back/inverted-center-pleats.jpg","verified-match","",1,4,0,0,0
"shirt|back-structure|back|back-napoli-dbl-darts","shirt","Napoli Yoke with Double Darts",yes,"/images/back/napoli-yoke-with-double-darts.jpg","verified-match","",1,5,0,0,0
"shirt|back-structure|back|back-box-pleat","shirt","Box Pleat to Bottom",yes,"/images/techpacks/shirt/back/box-pleat-to-bottom-with-double-darts.jpg","drawing-unverified","DRAWING_UNCONFIRMED|EXTERNAL_WEB_PHOTO",0,3,0,0,10
"shirt|back-structure|back|back-side-pleats-dbl-darts","shirt","Side Pleats with Double Darts",yes,"/images/back/side-pleats-with-double-darts.jpg","verified-match","",1,5,0,0,0
"shirt|back-structure|back|back-napoli-no-dart","shirt","Napoli without Dart",yes,"/images/back/napoli-without-dart.jpg","verified-match","",1,5,0,1,0
"shirt|back-structure|yoke|yoke-normal","shirt","Normal Yoke",yes,"/images/yoke/normal-yoke.jpg","drawing-unverified","DRAWING_UNCONFIRMED|EXTERNAL_WEB_PHOTO",0,1,0,0,4
"shirt|back-structure|yoke|yoke-half","shirt","Half Yoke",yes,"/images/yoke/half-yoke.jpg","drawing-unverified","DRAWING_UNCONFIRMED|EXTERNAL_WEB_PHOTO",1,2,0,0,2
"shirt|back-structure|bias_cutting|bias-none","shirt","None (Standard Grain)",yes,"/images/bias_cutting/none.jpg","drawing-unverified","DRAWING_UNCONFIRMED",0,3,0,0,0
"shirt|back-structure|bias_cutting|bias-outer-top-collar","shirt","Outer Top Collar",yes,"/images/bias_cutting/outer-top-collar.jpg","drawing-unverified","DRAWING_UNCONFIRMED",1,6,0,0,0
"shirt|back-structure|bias_cutting|bias-inner-collar-stand","shirt","Inner Collar Stand",yes,"/images/bias_cutting/inner-collar-stand.jpg","drawing-unverified","DRAWING_UNCONFIRMED",0,4,0,0,0
"shirt|back-structure|bias_cutting|bias-outer-collar-stand","shirt","Outer Collar Stand",yes,"/images/bias_cutting/outer-collar-stand.jpg","verified-match","HAS_OWNER_REFS",0,5,1,4,0
"shirt|back-structure|bias_cutting|bias-inner-top-collar","shirt","Inner Top Collar",yes,"/images/bias_cutting/inner-top-collar.jpg","drawing-unverified","DRAWING_UNCONFIRMED",1,5,0,0,0
"shirt|back-structure|bias_cutting|bias-outer-cuff","shirt","Outer Cuff",yes,"/images/bias_cutting/outer-cuff.jpg","drawing-unverified","DRAWING_UNCONFIRMED",1,5,0,0,0
"shirt|back-structure|bias_cutting|bias-inner-cuff","shirt","Inner Cuff",yes,"/images/bias_cutting/inner-cuff.jpg","drawing-unverified","DRAWING_UNCONFIRMED",0,7,1,0,0
"shirt|back-structure|bias_cutting|bias-pocket-cuff","shirt","Pocket Cuff",yes,"/images/bias_cutting/pocket-cuff.jpg","drawing-unverified","DRAWING_UNCONFIRMED",0,1,0,0,0
"shirt|details-contrast|contrast_color_position|contrast-none","shirt","No Contrast",yes,"","missing","NO_DRAWING|NO_USABLE_PHOTO",0,0,0,0,0
"shirt|details-contrast|contrast_color_position|contrast-inner-right-placket","shirt","Inner Right Placket",yes,"/images/contrast_color_position/inner-right-placket.jpg","drawing-unverified","DRAWING_UNCONFIRMED",1,3,0,0,0
"shirt|details-contrast|contrast_color_position|contrast-lower-wrap-collar","shirt","Lower Wrap Collar",yes,"/images/contrast_color_position/lower-wrap-collar.jpg","drawing-unverified","DRAWING_UNCONFIRMED",1,4,0,0,0
"shirt|details-contrast|contrast_color_position|contrast-pocket-flap","shirt","Pocket Flap",yes,"/images/contrast_color_position/pocket-flap.jpg","drawing-unverified","DRAWING_UNCONFIRMED",0,4,1,0,0
"shirt|details-contrast|contrast_color_position|contrast-sleeve-vent","shirt","Sleeve Vent",yes,"/images/contrast_color_position/sleeve-vent.jpg","verified-match","",0,4,1,0,0
"shirt|details-contrast|contrast_color_position|contrast-cuff-tab","shirt","Cuff Tab",yes,"/images/contrast_color_position/cuff-tab.jpg","verified-match","",0,5,1,0,0
"shirt|details-contrast|contrast_color_position|contrast-shoulder-epaulet","shirt","Shoulder Epaulet",yes,"/images/contrast_color_position/shoulder-epaulet.jpg","verified-match","",1,5,0,0,0
"shirt|details-contrast|contrast_color_position|contrast-upper-wrap-collar","shirt","Upper Wrap Collar",yes,"/images/contrast_color_position/upper-wrap-collar.jpg","drawing-unverified","DRAWING_UNCONFIRMED",0,4,1,0,0
"shirt|details-contrast|contrast_color_position|contrast-inner-yoke","shirt","Inner Yoke",yes,"/images/contrast_color_position/inner-yoke.jpg","drawing-unverified","DRAWING_UNCONFIRMED|HAS_OWNER_REFS",0,5,1,1,0
"shirt|details-contrast|contrast_color_position|contrast-left-pocket","shirt","Left Pocket",yes,"/images/contrast_color_position/left-pocket.jpg","drawing-unverified","DRAWING_UNCONFIRMED",0,4,1,0,0
"shirt|details-contrast|contrast_color_position|contrast-right-pocket","shirt","Right Pocket",yes,"/images/contrast_color_position/right-pocket.jpg","drawing-unverified","DRAWING_UNCONFIRMED",0,4,1,0,0
"shirt|details-contrast|contrast_fabric|ctf-EMC70847","shirt","EMC70847",yes,"/images/contrast_fabric/emc70847.jpg","drawing-unverified","DRAWING_UNCONFIRMED",0,1,0,0,0
"shirt|details-contrast|contrast_fabric|ctf-EMC80132","shirt","EMC80132",yes,"/images/contrast_fabric/emc80132.jpg","drawing-unverified","DRAWING_UNCONFIRMED",0,1,0,0,0
"shirt|details-contrast|contrast_fabric|ctf-RMC39040","shirt","RMC39040",yes,"/images/contrast_fabric/rmc39040.jpg","drawing-unverified","DRAWING_UNCONFIRMED",0,1,0,0,0
"shirt|details-contrast|contrast_fabric|ctf-RMC39053","shirt","RMC39053",yes,"/images/contrast_fabric/rmc39053.jpg","drawing-unverified","DRAWING_UNCONFIRMED",0,1,0,0,0
"shirt|details-contrast|contrast_fabric|ctf-RMC39091","shirt","RMC39091",yes,"/images/techpacks/shirt/cut_out_fabric/rmc39091.jpg","drawing-unverified","DRAWING_UNCONFIRMED",0,1,0,0,0
"shirt|details-contrast|contrast_fabric|ctf-RMC4E094","shirt","RMC4E094",yes,"/images/contrast_fabric/rmc4e094.jpg","drawing-unverified","DRAWING_UNCONFIRMED",0,1,0,0,0
"shirt|details-contrast|contrast_fabric|ctf-RMC4E095","shirt","RMC4E095",yes,"/images/contrast_fabric/rmc4e095.jpg","drawing-unverified","DRAWING_UNCONFIRMED",0,1,0,0,0
"shirt|details-contrast|contrast_fabric|ctf-RMC4E189","shirt","RMC4E189",yes,"/images/contrast_fabric/rmc4e189.jpg","drawing-unverified","DRAWING_UNCONFIRMED",0,1,0,0,0
"shirt|details-contrast|contrast_fabric|ctf-RMC4E190","shirt","RMC4E190",yes,"/images/contrast_fabric/rmc4e190.jpg","drawing-unverified","DRAWING_UNCONFIRMED",0,1,0,0,0
"shirt|details-contrast|contrast_fabric|ctf-RMC4E249","shirt","RMC4E249",yes,"/images/contrast_fabric/rmc4e249.jpg","drawing-unverified","DRAWING_UNCONFIRMED",0,1,0,0,0
"shirt|details-contrast|contrast_fabric|ctf-RMC90001","shirt","RMC90001",yes,"/images/contrast_fabric/rmc90001.jpg","drawing-unverified","DRAWING_UNCONFIRMED",0,1,0,0,0
"shirt|details-contrast|contrast_fabric|ctf-RMC90053","shirt","RMC90053",yes,"/images/contrast_fabric/rmc90053.jpg","drawing-unverified","DRAWING_UNCONFIRMED",0,1,0,0,0
"shirt|details-contrast|contrast_fabric|ctf-RMC20E580","shirt","RMC20E580",yes,"/images/contrast_fabric/rmc20e580.jpg","drawing-unverified","DRAWING_UNCONFIRMED",0,1,0,0,0
"shirt|details-contrast|contrast_fabric|ctf-RMC20E581","shirt","RMC20E581",yes,"/images/contrast_fabric/rmc20e581.jpg","drawing-unverified","DRAWING_UNCONFIRMED",0,1,0,0,0
"shirt|details-contrast|contrast_fabric|ctf-RMC20E583","shirt","RMC20E583",yes,"/images/contrast_fabric/rmc20e583.jpg","drawing-unverified","DRAWING_UNCONFIRMED",0,1,0,0,0
"shirt|details-contrast|contrast_fabric|ctf-RMC20E588","shirt","RMC20E588",yes,"/images/contrast_fabric/rmc20e588.jpg","drawing-unverified","DRAWING_UNCONFIRMED",0,1,0,0,0
"shirt|details-contrast|contrast_fabric|ctf-RMC20E834","shirt","RMC20E834",yes,"/images/contrast_fabric/rmc20e834.jpg","drawing-unverified","DRAWING_UNCONFIRMED",0,1,0,0,0
"shirt|details-contrast|contrast_fabric|ctf-RMC20E841","shirt","RMC20E841",yes,"/images/contrast_fabric/rmc20e841.jpg","drawing-unverified","DRAWING_UNCONFIRMED",0,1,0,0,0
"shirt|details-contrast|contrast_fabric|ctf-RMC20E842","shirt","RMC20E842",yes,"/images/contrast_fabric/rmc20e842.jpg","drawing-unverified","DRAWING_UNCONFIRMED",0,1,0,0,0
"shirt|details-contrast|contrast_fabric|ctf-RMC20E843","shirt","RMC20E843",yes,"/images/contrast_fabric/rmc20e843.jpg","drawing-unverified","DRAWING_UNCONFIRMED",0,1,0,0,0
"shirt|details-contrast|contrast_fabric|ctf-RMC21E182","shirt","RMC21E182",yes,"/images/contrast_fabric/rmc21e182.jpg","drawing-unverified","DRAWING_UNCONFIRMED",0,1,0,0,0
"shirt|details-contrast|contrast_fabric|ctf-RMC21H189","shirt","RMC21H189",yes,"/images/contrast_fabric/rmc21h189.jpg","drawing-unverified","DRAWING_UNCONFIRMED",0,1,0,0,0
"shirt|details-contrast|contrast_fabric|ctf-RMC22G183","shirt","RMC22G183",yes,"/images/contrast_fabric/rmc22g183.jpg","drawing-unverified","DRAWING_UNCONFIRMED",0,1,0,0,0
"shirt|details-contrast|contrast_fabric|ctf-RMC22G233","shirt","RMC22G233",yes,"/images/contrast_fabric/rmc22g233.jpg","drawing-unverified","DRAWING_UNCONFIRMED",0,1,0,0,0
"shirt|details-contrast|contrast_fabric|ctf-RMC22G280","shirt","RMC22G280",yes,"/images/contrast_fabric/rmc22g280.jpg","drawing-unverified","DRAWING_UNCONFIRMED",0,1,0,0,0
"shirt|details-contrast|contrast_fabric|ctf-RMC24E236","shirt","RMC24E236",yes,"/images/contrast_fabric/rmc24e236.jpg","drawing-unverified","DRAWING_UNCONFIRMED",0,1,0,0,0
"shirt|details-contrast|contrast_fabric|ctf-RMC24E374","shirt","RMC24E374",yes,"/images/contrast_fabric/rmc24e374.jpg","drawing-unverified","DRAWING_UNCONFIRMED",0,1,0,0,0
"shirt|details-contrast|contrast_fabric|ctf-RMC24E375","shirt","RMC24E375",yes,"/images/contrast_fabric/rmc24e375.jpg","drawing-unverified","DRAWING_UNCONFIRMED",0,1,0,0,0
"shirt|details-contrast|contrast_fabric|ctf-RMC25E328","shirt","RMC25E328",yes,"/images/contrast_fabric/rmc25e328.jpg","drawing-unverified","DRAWING_UNCONFIRMED",0,1,0,0,0
"shirt|details-contrast|epaulet|epaulet-none","shirt","None",yes,"/images/epaulet/none.jpg","drawing-unverified","DRAWING_UNCONFIRMED",1,4,0,0,0
"shirt|details-contrast|epaulet|epaulet-pointed","shirt","Pointed Shoulder Epaulet",yes,"/images/epaulet/pointed-shoulder-epaulet.jpg","verified-match","",0,4,1,0,0
"shirt|labels|fabric_label_position|flp-1","shirt","Position 1",no,"/images/fabric_label_position/picture-1110.jpg","drawing-unverified","DRAWING_UNCONFIRMED",0,1,0,0,0
"shirt|labels|fabric_label_position|flp-2","shirt","Position 2",no,"","missing","NO_DRAWING",0,1,0,0,0
"shirt|labels|brand_label_position|blp-1","shirt","Position 1",yes,"/images/brand_label_position/picture-1112.jpg","drawing-unverified","DRAWING_UNCONFIRMED",0,1,0,0,0
"shirt|labels|brand_label_position|blp-2","shirt","Position 2",yes,"/images/brand_label_position/picture-1113.jpg","verified-match","",1,4,0,0,0
"shirt|labels|brand_label_position|blp-3","shirt","Position 3",yes,"/images/brand_label_position/picture-1114.jpg","verified-match","",0,4,1,0,0
"shirt|labels|brand_label_position|blp-4","shirt","Position 4",yes,"/images/brand_label_position/picture-1115.jpg","verified-match","",0,4,1,0,0
"shirt|labels|brand_label_position|blp-5","shirt","Position 5",yes,"/images/brand_label_position/picture-1116.jpg","drawing-unverified","DRAWING_UNCONFIRMED",0,1,0,0,0
"sport-coat|shoulder-structure|sleeve-head|sleeve-natural","sport-coat","Natural",yes,"/images/supplier-bb/SHSMD/A.jpg","drawing-unverified","DRAWING_UNCONFIRMED",1,9,0,0,0
"sport-coat|shoulder-structure|sleeve-head|sleeve-regular","sport-coat","Regular",yes,"/images/supplier-bb/SHSMD/B.jpg","drawing-unverified","DRAWING_UNCONFIRMED",1,11,0,0,0
"sport-coat|shoulder-structure|sleeve-head|sleeve-con-rollino","sport-coat","Con Rollino",yes,"/images/blueprints/baoxiniao/jacket/SHSMD/C.jpg","drawing-unverified","DRAWING_UNCONFIRMED|NO_USABLE_PHOTO",0,0,0,0,0
"sport-coat|shoulder-structure|sleeve-head|sleeve-neapolitan","sport-coat","Neapolitan (Spalla Camicia)",yes,"/images/jacket/shoulder-head/neapolitan.jpg","verified-match","",1,2,0,1,0
"sport-coat|shoulder-structure|sleeve-head|sleeve-shirt-head","sport-coat","Shirt Head",yes,"/images/supplier-bb/SHSMD/E.jpg","drawing-unverified","DRAWING_UNCONFIRMED",1,11,0,0,0
"sport-coat|shoulder-structure|canvas|fused","sport-coat","Regular Fused",no,"/images/supplier-bb/PROCE/A.jpg","drawing-unverified","DRAWING_UNCONFIRMED|EXTERNAL_WEB_PHOTO",0,0,0,0,10
"sport-coat|shoulder-structure|canvas|ultra-thin-half","sport-coat","Ultra-thin Half Canvas",yes,"/images/blueprints/baoxiniao/jacket/PROCE/L.jpg","drawing-unverified","DRAWING_UNCONFIRMED|EXTERNAL_WEB_PHOTO|NO_USABLE_PHOTO",0,0,0,0,4
"sport-coat|shoulder-structure|canvas|light-half-canvas","sport-coat","Light Half Canvas",yes,"/images/supplier-bb/PROCE/D.jpg","drawing-unverified","DRAWING_UNCONFIRMED|EXTERNAL_WEB_PHOTO|NO_USABLE_PHOTO",0,0,0,0,10
"sport-coat|shoulder-structure|canvas|half-canvas","sport-coat","Regular Half Canvas",yes,"/images/supplier-bb/PROCE/B.jpg","drawing-unverified","DRAWING_UNCONFIRMED|EXTERNAL_WEB_PHOTO",1,2,0,0,10
"sport-coat|shoulder-structure|canvas|full-canvas","sport-coat","Full Canvas (Floating)",yes,"/images/blueprints/baoxiniao/jacket/PROCE/C.jpg","drawing-unverified","DRAWING_UNCONFIRMED|EXTERNAL_WEB_PHOTO|NO_USABLE_PHOTO",0,0,0,0,10
"sport-coat|shoulder-structure|canvas|quarter-canvas","sport-coat","Quarter Canvas",yes,"/images/blueprints/factory/83dbc62b46ef__00C3__Single_layer.jpg","drawing-unverified","DRAWING_UNCONFIRMED|EXTERNAL_WEB_PHOTO",1,5,0,0,10
"sport-coat|shoulder-structure|shoulder-pad|pad-none","sport-coat","No Padding",yes,"/images/blueprints/factory/d45437530f73__060J__No_pad.jpg","drawing-unverified","DRAWING_UNCONFIRMED|EXTERNAL_WEB_PHOTO",1,5,0,0,10
"sport-coat|shoulder-structure|shoulder-pad|pad-01","sport-coat","+0.1 cm (Both Sides)",yes,"/images/blueprints/factory/9fd6de75414f__060K__Regular.jpg","drawing-unverified","DRAWING_UNCONFIRMED|EXTERNAL_WEB_PHOTO|SHARED_DRAWING",1,2,0,0,2
"sport-coat|shoulder-structure|shoulder-pad|pad-03","sport-coat","+0.3 cm (Both Sides)",yes,"/images/blueprints/factory/9fd6de75414f__060K__Regular.jpg","drawing-unverified","DRAWING_UNCONFIRMED|EXTERNAL_WEB_PHOTO|SHARED_DRAWING",1,4,0,0,2
"sport-coat|shoulder-structure|shoulder-pad|pad-05-soft","sport-coat","+0.5 cm Soft (Both Sides)",yes,"/images/blueprints/factory/9fd6de75414f__060K__Regular.jpg","drawing-unverified","DRAWING_UNCONFIRMED|EXTERNAL_WEB_PHOTO|SHARED_DRAWING",1,4,0,0,4
"sport-coat|shoulder-structure|shoulder-pad|pad-05-structured","sport-coat","+0.5 cm Structured (Both Sides)",yes,"/images/blueprints/factory/9fd6de75414f__060K__Regular.jpg","drawing-unverified","DRAWING_UNCONFIRMED|EXTERNAL_WEB_PHOTO|SHARED_DRAWING",1,3,0,0,6
"sport-coat|lapel|lapel-style|lapel-notch-45","sport-coat","Notch 45° (Semi-notch)",yes,"/images/blueprints/supplier/035d927f1c4f__0003__Semi-notch.jpg","drawing-unverified","DRAWING_UNCONFIRMED|EXTERNAL_WEB_PHOTO",1,4,0,0,10
"sport-coat|lapel|lapel-style|lapel-notch-50","sport-coat","Notch 50° (BC)",yes,"/images/blueprints/baoxiniao/jacket/REQCL/BI.jpg","drawing-unverified","DRAWING_UNCONFIRMED|EXTERNAL_WEB_PHOTO",0,3,0,0,4
"sport-coat|lapel|lapel-style|lapel-notch-55","sport-coat","Notch 55°",yes,"/images/blueprints/supplier/a8b481235ced__0001__Notch.jpg","drawing-unverified","DRAWING_UNCONFIRMED|EXTERNAL_WEB_PHOTO",0,3,0,0,2
"sport-coat|lapel|lapel-style|lapel-notch-65","sport-coat","Notch 65°",yes,"/images/blueprints/baoxiniao/jacket/REQCL/31.jpg","drawing-unverified","DRAWING_UNCONFIRMED",0,3,0,0,0
"sport-coat|lapel|lapel-style|lapel-notch-68","sport-coat","Notch 68° (Curved Gorge)",yes,"/images/blueprints/factory/877a05ce586e__0689__Notch_with_high_gorge.jpg","drawing-unverified","DRAWING_UNCONFIRMED|EXTERNAL_WEB_PHOTO",1,6,0,0,10
"sport-coat|lapel|lapel-style|lapel-notch-73","sport-coat","Straight Notch 73°",yes,"/images/blueprints/baoxiniao/jacket/REQCL/BG.jpg","drawing-unverified","DRAWING_UNCONFIRMED|EXTERNAL_WEB_PHOTO",0,4,0,0,6
"sport-coat|lapel|lapel-style|lapel-notch-tab","sport-coat","Notch + Pointed Tab",yes,"/images/blueprints/baoxiniao/jacket/REQCL/26.jpg","drawing-unverified","DRAWING_UNCONFIRMED|EXTERNAL_WEB_PHOTO",0,4,0,0,10
"sport-coat|lapel|lapel-style|lapel-notch-tab-basic","sport-coat","Notch + Basic Tab",yes,"/images/blueprints/baoxiniao/jacket/REQCL/13.jpg","drawing-unverified","DRAWING_UNCONFIRMED",0,2,0,0,0
"sport-coat|lapel|lapel-style|lapel-peak-99","sport-coat","Peak 99°",yes,"/images/blueprints/baoxiniao/jacket/REQCL/21.jpg","drawing-unverified","DRAWING_UNCONFIRMED|EXTERNAL_WEB_PHOTO",0,3,0,0,6
"sport-coat|lapel|lapel-style|lapel-peak-101","sport-coat","Peak 101°",yes,"/images/blueprints/baoxiniao/jacket/REQCL/DE.jpg","drawing-unverified","DRAWING_UNCONFIRMED|EXTERNAL_WEB_PHOTO",0,3,0,0,6
"sport-coat|lapel|lapel-style|lapel-peak-102","sport-coat","Peak 102°",yes,"/images/blueprints/baoxiniao/jacket/REQCL/22.jpg","drawing-unverified","DRAWING_UNCONFIRMED|EXTERNAL_WEB_PHOTO",0,3,0,0,4
"sport-coat|lapel|lapel-style|lapel-peak-102-rl","sport-coat","Peak 102° RL",yes,"/images/blueprints/baoxiniao/jacket/REQCL/BJ.jpg","drawing-unverified","DRAWING_UNCONFIRMED|EXTERNAL_WEB_PHOTO|HAS_OWNER_REFS",0,3,0,1,2
"sport-coat|lapel|lapel-style|lapel-peak-103-curved","sport-coat","Curved Peak 103°",yes,"/images/blueprints/baoxiniao/jacket/REQCL/23.jpg","drawing-unverified","DRAWING_UNCONFIRMED|EXTERNAL_WEB_PHOTO|HAS_OWNER_REFS",0,3,0,1,2
"sport-coat|lapel|lapel-style|lapel-peak-105","sport-coat","Peak 105°",yes,"/images/blueprints/supplier/ec013dda688e__0002__Peak.jpg","drawing-unverified","DRAWING_UNCONFIRMED|HAS_OWNER_REFS",0,3,0,1,0
"sport-coat|lapel|lapel-style|lapel-peak-107","sport-coat","Peak 107° (Normal Curve)",yes,"/images/blueprints/baoxiniao/jacket/REQCL/20.jpg","drawing-unverified","DRAWING_UNCONFIRMED|EXTERNAL_WEB_PHOTO|HAS_OWNER_REFS",0,3,0,1,4
"sport-coat|lapel|lapel-style|lapel-peak-108","sport-coat","Straight Peak 108°",yes,"/images/blueprints/baoxiniao/jacket/REQCL/19.jpg","drawing-unverified","DRAWING_UNCONFIRMED|EXTERNAL_WEB_PHOTO|HAS_OWNER_REFS",0,3,0,1,2
"sport-coat|lapel|lapel-style|lapel-peak-110","sport-coat","Peak 110°",yes,"/images/blueprints/baoxiniao/jacket/REQCL/15.jpg","drawing-unverified","DRAWING_UNCONFIRMED|HAS_OWNER_REFS",0,3,0,1,0
"sport-coat|lapel|lapel-style|lapel-peak-110-low","sport-coat","Low Peak 110°",yes,"/images/blueprints/baoxiniao/jacket/REQCL/17.jpg","drawing-unverified","DRAWING_UNCONFIRMED|HAS_OWNER_REFS",0,3,0,1,0
"sport-coat|lapel|lapel-style|lapel-peak-114","sport-coat","Peak 114° (Semi-peak)",yes,"/images/blueprints/supplier/e914d0a71607__0004__Semi-peak.jpg","drawing-unverified","DRAWING_UNCONFIRMED|EXTERNAL_WEB_PHOTO|HAS_OWNER_REFS",0,3,0,1,8
"sport-coat|lapel|lapel-style|lapel-peak-115","sport-coat","Peak 115°",yes,"/images/blueprints/baoxiniao/jacket/REQCL/12.jpg","drawing-unverified","DRAWING_UNCONFIRMED|EXTERNAL_WEB_PHOTO|HAS_OWNER_REFS",0,3,0,1,8
"sport-coat|lapel|lapel-style|lapel-peak-120-curved","sport-coat","Curved Peak 120°",yes,"/images/blueprints/baoxiniao/jacket/REQCL/AD.jpg","drawing-unverified","DRAWING_UNCONFIRMED|HAS_OWNER_REFS",0,5,0,1,0
"sport-coat|lapel|lapel-style|lapel-shawl","sport-coat","Shawl Lapel",yes,"/images/blueprints/baoxiniao/jacket/REQCL/D.jpg","drawing-unverified","DRAWING_UNCONFIRMED|EXTERNAL_WEB_PHOTO|HAS_OWNER_REFS",0,2,0,1,6
"sport-coat|lapel|lapel-style|lapel-shawl-d","sport-coat","D-Shawl Lapel",yes,"/images/blueprints/baoxiniao/jacket/REQCL/24.jpg","drawing-unverified","DRAWING_UNCONFIRMED|HAS_OWNER_REFS",0,2,0,1,0
"sport-coat|lapel|lapel-style|lapel-shawl-0a","sport-coat","Shawl 0A",yes,"/images/blueprints/supplier/d3b9f523a49d__090A__A_shawl.jpg","drawing-unverified","DRAWING_UNCONFIRMED|EXTERNAL_WEB_PHOTO|HAS_OWNER_REFS",0,5,1,4,6
"sport-coat|lapel|lapel-style|lapel-shawl-0e","sport-coat","Shawl 0E",yes,"/images/blueprints/supplier/41b79662304b__090E__E_shawl.png","drawing-unverified","DRAWING_UNCONFIRMED|EXTERNAL_WEB_PHOTO|HAS_OWNER_REFS",0,3,0,1,6
"sport-coat|lapel|lapel-style|lapel-shawl-0005","sport-coat","Shawl 0005",yes,"/images/blueprints/supplier/9345e8ee9d9a__0005__Shawl.jpg","drawing-unverified","DRAWING_UNCONFIRMED|EXTERNAL_WEB_PHOTO|HAS_OWNER_REFS",0,3,0,1,8
"sport-coat|lapel|lapel-style|lapel-shawl-asymmetric","sport-coat","Asymmetric Shawl Collar",yes,"/images/blueprints/baoxiniao/jacket/REQCL/216.jpg","drawing-unverified","DRAWING_UNCONFIRMED|EXTERNAL_WEB_PHOTO|HAS_OWNER_REFS",0,2,0,1,10
"sport-coat|lapel|lapel-style|lapel-peak-removable-shawl","sport-coat","Peak + Removable Shawl",yes,"/images/lapel/lapel-peak-removable-shawl-c0da5bee-6fbe-4c1e-aed8-21f230f21126.png","drawing-unverified","DRAWING_UNCONFIRMED|EXTERNAL_WEB_PHOTO|HAS_OWNER_REFS",0,1,0,1,6
"sport-coat|lapel|lapel-style|lapel-notch-removable-shawl","sport-coat","Notch + Removable Shawl",yes,"/images/lapel/lapel-notch-removable-shawl-989419bb-11e9-4688-b750-4c7ae20e6609.png","drawing-unverified","DRAWING_UNCONFIRMED|EXTERNAL_WEB_PHOTO|HAS_OWNER_REFS",0,1,0,1,4
"sport-coat|lapel|lapel-style|lapel-fishtail","sport-coat","Italian Fishtail Lapel",yes,"/images/blueprints/supplier/9aca8479eb97__0006__Fish_mouth.jpg","drawing-unverified","DRAWING_UNCONFIRMED|EXTERNAL_WEB_PHOTO",1,4,0,0,10
"sport-coat|lapel|lapel-width|lw-45","sport-coat","4.5 cm",yes,"/images/blueprints/baoxiniao/jacket/KFABL/L.jpg","drawing-unverified","DRAWING_UNCONFIRMED",0,2,0,0,0
"sport-coat|lapel|lapel-width|lw-50","sport-coat","5.0 cm",yes,"/images/blueprints/baoxiniao/jacket/KFABL/A.jpg","drawing-unverified","DRAWING_UNCONFIRMED",0,2,0,0,0
"sport-coat|lapel|lapel-width|lw-55","sport-coat","5.5 cm",yes,"/images/blueprints/baoxiniao/jacket/KFABL/B.jpg","drawing-unverified","DRAWING_UNCONFIRMED",0,2,0,0,0
"sport-coat|lapel|lapel-width|lw-60","sport-coat","6.0 cm",yes,"/images/blueprints/baoxiniao/jacket/KFABL/C.jpg","drawing-unverified","DRAWING_UNCONFIRMED",0,2,0,0,0
"sport-coat|lapel|lapel-width|lw-65","sport-coat","6.5 cm",yes,"/images/blueprints/baoxiniao/jacket/KFABL/O.jpg","drawing-unverified","DRAWING_UNCONFIRMED",0,2,0,0,0
"sport-coat|lapel|lapel-width|lw-70","sport-coat","7.0 cm",yes,"/images/blueprints/baoxiniao/jacket/KFABL/D.jpg","drawing-unverified","DRAWING_UNCONFIRMED",0,2,0,0,0
"sport-coat|lapel|lapel-width|lw-75","sport-coat","7.5 cm",yes,"/images/blueprints/baoxiniao/jacket/KFABL/P.jpg","drawing-unverified","DRAWING_UNCONFIRMED",0,2,0,0,0
"sport-coat|lapel|lapel-width|lw-80","sport-coat","8.0 cm",yes,"/images/blueprints/baoxiniao/jacket/KFABL/E.jpg","drawing-unverified","DRAWING_UNCONFIRMED",0,2,0,0,0
"sport-coat|lapel|lapel-width|lw-85","sport-coat","8.5 cm",yes,"/images/blueprints/baoxiniao/jacket/KFABL/Q.jpg","drawing-unverified","DRAWING_UNCONFIRMED",0,2,0,0,0
"sport-coat|lapel|lapel-width|lw-90","sport-coat","9.0 cm",yes,"/images/blueprints/baoxiniao/jacket/KFABL/F.jpg","drawing-unverified","DRAWING_UNCONFIRMED",0,2,0,0,0
"sport-coat|lapel|lapel-width|lw-95","sport-coat","9.5 cm",yes,"/images/blueprints/baoxiniao/jacket/KFABL/S.jpg","drawing-unverified","DRAWING_UNCONFIRMED",0,2,0,0,0
"sport-coat|lapel|lapel-width|lw-100","sport-coat","10.0 cm",yes,"/images/blueprints/baoxiniao/jacket/KFABL/M.jpg","drawing-unverified","DRAWING_UNCONFIRMED",0,2,0,0,0
"sport-coat|lapel|lapel-width|lw-105","sport-coat","10.5 cm",yes,"/images/blueprints/baoxiniao/jacket/KFABL/R.jpg","drawing-unverified","DRAWING_UNCONFIRMED",0,2,0,0,0
"sport-coat|lapel|lapel-width|lw-110","sport-coat","11.0 cm",yes,"/images/blueprints/baoxiniao/jacket/KFABL/1.jpg","drawing-unverified","DRAWING_UNCONFIRMED",0,2,0,0,0
"sport-coat|lapel|lapel-width|lw-115","sport-coat","11.5 cm",yes,"/images/blueprints/baoxiniao/jacket/KFABL/218.jpg","drawing-unverified","DRAWING_UNCONFIRMED",0,2,0,0,0
"sport-coat|lapel|lapel-width|lw-120","sport-coat","12.0 cm",yes,"/images/blueprints/baoxiniao/jacket/KFABL/219.jpg","drawing-unverified","DRAWING_UNCONFIRMED",0,2,0,0,0
"sport-coat|lapel|lapel-width|lw-125","sport-coat","12.5 cm",yes,"/images/blueprints/baoxiniao/jacket/KFABL/221.jpg","drawing-unverified","DRAWING_UNCONFIRMED",0,2,0,0,0
"sport-coat|lapel|lapel-bh-style|lbh-none","sport-coat","None",yes,"/images/blueprints/baoxiniao/jacket/GTECH/A.jpg","drawing-unverified","DRAWING_UNCONFIRMED",1,2,0,0,0
"sport-coat|lapel|lapel-bh-style|lbh-real","sport-coat","Real (M)",yes,"/images/blueprints/baoxiniao/jacket/GTECH/B.jpg","drawing-unverified","DRAWING_UNCONFIRMED|NO_USABLE_PHOTO",0,0,0,0,0
"sport-coat|lapel|lapel-bh-style|lbh-fake-round","sport-coat","Fake round (M)",yes,"/images/blueprints/baoxiniao/jacket/GTECH/D.jpg","drawing-unverified","DRAWING_UNCONFIRMED|NO_USABLE_PHOTO",0,0,0,0,0
"sport-coat|lapel|lapel-bh-style|lbh-fake-square","sport-coat","Fake Square-end",yes,"/images/blueprints/baoxiniao/jacket/GTECH/C.jpg","drawing-unverified","DRAWING_UNCONFIRMED|NO_USABLE_PHOTO",0,0,0,0,0
"sport-coat|lapel|lapel-bh-style|lbh-005-hand","sport-coat","005 by hands",yes,"/images/blueprints/supplier/b851d6364229__064Q__Handmade_lapel_buttonhole.jpg","drawing-unverified","DRAWING_UNCONFIRMED",0,2,0,0,0
"sport-coat|lapel|lapel-bh-style|lbh-006-hand","sport-coat","006 by hands",yes,"/images/blueprints/supplier/d4719ac11935__035C__Handmade_bttnhole_with_knot_but_no_seal.png","drawing-unverified","DRAWING_UNCONFIRMED",0,2,0,0,0
"sport-coat|lapel|lapel-bh-style|lbh-pinpoint","sport-coat","Pinpoint(one color)",yes,"/images/blueprints/supplier/368d0bf51259__00ED__Handmade_straight_lapel_buttonhole.jpg","drawing-unverified","DRAWING_UNCONFIRMED",0,2,0,0,0
"sport-coat|lapel|lapel-bh-style|lbh-017-hand","sport-coat","017 by hands",yes,"/images/blueprints/supplier/27237af58b3c__00EC__Handmade_lapel_buttonhole_Round_head_lapel_buttonhole_.jpg","drawing-unverified","DRAWING_UNCONFIRMED",0,2,0,0,0
"sport-coat|lapel|lapel-bh-style|lbh-smoking-pipe","sport-coat","Smoking Pipe",yes,"/images/blueprints/supplier/52a51791a929__00EF__Barge_head_manual_keyhole_round_head_without_sealing_w.jpg","drawing-unverified","DRAWING_UNCONFIRMED",0,2,0,0,0
"sport-coat|lapel|lapel-bh-style|lbh-lumi","sport-coat","Lumi",yes,"/images/blueprints/supplier/54c5667bf68e__055F__Arc_upwards_Handmade_Only.jpg","drawing-unverified","DRAWING_UNCONFIRMED",0,2,0,0,0
"sport-coat|lapel|lapel-bh-style|lbh-milanese-curved","sport-coat","Curved Milanese(one color)",yes,"/images/blueprints/supplier/43375234ca09__06EG__Arc_slight_downwards_Handmade_Only.jpg","drawing-unverified","DRAWING_UNCONFIRMED",0,2,0,0,0
"sport-coat|lapel|lapel-bh-style|lbh-milanese-20","sport-coat","Milanese 2CM",yes,"/images/blueprints/supplier/0939eb8f539f__055U__Triple_color_arc_handmade_only_appoint_color_order_1-2.jpg","drawing-unverified","DRAWING_UNCONFIRMED",0,2,0,0,0
"sport-coat|lapel|lapel-bh-style|lbh-milanese-23","sport-coat","Milanese 2.3CM",yes,"/images/blueprints/supplier/299c65473f47__055J__Triple_color_arc_upwardswards_handmade_only_appoint_co.jpg","drawing-unverified","DRAWING_UNCONFIRMED",0,2,0,0,0
"sport-coat|lapel|lapel-bh-style|lbh-milanese-25","sport-coat","Milanese 2.5CM",yes,"/images/blueprints/supplier/f229e25092e8__06EJ__Triple_color_arc_downwards_handmade_only_appoint_color.jpg","drawing-unverified","DRAWING_UNCONFIRMED",0,2,0,0,0
"sport-coat|lapel|lapel-bh-style|lbh-arc-double","sport-coat","Arc Double-Color",yes,"/images/blueprints/supplier/cb00502491f7__055H__Double_color_arc_Handmade_only_appoint_color_order_1-3.jpg","drawing-unverified","DRAWING_UNCONFIRMED",0,2,0,0,0
"sport-coat|lapel|lapel-bh-style|lbh-rome-18","sport-coat","Triple-Color Straight",yes,"/images/blueprints/supplier/be4eecb2eeff__055V__Triple_color_straight_handmade_only_appoint_color_orde.jpg","drawing-unverified","DRAWING_UNCONFIRMED",0,2,0,0,0
"sport-coat|lapel|lapel-bh-style|lbh-rome-18m","sport-coat","Rome 1.8CM (M)",yes,"/images/blueprints/baoxiniao/jacket/GTECH/7.jpg","drawing-unverified","DRAWING_UNCONFIRMED",0,2,0,0,0
"sport-coat|lapel|lapel-bh-style|lbh-rome-23m","sport-coat","Rome 2.3CM (M)",yes,"/images/blueprints/baoxiniao/jacket/GTECH/4.jpg","drawing-unverified","DRAWING_UNCONFIRMED",0,2,0,0,0
"sport-coat|lapel|lapel-bh-style|lbh-008-hand","sport-coat","008 by hand",yes,"/images/blueprints/baoxiniao/jacket/GTECH/34.jpg","drawing-unverified","DRAWING_UNCONFIRMED",0,2,0,0,0
"sport-coat|lapel|lapel-bh-style|lbh-no1-dc-straight","sport-coat","No.1 Double-Color Straight",yes,"/images/blueprints/supplier/e346a69313a8__055R__No.1_Double_color_handmade_straight_lapel_buttonhole_H.jpg","drawing-unverified","DRAWING_UNCONFIRMED",1,4,0,0,0
"sport-coat|lapel|lapel-bh-style|lbh-no1-dc-half","sport-coat","No.1 ½ Double-Color Straight",yes,"","missing","NO_DRAWING",0,2,0,0,0
"sport-coat|lapel|lapel-bh-style|lbh-no1-tc-arc","sport-coat","No.1 Triple-Color Arc",yes,"/images/blueprints/supplier/a1cc16870a6b__055Y__No.1_Triple_color_arc_lapel_buttonhole_Handmade_Only_a.jpg","drawing-unverified","DRAWING_UNCONFIRMED",1,4,0,0,0
"sport-coat|lapel|lapel-bh-style|lbh-rome-round-h","sport-coat","Roman Pie Round Head (Hand)",yes,"/images/blueprints/remote/9d4e8f89bffb__176343656456196.jpg","drawing-unverified","DRAWING_UNCONFIRMED",0,2,0,0,0
"sport-coat|lapel|lapel-bh-style|lbh-rome-point-m","sport-coat","Roman Pie Pointed (Manual)",yes,"/images/blueprints/remote/1c04488ca8c7__176343656451544.jpg","drawing-unverified","DRAWING_UNCONFIRMED",0,2,0,0,0
"sport-coat|lapel|lapel-bh-style|lbh-undivided","sport-coat","Undivided Attention",yes,"/images/blueprints/remote/e040c5d47a70__176343668889258.jpg","drawing-unverified","DRAWING_UNCONFIRMED",0,2,0,0,0
"sport-coat|lapel|lapel-bh-style|lbh-glory-rays","sport-coat","Glory Rays",yes,"/images/blueprints/remote/0328997b9427__176343668886623.jpg","drawing-unverified","DRAWING_UNCONFIRMED",0,2,0,0,0
"sport-coat|lapel|lapel-bh-style|lbh-cloud","sport-coat","Cloud",yes,"/images/blueprints/remote/d316bedda294__176343668880055.jpg","drawing-unverified","DRAWING_UNCONFIRMED",0,2,0,0,0
"sport-coat|lapel|lapel-bh-style|lbh-victory","sport-coat","The Light of Victory",yes,"/images/blueprints/remote/92e0463abf20__176343668894457.jpg","drawing-unverified","DRAWING_UNCONFIRMED",0,2,0,0,0
"sport-coat|lapel|lapel-bh-style|lbh-wings","sport-coat","Spread Your Wings",yes,"/images/blueprints/remote/db35a7d8f690__176343653133967.jpg","drawing-unverified","DRAWING_UNCONFIRMED",0,2,0,0,0
"sport-coat|lapel|lapel-bh-style|lbh-rose-round","sport-coat","Rose Round Shape",yes,"/images/blueprints/remote/a6f5f6c52bde__176343669707150.jpg","drawing-unverified","DRAWING_UNCONFIRMED",0,2,0,0,0
"sport-coat|lapel|lapel-bh-style|lbh-rose-shaped","sport-coat","Rose Shaped Round",yes,"/images/blueprints/remote/89b2b64caaaf__176343667388607.jpg","drawing-unverified","DRAWING_UNCONFIRMED",0,1,0,0,0
"sport-coat|lapel|lapel-bh-style|lbh-vertical-flower","sport-coat","Vertical Flower",yes,"/images/blueprints/remote/a183925329a0__176343666089199.jpg","drawing-unverified","DRAWING_UNCONFIRMED",0,2,0,0,0
"sport-coat|lapel|lapel-bh-style|lbh-antler","sport-coat","Antler Shape",yes,"/images/blueprints/remote/99750d83529c__176343656461112.jpg","drawing-unverified","DRAWING_UNCONFIRMED",0,2,0,0,0
"sport-coat|lapel|lapel-bh-style|lbh-brilliance-2","sport-coat","Add Brilliance (2-Color)",yes,"/images/blueprints/remote/436b65e6fa14__176343667399028.jpg","drawing-unverified","DRAWING_UNCONFIRMED",0,2,0,0,0
"sport-coat|lapel|lapel-bh-style|lbh-bright-future","sport-coat","Bright Future",yes,"/images/blueprints/remote/20f54a48fc5a__176343668892081.jpg","drawing-unverified","DRAWING_UNCONFIRMED",0,2,0,0,0
"sport-coat|lapel|lapel-bh-style|lbh-rising-sun","sport-coat","Rising Sun",yes,"/images/blueprints/remote/0e25fdd9d8ac__176343668883730.jpg","drawing-unverified","DRAWING_UNCONFIRMED",0,2,0,0,0
"sport-coat|lapel|lapel-bh-style|lbh-musical-note","sport-coat","Musical Note",yes,"/images/blueprints/remote/24d6dbc11ded__176474515675704.jpg","drawing-unverified","DRAWING_UNCONFIRMED",0,2,0,0,0
"sport-coat|lapel|lapel-bh-style|lbh-brilliance-4","sport-coat","Add Brilliance (4-Color)",yes,"/images/blueprints/remote/a7230fc9f3da__176343653141900.jpg","drawing-unverified","DRAWING_UNCONFIRMED",0,2,0,0,0
"sport-coat|lapel|lapel-bh-style|lbh-grateful-heart","sport-coat","Grateful Heart",yes,"/images/blueprints/remote/d0b30f2759b5__176343669704240.jpg","drawing-unverified","DRAWING_UNCONFIRMED",0,2,0,0,0
"sport-coat|lapel|lapel-bh-style|lbh-dragon-horn","sport-coat","Dragon Horn",yes,"/images/blueprints/remote/a91bdb322444__176343661938854.jpg","drawing-unverified","DRAWING_UNCONFIRMED",0,2,0,0,0
"sport-coat|lapel|lapel-bh-style|lbh-brave-winds","sport-coat","Brave Winds, Break Waves",yes,"/images/blueprints/remote/4dd971d81d42__176343661951216.jpg","drawing-unverified","DRAWING_UNCONFIRMED",0,2,0,0,0
"sport-coat|lapel|lapel-bh-style|lbh-happiness","sport-coat","Happiness & Prosperity",yes,"/images/blueprints/remote/c734c7a2656a__176343650968601.jpg","drawing-unverified","DRAWING_UNCONFIRMED",0,2,0,0,0
"sport-coat|lapel|lapel-bh-style|lbh-work-as-one","sport-coat","Work as One",yes,"/images/blueprints/remote/c991a31e00f2__176343650974514.jpg","drawing-unverified","DRAWING_UNCONFIRMED",0,2,0,0,0
"sport-coat|lapel|lapel-bh-style|lbh-christmas-antler","sport-coat","Christmas Antler",yes,"/images/blueprints/remote/db0544c0ddce__176343667396427.jpg","drawing-unverified","DRAWING_UNCONFIRMED",0,2,0,0,0
"sport-coat|lapel|lapel-bh-style|lbh-angel","sport-coat","Angel of Happiness",yes,"/images/blueprints/remote/2127690a601f__176344755957323.jpg","drawing-unverified","DRAWING_UNCONFIRMED",0,2,0,0,0
"sport-coat|lapel|lapel-bh-style|lbh-open-minded","sport-coat","Open-Minded & Inclusive",yes,"/images/blueprints/remote/ab745fd9cdc0__176344755936037.jpg","drawing-unverified","DRAWING_UNCONFIRMED",0,2,0,0,0
"sport-coat|lapel|lapel-bh-style|lbh-heart-to-heart","sport-coat","Heart to Heart",yes,"/images/blueprints/remote/d4fe8a2988a5__176343659515277.jpg","drawing-unverified","DRAWING_UNCONFIRMED",0,2,0,0,0
"sport-coat|lapel|lapel-bh-style|lbh-2c-curved-barge","sport-coat","2-Color Curved Barge Eye",yes,"/images/blueprints/remote/aade400dac52__176343650977368.jpg","drawing-unverified","DRAWING_UNCONFIRMED",0,2,0,0,0
"sport-coat|lapel|lapel-bh-style|lbh-3c-curved-barge","sport-coat","3-Color Curved Barge Eye",yes,"/images/blueprints/remote/6c9601646cde__176343650979935.jpg","drawing-unverified","DRAWING_UNCONFIRMED",0,2,0,0,0
"sport-coat|lapel|lapel-bh-style|lbh-head-eye","sport-coat","Handmade Head & Eye",yes,"/images/blueprints/remote/12e397cc0297__176343650982652.jpg","drawing-unverified","DRAWING_UNCONFIRMED",0,2,0,0,0
"sport-coat|lapel|lapel-bh-style|lbh-dark-fragrance","sport-coat","Dark Fragrance & Shadow",no,"/images/blueprints/remote/5bcde6559cb8__176343653144810.jpg","drawing-unverified","DRAWING_UNCONFIRMED",0,1,0,0,0
"sport-coat|lapel|lapel-bh-style|lbh-drop-shape","sport-coat","Drop Shape",no,"/images/blueprints/remote/6c6394e0a23b__176343656463556.jpg","drawing-unverified","DRAWING_UNCONFIRMED",0,1,0,0,0
"sport-coat|lapel|lapel-bh-style|lbh-qingyun","sport-coat","Qingyun Straight Up",yes,"/images/blueprints/remote/e42f2984bce0__176343656466195.jpg","drawing-unverified","DRAWING_UNCONFIRMED",0,2,0,0,0
"sport-coat|lapel|lapel-bh-style|lbh-butt-eye","sport-coat","Handmade Butt Eye",yes,"/images/blueprints/remote/9021c432cc38__176343659481498.jpg","drawing-unverified","DRAWING_UNCONFIRMED",0,2,0,0,0
"sport-coat|lapel|lapel-bh-style|lbh-cow-air","sport-coat","Cow Air to the Sky",yes,"/images/blueprints/remote/e11d49972d38__176343661931675.jpg","drawing-unverified","DRAWING_UNCONFIRMED",0,2,0,0,0
"sport-coat|lapel|lapel-bh-style|lbh-water-drop","sport-coat","Water Drop Butt Eye",yes,"/images/blueprints/remote/051abf203c29__176343656458701.jpg","drawing-unverified","DRAWING_UNCONFIRMED",0,2,0,0,0
"sport-coat|lapel|lapel-bh-position|lbp-left","sport-coat","Left Lapel",yes,"/images/blueprints/supplier/9e99ee8084ba__0541__Left_bttn_hole.jpg","drawing-unverified","DRAWING_UNCONFIRMED",1,7,0,0,0
"sport-coat|lapel|lapel-bh-position|lbp-right","sport-coat","Right Lapel",yes,"/images/blueprints/baoxiniao/jacket/GTECP/B.jpg","drawing-unverified","DRAWING_UNCONFIRMED|NO_USABLE_PHOTO",0,0,0,0,0
"sport-coat|lapel|lapel-bh-position|lbp-left-double","sport-coat","Left Double",yes,"/images/blueprints/supplier/fd7769c12fc9__0545__Double_left_bttn_hole.jpg","drawing-unverified","DRAWING_UNCONFIRMED",1,4,0,2,0
"sport-coat|lapel|lapel-bh-position|lbp-both","sport-coat","Both Sides",yes,"/images/blueprints/supplier/68b420f69832__0543__Right_Left_bttn_hole.jpg","drawing-unverified","DRAWING_UNCONFIRMED",1,8,0,3,0
"sport-coat|lapel|lapel-bh-position|lbp-both-double","sport-coat","Each Side Double",yes,"/images/supplier-bb/GTECP/E.jpg","drawing-unverified","DRAWING_UNCONFIRMED",1,3,0,0,0
"sport-coat|lapel|lapel-bh-position|lbp-3l-2r","sport-coat","Three Left / Two Right",yes,"/images/blueprints/supplier/b92433d52b1a__0549__Left_three_right_two.png","verified-match","",0,1,0,0,0
"sport-coat|lapel|lapel-bh-position|lbp-3l-1r","sport-coat","Three Left / One Right",yes,"/images/blueprints/supplier/9ccd5722c833__054Y__3_left_bttn_hole_1_right_bttn_hole.jpg","drawing-unverified","DRAWING_UNCONFIRMED",1,4,0,0,0
"sport-coat|lapel|collar-felt|felt-matching","sport-coat","Matching to Fabric",yes,"/images/blueprints/factory/5bd354dec911__0671__Matched_fabric_color.jpg","drawing-unverified","DRAWING_UNCONFIRMED|SHARED_DRAWING",0,1,0,0,0
"sport-coat|lapel|collar-felt|felt-self","sport-coat","Same as Self-fabric",yes,"/images/blueprints/factory/debfdcd7d9ad__0673__Same_fabric.jpg","drawing-unverified","DRAWING_UNCONFIRMED",0,1,0,0,0
"sport-coat|lapel|collar-felt|felt-custom","sport-coat","Specify Code at Order",yes,"/images/blueprints/factory/5bd354dec911__0671__Matched_fabric_color.jpg","drawing-unverified","DRAWING_UNCONFIRMED|SHARED_DRAWING",0,1,0,0,0
"sport-coat|lapel|collar-interlining|ci-regular","sport-coat","Regular (with Linen)",yes,"/images/blueprints/baoxiniao/jacket/GTEDC/A.jpg","drawing-unverified","DRAWING_UNCONFIRMED|NO_USABLE_PHOTO",0,0,0,0,0
"sport-coat|lapel|collar-interlining|ci-no-linen","sport-coat","No Linen",yes,"/images/blueprints/baoxiniao/jacket/GTEDC/NFC00054.jpg","drawing-unverified","DRAWING_UNCONFIRMED|NO_USABLE_PHOTO",0,0,0,0,0
"sport-coat|lapel|folded-collar-craft|fcc-normal","sport-coat","Normal",yes,"/images/blueprints/baoxiniao/jacket/KALTP/A.jpg","drawing-unverified","DRAWING_UNCONFIRMED|NO_USABLE_PHOTO",0,0,0,0,0
"sport-coat|lapel|folded-collar-craft|fcc-turnback","sport-coat","Turn Back at the End",yes,"/images/blueprints/baoxiniao/jacket/KALTP/B.jpg","drawing-unverified","DRAWING_UNCONFIRMED|NO_USABLE_PHOTO",0,0,0,0,0
"sport-coat|suit-pockets|chest-pocket|cp-none","sport-coat","None",yes,"/images/blueprints/baoxiniao/jacket/REQPU/H.jpg","drawing-unverified","DRAWING_UNCONFIRMED|EXTERNAL_WEB_PHOTO|NO_USABLE_PHOTO",0,0,0,0,10
"sport-coat|suit-pockets|chest-pocket|cp-welt-23","sport-coat","Straight Welt 2.3 cm",yes,"/images/blueprints/baoxiniao/jacket/REQPU/A.jpg","drawing-unverified","DRAWING_UNCONFIRMED|EXTERNAL_WEB_PHOTO|HAS_OWNER_REFS",0,3,0,1,10
"sport-coat|suit-pockets|chest-pocket|cp-welt-25","sport-coat","Straight Welt 2.5 cm",yes,"/images/blueprints/baoxiniao/jacket/REQPU/B.jpg","drawing-unverified","DRAWING_UNCONFIRMED|EXTERNAL_WEB_PHOTO|HAS_OWNER_REFS",0,3,0,1,2
"sport-coat|suit-pockets|chest-pocket|cp-welt-27","sport-coat","Straight Welt 2.7 cm",yes,"/images/blueprints/baoxiniao/jacket/REQPU/C.jpg","drawing-unverified","DRAWING_UNCONFIRMED|HAS_OWNER_REFS",0,3,0,1,0
"sport-coat|suit-pockets|chest-pocket|cp-welt-curved-23","sport-coat","Curved Welt 2.3 cm",yes,"/images/blueprints/baoxiniao/jacket/REQPU/D.jpg","drawing-unverified","DRAWING_UNCONFIRMED|HAS_OWNER_REFS",0,3,0,1,0
"sport-coat|suit-pockets|chest-pocket|cp-welt-curved-25","sport-coat","Curved Welt 2.5 cm",yes,"/images/blueprints/baoxiniao/jacket/REQPU/E.jpg","drawing-unverified","DRAWING_UNCONFIRMED|HAS_OWNER_REFS",0,3,0,1,0
"sport-coat|suit-pockets|chest-pocket|cp-welt-curved-27","sport-coat","Curved Welt 2.7 cm",yes,"/images/blueprints/baoxiniao/jacket/REQPU/F.jpg","drawing-unverified","DRAWING_UNCONFIRMED|HAS_OWNER_REFS",0,3,0,1,0
"sport-coat|suit-pockets|chest-pocket|cp-welt-curved-29","sport-coat","Curved Welt 2.9 cm",yes,"/images/blueprints/baoxiniao/jacket/REQPU/J.jpg","drawing-unverified","DRAWING_UNCONFIRMED",0,3,0,0,0
"sport-coat|suit-pockets|chest-pocket|cp-jetted","sport-coat","Jetted Chest Pocket",no,"/images/blueprints/supplier/96a644fd3df9__0110__Besom.jpg","drawing-unverified","DRAWING_UNCONFIRMED",0,3,0,0,0
"sport-coat|suit-pockets|chest-pocket|cp-patch","sport-coat","Patch Pocket",yes,"/images/blueprints/supplier/05a23ba11482__0150__Patch.jpg","drawing-unverified","DRAWING_UNCONFIRMED|EXTERNAL_WEB_PHOTO",0,3,0,0,4
"sport-coat|suit-pockets|chest-pocket|cp-patch-round","sport-coat","Round Patch",yes,"/images/blueprints/baoxiniao/jacket/REQPU/HXD.jpg","drawing-unverified","DRAWING_UNCONFIRMED|EXTERNAL_WEB_PHOTO|NO_USABLE_PHOTO",0,0,0,0,10
"sport-coat|suit-pockets|chest-pocket|cp-patch-tulip","sport-coat","Tulip Shape Patch",yes,"/images/blueprints/baoxiniao/jacket/REQPU/233.jpg","drawing-unverified","DRAWING_UNCONFIRMED|NO_USABLE_PHOTO",0,0,0,0,0
"sport-coat|suit-pockets|chest-pocket|cp-patch-angled","sport-coat","Angled Box Pleat Patch",yes,"/images/blueprints/baoxiniao/jacket/REQPU/BE.jpg","drawing-unverified","DRAWING_UNCONFIRMED|EXTERNAL_WEB_PHOTO",0,2,0,0,2
"sport-coat|suit-pockets|chest-pocket|cp-patch-multi","sport-coat","Multi-Pleated Patch",yes,"/images/blueprints/baoxiniao/jacket/REQPU/C1.jpg","drawing-unverified","DRAWING_UNCONFIRMED",0,2,0,0,0
"sport-coat|suit-pockets|chest-pocket|cp-boat-28","sport-coat","Boat-shaped 2.8 cm",yes,"/images/blueprints/baoxiniao/jacket/REQPU/238.jpg","drawing-unverified","DRAWING_UNCONFIRMED|EXTERNAL_WEB_PHOTO",0,3,0,0,2
"sport-coat|suit-pockets|chest-pocket|cp-boat-30","sport-coat","Boat-shaped 3.0 cm",yes,"/images/blueprints/baoxiniao/jacket/REQPU/237.jpg","drawing-unverified","DRAWING_UNCONFIRMED|EXTERNAL_WEB_PHOTO",0,3,0,0,4
"sport-coat|suit-pockets|chest-pocket|cp-trapezoid","sport-coat","Trapezoid Pocket",yes,"/images/blueprints/supplier/9dc885487d07__00J2__Trapezoid.jpg","drawing-unverified","DRAWING_UNCONFIRMED|EXTERNAL_WEB_PHOTO",1,2,0,0,4
"sport-coat|suit-pockets|chest-pocket|cp-inverted-pleat-2flap","sport-coat","Two Inverted Pleated + Flaps",yes,"/images/blueprints/baoxiniao/jacket/REQPU/234.jpg","drawing-unverified","DRAWING_UNCONFIRMED",0,2,0,0,0
"sport-coat|suit-pockets|chest-pocket|cp-inverted-pleat-flap","sport-coat","Inverted Pleated + Flap",yes,"/images/blueprints/baoxiniao/jacket/REQPU/235.jpg","drawing-unverified","DRAWING_UNCONFIRMED|EXTERNAL_WEB_PHOTO",0,2,0,0,4
"sport-coat|suit-pockets|lower-pocket|lp-slanted-flap-40","sport-coat","Slanted Flap 4.0 cm",yes,"/images/blueprints/baoxiniao/jacket/REQPD/G.jpg","drawing-unverified","DRAWING_UNCONFIRMED|EXTERNAL_WEB_PHOTO|HAS_OWNER_REFS",0,3,0,1,10
"sport-coat|suit-pockets|lower-pocket|lp-slanted-flap-45","sport-coat","Slanted Flap 4.5 cm",yes,"/images/blueprints/baoxiniao/jacket/REQPD/H.jpg","drawing-unverified","DRAWING_UNCONFIRMED|EXTERNAL_WEB_PHOTO",0,3,0,0,10
"sport-coat|suit-pockets|lower-pocket|lp-slanted-flap-50","sport-coat","Slanted Flap 5.0 cm",yes,"/images/blueprints/baoxiniao/jacket/REQPD/I.jpg","drawing-unverified","DRAWING_UNCONFIRMED|EXTERNAL_WEB_PHOTO",0,3,0,0,10
"sport-coat|suit-pockets|lower-pocket|lp-slanted-flap-55","sport-coat","Slanted Flap 5.5 cm",yes,"/images/blueprints/supplier/b795127dc02f__02A1__Regular_slanted.jpg","verified-match","EXTERNAL_WEB_PHOTO",0,2,0,0,10
"sport-coat|suit-pockets|lower-pocket|lp-slanted-flap-60","sport-coat","Slanted Flap 6.0 cm",yes,"/images/blueprints/baoxiniao/jacket/REQPD/10.jpg","drawing-unverified","DRAWING_UNCONFIRMED|EXTERNAL_WEB_PHOTO",0,3,0,0,10
"sport-coat|suit-pockets|lower-pocket|lp-slanted-flap-65","sport-coat","Slanted Flap 6.5 cm",yes,"/images/blueprints/baoxiniao/jacket/REQPD/23.jpg","drawing-unverified","DRAWING_UNCONFIRMED|EXTERNAL_WEB_PHOTO",0,3,0,0,6
"sport-coat|suit-pockets|lower-pocket|lp-large-slanted-40","sport-coat","Large Slanted Flap 4.0 cm",yes,"/images/blueprints/baoxiniao/jacket/REQPD/O.jpg","drawing-unverified","DRAWING_UNCONFIRMED|EXTERNAL_WEB_PHOTO|HAS_OWNER_REFS",0,2,0,1,10
"sport-coat|suit-pockets|lower-pocket|lp-large-slanted-45","sport-coat","Large Slanted Flap 4.5 cm",yes,"/images/blueprints/baoxiniao/jacket/REQPD/Q.jpg","drawing-unverified","DRAWING_UNCONFIRMED|EXTERNAL_WEB_PHOTO|HAS_OWNER_REFS",0,2,0,1,10
"sport-coat|suit-pockets|lower-pocket|lp-large-slanted-50","sport-coat","Large Slanted Flap 5.0 cm",yes,"/images/blueprints/baoxiniao/jacket/REQPD/R.jpg","drawing-unverified","DRAWING_UNCONFIRMED|EXTERNAL_WEB_PHOTO|HAS_OWNER_REFS",0,2,0,1,10
"sport-coat|suit-pockets|lower-pocket|lp-large-slanted-55","sport-coat","Large Slanted Flap 5.5 cm",yes,"/images/blueprints/baoxiniao/jacket/REQPD/13.jpg","drawing-unverified","DRAWING_UNCONFIRMED|EXTERNAL_WEB_PHOTO|HAS_OWNER_REFS",0,2,0,1,10
"sport-coat|suit-pockets|lower-pocket|lp-large-slanted-60","sport-coat","Large Slanted Flap 6.0 cm",yes,"/images/blueprints/baoxiniao/jacket/REQPD/14.jpg","drawing-unverified","DRAWING_UNCONFIRMED|EXTERNAL_WEB_PHOTO|HAS_OWNER_REFS",0,2,0,1,10
"sport-coat|suit-pockets|lower-pocket|lp-large-slanted-65","sport-coat","Large Slanted Flap 6.5 cm",yes,"/images/blueprints/baoxiniao/jacket/REQPD/24.jpg","drawing-unverified","DRAWING_UNCONFIRMED|EXTERNAL_WEB_PHOTO",0,2,0,0,10
"sport-coat|suit-pockets|lower-pocket|lp-straight-jetted-40","sport-coat","Straight Jetted Flap 4.0 cm",yes,"/images/blueprints/baoxiniao/jacket/REQPD/A.jpg","drawing-unverified","DRAWING_UNCONFIRMED|EXTERNAL_WEB_PHOTO",0,3,0,0,10
"sport-coat|suit-pockets|lower-pocket|lp-straight-jetted-45","sport-coat","Straight Jetted Flap 4.5 cm",yes,"/images/blueprints/baoxiniao/jacket/REQPD/B.jpg","drawing-unverified","DRAWING_UNCONFIRMED",0,3,0,0,0
"sport-coat|suit-pockets|lower-pocket|lp-straight-jetted-50","sport-coat","Straight Jetted Flap 5.0 cm",yes,"/images/blueprints/baoxiniao/jacket/REQPD/C.jpg","drawing-unverified","DRAWING_UNCONFIRMED",0,2,0,0,0
"sport-coat|suit-pockets|lower-pocket|lp-straight-jetted-55","sport-coat","Straight Jetted Flap 5.5 cm",yes,"/images/blueprints/baoxiniao/jacket/REQPD/11.jpg","drawing-unverified","DRAWING_UNCONFIRMED",0,3,0,0,0
"sport-coat|suit-pockets|lower-pocket|lp-straight-jetted-60","sport-coat","Straight Jetted Flap 6.0 cm",yes,"/images/blueprints/baoxiniao/jacket/REQPD/12.jpg","drawing-unverified","DRAWING_UNCONFIRMED|EXTERNAL_WEB_PHOTO",0,2,0,0,4
"sport-coat|suit-pockets|lower-pocket|lp-straight-jetted-65","sport-coat","Straight Jetted Flap 6.5 cm",yes,"/images/blueprints/baoxiniao/jacket/REQPD/22.jpg","drawing-unverified","DRAWING_UNCONFIRMED|EXTERNAL_WEB_PHOTO",0,3,0,0,8
"sport-coat|suit-pockets|lower-pocket|lp-jetted-4","sport-coat","Straight Jetted Pocket 4 cm",yes,"/images/blueprints/supplier/f97bc3d4910c__0231__Besom.jpg","verified-match","EXTERNAL_WEB_PHOTO|HAS_OWNER_REFS",0,5,1,4,6
"sport-coat|suit-pockets|lower-pocket|lp-straight-jetted","sport-coat","Straight Jetted Pocket",yes,"/images/blueprints/baoxiniao/jacket/REQPD/D.jpg","drawing-unverified","DRAWING_UNCONFIRMED",0,9,0,0,0
"sport-coat|suit-pockets|lower-pocket|lp-slanted-jetted","sport-coat","Slanted Jetted Pocket",yes,"/images/blueprints/baoxiniao/jacket/REQPD/J.jpg","drawing-unverified","DRAWING_UNCONFIRMED",0,2,0,0,0
"sport-coat|suit-pockets|lower-pocket|lp-large-slanted-jetted","sport-coat","Large Slanted Jetted Pocket",yes,"/images/blueprints/baoxiniao/jacket/REQPD/S.jpg","drawing-unverified","DRAWING_UNCONFIRMED|EXTERNAL_WEB_PHOTO",0,2,0,0,2
"sport-coat|suit-pockets|lower-pocket|lp-welt-10","sport-coat","Welt Pocket 1.0 cm",yes,"","missing","NO_DRAWING",0,2,0,0,0
"sport-coat|suit-pockets|lower-pocket|lp-welt-12","sport-coat","Welt Pocket 1.2 cm",yes,"","missing","NO_DRAWING",0,2,0,0,0
"sport-coat|suit-pockets|lower-pocket|lp-welt-15","sport-coat","Welt Pocket 1.5 cm",yes,"","missing","NO_DRAWING",0,2,0,0,0
"sport-coat|suit-pockets|lower-pocket|lp-rl-flat-55","sport-coat","RL Flat Dress Pocket 5.5 cm",yes,"/images/blueprints/baoxiniao/jacket/REQPD/SA.jpg","drawing-unverified","DRAWING_UNCONFIRMED|HAS_OWNER_REFS",0,2,0,1,0
"sport-coat|suit-pockets|lower-pocket|lp-patch","sport-coat","Patch Pocket",yes,"/images/blueprints/supplier/59c3e6007dd6__02J1__Patch.jpg","drawing-unverified","DRAWING_UNCONFIRMED|EXTERNAL_WEB_PHOTO",0,3,0,0,8
"sport-coat|suit-pockets|lower-pocket|lp-patch-rounded","sport-coat","Rounded Patch",yes,"/images/blueprints/supplier/a8da948466fd__02K0__Curved_patch.jpg","drawing-unverified","DRAWING_UNCONFIRMED|EXTERNAL_WEB_PHOTO",0,3,0,0,10
"sport-coat|suit-pockets|lower-pocket|lp-patch-flap","sport-coat","Patch with Basic Flap",yes,"/images/blueprints/supplier/dedd5aef23db__02L2__Patch_with_flap.jpg","drawing-unverified","DRAWING_UNCONFIRMED|EXTERNAL_WEB_PHOTO",0,3,0,0,10
"sport-coat|suit-pockets|lower-pocket|lp-patch-flap-btn","sport-coat","Patch with Flap & Button",yes,"","missing","DRAWING_IS_PHOTO|NO_DRAWING|HAS_OWNER_REFS",0,2,0,1,0
"sport-coat|suit-pockets|lower-pocket|lp-patch-btn-tab-round","sport-coat","Patch + Rounded Button Tab",yes,"/images/blueprints/baoxiniao/jacket/REQPD/7.jpg","drawing-unverified","DRAWING_UNCONFIRMED",0,2,0,0,0
"sport-coat|suit-pockets|lower-pocket|lp-patch-btn-tab-straight","sport-coat","Patch + Straight Button Tab",yes,"/images/blueprints/baoxiniao/jacket/REQPD/6.jpg","drawing-unverified","DRAWING_UNCONFIRMED",0,2,0,0,0
"sport-coat|suit-pockets|lower-pocket|lp-patch-btn-tab-angled","sport-coat","Patch + Angled Button Tab",yes,"/images/blueprints/baoxiniao/jacket/REQPD/5.jpg","drawing-unverified","DRAWING_UNCONFIRMED",0,2,0,0,0
"sport-coat|suit-pockets|lower-pocket|lp-inverted-flap","sport-coat","Inverted Pleated + Basic Flap",yes,"/images/blueprints/baoxiniao/jacket/REQPD/20.jpg","drawing-unverified","DRAWING_UNCONFIRMED|EXTERNAL_WEB_PHOTO",0,2,0,0,2
"sport-coat|suit-pockets|lower-pocket|lp-inverted-flap-btn","sport-coat","Inverted Pleated + Flap & Button",yes,"/images/blueprints/baoxiniao/jacket/REQPD/236.jpg","drawing-unverified","DRAWING_UNCONFIRMED",0,2,0,0,0
"sport-coat|suit-pockets|lower-pocket|lp-inverted-angled-flap-btn","sport-coat","Inverted Pleated + Angled Flap & Button",yes,"/images/blueprints/baoxiniao/jacket/REQPD/19.jpg","drawing-unverified","DRAWING_UNCONFIRMED",0,2,0,0,0
"sport-coat|suit-pockets|lower-pocket|lp-jetted-btn-tab","sport-coat","Jetted + Button Tab",yes,"/images/blueprints/supplier/b390170669a3__02M1__Besom_with_tab_and_button.jpg","drawing-unverified","DRAWING_UNCONFIRMED",0,3,0,0,0
"sport-coat|suit-pockets|lower-pocket|lp-box-pleat-flap","sport-coat","Box Patch Pocket + Flap",yes,"/images/blueprints/baoxiniao/jacket/REQPD/234.jpg","drawing-unverified","DRAWING_UNCONFIRMED",0,2,0,0,0
"sport-coat|suit-pockets|lower-pocket|lp-angled-box-pleat","sport-coat","Angled Box Pleat Patch",yes,"/images/blueprints/baoxiniao/jacket/REQPD/BE.jpg","drawing-unverified","DRAWING_UNCONFIRMED",0,2,0,0,0
"sport-coat|suit-pockets|lower-pocket|lp-multi-pleat","sport-coat","Multi-Pleat Patch",yes,"/images/blueprints/baoxiniao/jacket/REQPD/S1.jpg","drawing-unverified","DRAWING_UNCONFIRMED",0,2,0,0,0
"sport-coat|suit-pockets|lower-pocket|lp-water-drop","sport-coat","Water-drop Shape Patch",yes,"/images/blueprints/baoxiniao/jacket/REQPD/HMD.jpg","drawing-unverified","DRAWING_UNCONFIRMED|EXTERNAL_WEB_PHOTO",0,2,0,0,4
"sport-coat|suit-pockets|lower-pocket-bartack|bartack-none","sport-coat","None",yes,"/images/blueprints/baoxiniao/jacket/REKPO/D.jpg","drawing-unverified","DRAWING_UNCONFIRMED|EXTERNAL_WEB_PHOTO|NO_USABLE_PHOTO",0,0,0,0,10
"sport-coat|suit-pockets|lower-pocket-bartack|bartack-d","sport-coat","D-Bartack",yes,"/images/blueprints/baoxiniao/jacket/REKPO/A.jpg","drawing-unverified","DRAWING_UNCONFIRMED|EXTERNAL_WEB_PHOTO|NO_USABLE_PHOTO",0,0,0,0,10
"sport-coat|suit-pockets|lower-pocket-bartack|bartack-i","sport-coat","I-Bartack",yes,"/images/blueprints/baoxiniao/jacket/REKPO/B.jpg","drawing-unverified","DRAWING_UNCONFIRMED|EXTERNAL_WEB_PHOTO|NO_USABLE_PHOTO",0,0,0,0,2
"sport-coat|suit-pockets|lower-pocket-bartack|bartack-x","sport-coat","X-Bartack",yes,"/images/blueprints/baoxiniao/jacket/REKPO/C.jpg","drawing-unverified","DRAWING_UNCONFIRMED|EXTERNAL_WEB_PHOTO|NO_USABLE_PHOTO",0,0,0,0,10
"sport-coat|suit-pockets|lower-pocket-bartack|bartack-1","sport-coat","1-Bartack",yes,"/images/blueprints/baoxiniao/jacket/REKPO/E.jpg","drawing-unverified","DRAWING_UNCONFIRMED|NO_USABLE_PHOTO",0,0,0,0,0
"sport-coat|suit-pockets|ticket-pocket|tp-none","sport-coat","None",yes,"/images/blueprints/baoxiniao/jacket/KPOKD/D.jpg","drawing-unverified","DRAWING_UNCONFIRMED|NO_USABLE_PHOTO",0,0,0,0,0
"sport-coat|suit-pockets|ticket-pocket|tp-jetted","sport-coat","Jetted Ticket Pocket",yes,"/images/blueprints/baoxiniao/jacket/KPOKD/B.jpg","drawing-unverified","DRAWING_UNCONFIRMED|EXTERNAL_WEB_PHOTO",0,2,0,0,4
"sport-coat|suit-pockets|ticket-pocket|tp-welt","sport-coat","Welt Ticket Pocket",yes,"/images/blueprints/baoxiniao/jacket/KPOKD/C.jpg","drawing-unverified","DRAWING_UNCONFIRMED",0,2,0,0,0
"sport-coat|suit-pockets|ticket-pocket|tp-card-italian","sport-coat","Italian Card Slot",yes,"/images/blueprints/baoxiniao/jacket/KPOKD/25K.jpg","drawing-unverified","DRAWING_UNCONFIRMED|EXTERNAL_WEB_PHOTO|NO_USABLE_PHOTO",0,0,0,0,4
"sport-coat|suit-pockets|ticket-pocket|tp-card-formal","sport-coat","Formal Card Holder",no,"/images/blueprints/baoxiniao/jacket/KPOKD/25Q.jpg","drawing-unverified","DRAWING_UNCONFIRMED|EXTERNAL_WEB_PHOTO",0,0,0,0,4
"sport-coat|suit-pockets|ticket-pocket|tp-rl-card","sport-coat","RL Card Pocket",yes,"/images/blueprints/baoxiniao/jacket/KPOKD/EG.jpg","drawing-unverified","DRAWING_UNCONFIRMED|NO_USABLE_PHOTO",0,0,0,0,0
"sport-coat|suit-pockets|ticket-pocket|tp-flap-40","sport-coat","Flap 4.0 cm",yes,"/images/blueprints/baoxiniao/jacket/KPOKD/J.jpg","drawing-unverified","DRAWING_UNCONFIRMED|EXTERNAL_WEB_PHOTO|NO_USABLE_PHOTO",0,0,0,0,10
"sport-coat|suit-pockets|ticket-pocket|tp-flap-45","sport-coat","Flap 4.5 cm",yes,"/images/blueprints/baoxiniao/jacket/KPOKD/F.jpg","drawing-unverified","DRAWING_UNCONFIRMED|NO_USABLE_PHOTO",0,0,0,0,0
"sport-coat|suit-pockets|ticket-pocket|tp-flap-50","sport-coat","Flap 5.0 cm",yes,"/images/blueprints/baoxiniao/jacket/KPOKD/G.jpg","drawing-unverified","DRAWING_UNCONFIRMED|NO_USABLE_PHOTO",0,0,0,0,0
"sport-coat|suit-pockets|ticket-pocket|tp-flap-55","sport-coat","Flap 5.5 cm",yes,"/images/blueprints/baoxiniao/jacket/KPOKD/H.jpg","drawing-unverified","DRAWING_UNCONFIRMED|NO_USABLE_PHOTO",0,0,0,0,0
"sport-coat|suit-pockets|ticket-pocket|tp-flap-60","sport-coat","Flap 6.0 cm",yes,"/images/blueprints/baoxiniao/jacket/KPOKD/I.jpg","drawing-unverified","DRAWING_UNCONFIRMED|NO_USABLE_PHOTO",0,0,0,0,0
"sport-coat|suit-pockets|coin-pocket|coin-none","sport-coat","None",yes,"/images/blueprints/baoxiniao/jacket/KAXDK/Z.jpg","drawing-unverified","DRAWING_UNCONFIRMED",0,2,0,0,0
"sport-coat|suit-pockets|coin-pocket|coin-left","sport-coat","Left Side",yes,"/images/blueprints/baoxiniao/jacket/KAXDK/A.jpg","drawing-unverified","DRAWING_UNCONFIRMED|NO_USABLE_PHOTO",0,0,0,0,0
"sport-coat|suit-pockets|coin-pocket|coin-right","sport-coat","Right Side",yes,"/images/blueprints/baoxiniao/jacket/KAXDK/B.jpg","drawing-unverified","DRAWING_UNCONFIRMED",0,2,0,0,0
"sport-coat|suit-pockets|coin-pocket|coin-both","sport-coat","Both Sides",yes,"/images/blueprints/baoxiniao/jacket/KAXDK/C.jpg","drawing-unverified","DRAWING_UNCONFIRMED|NO_USABLE_PHOTO",0,0,0,0,0
"sport-coat|front-style|button-config|sb-1","sport-coat","SB 1 Button",yes,"/images/supplier-bb/REQBT/1.jpg","drawing-unverified","DRAWING_UNCONFIRMED|EXTERNAL_WEB_PHOTO",0,2,0,0,10
"sport-coat|front-style|button-config|sb-2","sport-coat","SB 2 Buttons",yes,"/images/supplier-bb/REQBT/2.jpg","drawing-unverified","DRAWING_UNCONFIRMED|EXTERNAL_WEB_PHOTO",0,2,0,0,10
"sport-coat|front-style|button-config|sb-3","sport-coat","SB 3 Buttons",yes,"/images/supplier-bb/REQBT/3.jpg","drawing-unverified","DRAWING_UNCONFIRMED|EXTERNAL_WEB_PHOTO",0,4,0,0,10
"sport-coat|front-style|button-config|sb-4","sport-coat","SB 4 Buttons",yes,"/images/supplier-bb/REQBT/4.jpg","drawing-unverified","DRAWING_UNCONFIRMED",0,4,0,0,0
"sport-coat|front-style|button-config|sb-3-roll-2","sport-coat","SB 3 Roll 2",yes,"/images/supplier-bb/REQBT/5.jpg","drawing-unverified","DRAWING_UNCONFIRMED|EXTERNAL_WEB_PHOTO",0,2,0,0,10
"sport-coat|front-style|button-config|sb-4-roll-3","sport-coat","SB 4 Roll 3",yes,"/images/supplier-bb/REQBT/6.jpg","drawing-unverified","DRAWING_UNCONFIRMED|EXTERNAL_WEB_PHOTO",0,2,0,0,10
"sport-coat|front-style|button-config|sb-5-hidden","sport-coat","SB 5 Hidden Button",yes,"/images/supplier-bb/REQBT/26.jpg","drawing-unverified","DRAWING_UNCONFIRMED|EXTERNAL_WEB_PHOTO",0,2,0,0,10
"sport-coat|front-style|button-config|sb-5","sport-coat","SB 5 Buttons",yes,"/images/blueprints/baoxiniao/jacket/REQBT/27.jpg","drawing-unverified","DRAWING_UNCONFIRMED",0,2,0,0,0
"sport-coat|front-style|button-config|db-2x1","sport-coat","DB 2 × 1",yes,"/images/blueprints/baoxiniao/jacket/REQBT/8.jpg","drawing-unverified","DRAWING_UNCONFIRMED|EXTERNAL_WEB_PHOTO",0,2,0,0,10
"sport-coat|front-style|button-config|db-4x1","sport-coat","DB 4 × 1",yes,"/images/blueprints/baoxiniao/jacket/REQBT/9.jpg","drawing-unverified","DRAWING_UNCONFIRMED|EXTERNAL_WEB_PHOTO",0,2,0,0,10
"sport-coat|front-style|button-config|db-4x2","sport-coat","DB 4 × 2",yes,"/images/blueprints/baoxiniao/jacket/REQBT/11.jpg","drawing-unverified","DRAWING_UNCONFIRMED|EXTERNAL_WEB_PHOTO",0,2,0,0,10
"sport-coat|front-style|button-config|db-6x1","sport-coat","DB 6 × 1",yes,"/images/blueprints/baoxiniao/jacket/REQBT/10.jpg","drawing-unverified","DRAWING_UNCONFIRMED|EXTERNAL_WEB_PHOTO",0,2,0,0,10
"sport-coat|front-style|button-config|db-6x2","sport-coat","DB 6 × 2",yes,"/images/blueprints/baoxiniao/jacket/REQBT/12.jpg","drawing-unverified","DRAWING_UNCONFIRMED|EXTERNAL_WEB_PHOTO",0,2,0,0,10
"sport-coat|front-style|button-config|db-6x3","sport-coat","DB 6 × 3",yes,"/images/blueprints/baoxiniao/jacket/REQBT/13.jpg","drawing-unverified","DRAWING_UNCONFIRMED|EXTERNAL_WEB_PHOTO",0,2,0,0,10
"sport-coat|front-style|front-buttonhole|fbh-machine","sport-coat","By Machine",yes,"/images/blueprints/baoxiniao/jacket/GLKMO/A.jpg","drawing-unverified","DRAWING_UNCONFIRMED|NO_USABLE_PHOTO",0,0,0,0,0
"sport-coat|front-style|front-buttonhole|fbh-hands","sport-coat","By Hand",yes,"/images/blueprints/baoxiniao/jacket/GLKMO/H.jpg","drawing-unverified","DRAWING_UNCONFIRMED|NO_USABLE_PHOTO",0,0,0,0,0
"sport-coat|front-style|chest-dart|cd-minus-2","sport-coat","-2 cm",yes,"/images/supplier-bb/KWAML/A.jpg","drawing-unverified","DRAWING_UNCONFIRMED|SHARED_DRAWING",0,2,0,0,0
"sport-coat|front-style|chest-dart|cd-minus-3","sport-coat","-3 cm",yes,"/images/supplier-bb/KWAML/B.jpg","drawing-unverified","DRAWING_UNCONFIRMED|SHARED_DRAWING",0,2,0,0,0
"sport-coat|front-style|chest-dart|cd-standard","sport-coat","Standard",yes,"/images/supplier-bb/KWAML/Z.jpg","drawing-unverified","DRAWING_UNCONFIRMED",1,5,0,0,0
"sport-coat|front-style|chest-dart|cd-plus-2","sport-coat","+2 cm",yes,"/images/supplier-bb/KWAML/A.jpg","drawing-unverified","DRAWING_UNCONFIRMED|SHARED_DRAWING",1,2,0,0,0
"sport-coat|front-style|chest-dart|cd-plus-3","sport-coat","+3 cm",yes,"/images/supplier-bb/KWAML/B.jpg","drawing-unverified","DRAWING_UNCONFIRMED|SHARED_DRAWING",1,2,0,0,0
"sport-coat|front-style|hem-gusset|hem-round","sport-coat","Round Hem",yes,"/images/supplier-bb/REQXB/P.jpg","drawing-unverified","DRAWING_UNCONFIRMED",0,3,1,0,0
"sport-coat|front-style|hem-gusset|hem-round-06","sport-coat","Round Hem +0.6 cm",yes,"/images/supplier-bb/REQXB/M.jpg","drawing-unverified","DRAWING_UNCONFIRMED",0,2,0,0,0
"sport-coat|front-style|hem-gusset|hem-squared","sport-coat","Squared Bottom",yes,"/images/supplier-bb/REQXB/Q.jpg","drawing-unverified","DRAWING_UNCONFIRMED",1,4,0,2,0
"sport-coat|front-style|hem-gusset|hem-small-curve","sport-coat","Small Curved Bottom",yes,"","missing","NO_DRAWING|NO_USABLE_PHOTO",0,0,0,0,0
"sport-coat|front-style|hem-gusset|hem-big-curve","sport-coat","Large Curved Bottom",yes,"","missing","NO_DRAWING|NO_USABLE_PHOTO",0,0,0,0,0
"sport-coat|front-style|hem-gusset|hem-dr-round","sport-coat","DR Round Hem",yes,"/images/supplier-bb/REQXB/D.jpg","drawing-unverified","DRAWING_UNCONFIRMED",0,1,1,0,0
"sport-coat|sleeves-cuffs|sleeve-vent|sv-none","sport-coat","None",yes,"/images/blueprints/baoxiniao/jacket/GCOXC/N.jpg","drawing-unverified","DRAWING_UNCONFIRMED|EXTERNAL_WEB_PHOTO|NO_USABLE_PHOTO",0,0,0,0,10
"sport-coat|sleeves-cuffs|sleeve-vent|sv-mock","sport-coat","Mock / Show Vent",yes,"/images/blueprints/baoxiniao/jacket/GCOXC/B.jpg","drawing-unverified","DRAWING_UNCONFIRMED|EXTERNAL_WEB_PHOTO|NO_USABLE_PHOTO",0,0,0,0,10
"sport-coat|sleeves-cuffs|sleeve-vent|sv-functional","sport-coat","Functional (Working)",no,"/images/blueprints/baoxiniao/jacket/GCOXC/A.jpg","drawing-unverified","DRAWING_UNCONFIRMED|EXTERNAL_WEB_PHOTO",0,0,0,0,10
"sport-coat|sleeves-cuffs|sleeve-vent|sv-functional-mock","sport-coat","Functional + Mock Vent",yes,"/images/blueprints/baoxiniao/jacket/GCOXC/C.jpg","drawing-unverified","DRAWING_UNCONFIRMED|EXTERNAL_WEB_PHOTO|NO_USABLE_PHOTO",0,0,0,0,10
"sport-coat|sleeves-cuffs|sleeve-vent|sv-functional-no-bh","sport-coat","Functional (No Buttonhole)",yes,"/images/blueprints/baoxiniao/jacket/GCOXC/D.jpg","drawing-unverified","DRAWING_UNCONFIRMED|EXTERNAL_WEB_PHOTO|NO_USABLE_PHOTO",0,0,0,0,10
"sport-coat|sleeves-cuffs|cuff-style|cuff-angled","sport-coat","Angled Vent Cuff",yes,"/images/blueprints/baoxiniao/jacket/KFAXK/X.jpg","drawing-unverified","DRAWING_UNCONFIRMED|EXTERNAL_WEB_PHOTO",0,2,0,0,2
"sport-coat|sleeves-cuffs|cuff-style|cuff-square","sport-coat","Square Cuff",yes,"/images/blueprints/baoxiniao/jacket/KFAXK/A.jpg","drawing-unverified","DRAWING_UNCONFIRMED",0,2,0,0,0
"sport-coat|sleeves-cuffs|cuff-style|cuff-round","sport-coat","Round Cuff",yes,"/images/blueprints/baoxiniao/jacket/KFAXK/B.jpg","drawing-unverified","DRAWING_UNCONFIRMED|EXTERNAL_WEB_PHOTO",0,2,0,0,10
"sport-coat|sleeves-cuffs|cuff-style|cuff-british","sport-coat","British Turn-up",yes,"/images/blueprints/baoxiniao/jacket/KFAXK/C.jpg","drawing-unverified","DRAWING_UNCONFIRMED|EXTERNAL_WEB_PHOTO",0,2,0,0,2
"sport-coat|sleeves-cuffs|cuff-style|cuff-turnback-35","sport-coat","Turn-back 3.5 cm",yes,"/images/blueprints/baoxiniao/jacket/KFAXK/C2.jpg","drawing-unverified","DRAWING_UNCONFIRMED",0,2,0,0,0
"sport-coat|sleeves-cuffs|cuff-style|cuff-turnback-40","sport-coat","Turn-back 4.0 cm",yes,"/images/blueprints/baoxiniao/jacket/KFAXK/C3.jpg","drawing-unverified","DRAWING_UNCONFIRMED",0,2,0,0,0
"sport-coat|sleeves-cuffs|cuff-button-number|cb-none","sport-coat","None",yes,"/images/blueprints/supplier/2115e257c4a1__0626__No.jpg","drawing-unverified","DRAWING_UNCONFIRMED",1,2,0,0,0
"sport-coat|sleeves-cuffs|cuff-button-number|cb-1","sport-coat","1 Button",yes,"/images/blueprints/supplier/71e4a88d0f42__0623__1_button_32L.jpg","drawing-unverified","DRAWING_UNCONFIRMED",1,2,0,0,0
"sport-coat|sleeves-cuffs|cuff-button-number|cb-2","sport-coat","2 Buttons",yes,"/images/blueprints/supplier/36f9c9757607__0629__2_flat.jpg","drawing-unverified","DRAWING_UNCONFIRMED",1,2,0,0,0
"sport-coat|sleeves-cuffs|cuff-button-number|cb-3","sport-coat","3 Buttons",yes,"/images/blueprints/supplier/394fbc5e5ce3__0624__3_flat.jpg","drawing-unverified","DRAWING_UNCONFIRMED",1,2,0,0,0
"sport-coat|sleeves-cuffs|cuff-button-number|cb-4","sport-coat","4 Buttons",yes,"/images/blueprints/baoxiniao/jacket/GTEXK/4.jpg","drawing-unverified","DRAWING_UNCONFIRMED|NO_USABLE_PHOTO",0,0,0,0,0
"sport-coat|sleeves-cuffs|cuff-button-number|cb-5","sport-coat","5 Buttons",yes,"/images/blueprints/supplier/91d5e77db9c2__0627__5_flat.jpg","drawing-unverified","DRAWING_UNCONFIRMED",1,4,0,0,0
"sport-coat|sleeves-cuffs|cuff-button-number|cb-6","sport-coat","6 Buttons",yes,"/images/blueprints/supplier/c356ed45a535__06X1__6_flat.jpg","drawing-unverified","DRAWING_UNCONFIRMED",1,2,0,0,0
"sport-coat|sleeves-cuffs|cuff-button-spacing|bs-no-kiss","sport-coat","No Kissing (Standard)",yes,"/images/blueprints/baoxiniao/jacket/GTEXJ/B.jpg","drawing-unverified","DRAWING_UNCONFIRMED|NO_USABLE_PHOTO",0,0,0,0,0
"sport-coat|sleeves-cuffs|cuff-button-spacing|bs-kissing","sport-coat","Kissing Buttons",yes,"/images/blueprints/factory/0cd41e2fb0ea__0630__2_kissing.jpg","verified-match","",1,2,0,0,0
"sport-coat|sleeves-cuffs|sleeve-buttonhole-dir|sbh-straight","sport-coat","Straight",yes,"/images/blueprints/factory/2002f8a736e6__AAAM__Normal.jpg","drawing-unverified","DRAWING_UNCONFIRMED|HAS_OWNER_REFS",0,6,1,4,0
"sport-coat|sleeves-cuffs|sleeve-buttonhole-dir|sbh-slant","sport-coat","Slanted",yes,"/images/blueprints/factory/fdbc0cbb0bb5__AAAN__Normal_slanted.jpg","drawing-unverified","DRAWING_UNCONFIRMED",1,7,0,1,0
"sport-coat|back-vents|back-vent-style|bv-none","sport-coat","No Vent",yes,"/images/blueprints/baoxiniao/jacket/REQAP/A.jpg","drawing-unverified","DRAWING_UNCONFIRMED|EXTERNAL_WEB_PHOTO|NO_USABLE_PHOTO",0,0,0,0,10
"sport-coat|back-vents|back-vent-style|bv-center","sport-coat","Center Vent",yes,"/images/supplier-bb/REQAP/B.jpg","drawing-unverified","DRAWING_UNCONFIRMED|EXTERNAL_WEB_PHOTO",1,2,0,0,10
"sport-coat|back-vents|back-vent-style|bv-side","sport-coat","Side Vents",yes,"/images/supplier-bb/REQAP/C.jpg","drawing-unverified","DRAWING_UNCONFIRMED|EXTERNAL_WEB_PHOTO",1,4,0,0,10
"sport-coat|back-vents|back-vent-style|bv-side-belt","sport-coat","Side Vents + Inner Belt",yes,"/images/blueprints/baoxiniao/jacket/REQAP/D.jpg","drawing-unverified","DRAWING_UNCONFIRMED|EXTERNAL_WEB_PHOTO|NO_USABLE_PHOTO",0,0,0,0,10
"sport-coat|back-vents|back-vent-style|bv-side-fixed-belt","sport-coat","Side Vents + Fixed Belt",yes,"/images/supplier-bb/REQAP/F.jpg","drawing-unverified","DRAWING_UNCONFIRMED|EXTERNAL_WEB_PHOTO",1,2,0,0,10
"sport-coat|back-vents|elbow-patch|ep-none","sport-coat","None",no,"","missing","NO_DRAWING|EXTERNAL_WEB_PHOTO",0,0,0,0,10
"sport-coat|back-vents|elbow-patch|ep-round","sport-coat","Round Elbow Patch",no,"/images/blueprints/factory/8cb87a0ca11c__0609__Round.png","drawing-unverified","DRAWING_UNCONFIRMED|EXTERNAL_WEB_PHOTO",1,5,0,0,10
"sport-coat|back-vents|elbow-patch|ep-round-sleeve","sport-coat","Round Sleeve Patch",yes,"/images/blueprints/factory/311c9fe6f45a__0610__Oval.png","drawing-unverified","DRAWING_UNCONFIRMED|EXTERNAL_WEB_PHOTO",0,1,0,0,10
"sport-coat|back-vents|external-decoration|ext-none","sport-coat","None",yes,"/images/blueprints/baoxiniao/jacket/JWBZS/Z.jpg","drawing-unverified","DRAWING_UNCONFIRMED|NO_USABLE_PHOTO",0,0,0,0,0
"sport-coat|back-vents|external-decoration|ext-loop-flat","sport-coat","Front Chest Horizontal Button Loop",yes,"/images/blueprints/baoxiniao/jacket/JWBZS/D.jpg","drawing-unverified","DRAWING_UNCONFIRMED",0,2,0,0,0
"sport-coat|back-vents|external-decoration|ext-loop-slanted","sport-coat","Front Chest Slanted Button Loop",yes,"/images/blueprints/baoxiniao/jacket/JWBZS/XD.jpg","drawing-unverified","DRAWING_UNCONFIRMED",0,2,0,0,0
"sport-coat|handmade|handmade-type|hm-none","sport-coat","Standard Machine",yes,"/images/blueprints/factory/13c1b88ec1cb__0570__No.png","drawing-unverified","DRAWING_UNCONFIRMED|EXTERNAL_WEB_PHOTO",1,2,0,0,10
"sport-coat|handmade|handmade-type|hm-individual","sport-coat","Individual Handmade Parts",yes,"/images/blueprints/factory/01c43a2f9084__08C0__Manually_sewing_lapel.png","drawing-unverified","DRAWING_UNCONFIRMED|SHARED_DRAWING",0,2,1,0,0
"sport-coat|handmade|handmade-type|hm-full","sport-coat","Full Hand-made",yes,"/images/blueprints/factory/01c43a2f9084__08C0__Manually_sewing_lapel.png","drawing-unverified","DRAWING_UNCONFIRMED|EXTERNAL_WEB_PHOTO|SHARED_DRAWING",0,1,0,0,10
"sport-coat|handmade|handmade-decorative|hmd-none","sport-coat","None",yes,"","missing","NO_DRAWING|EXTERNAL_WEB_PHOTO|NO_USABLE_PHOTO",0,0,0,0,10
"sport-coat|handmade|handmade-decorative|hmd-shoulder","sport-coat","Shoulder Seam Only",yes,"/images/blueprints/baoxiniao/jacket/REFUO/B.jpg","drawing-unverified","DRAWING_UNCONFIRMED|EXTERNAL_WEB_PHOTO|NO_USABLE_PHOTO",0,0,0,0,10
"sport-coat|handmade|handmade-decorative|hmd-shoulder-vent","sport-coat","Shoulder + Sleeve/Back Vent",yes,"/images/blueprints/baoxiniao/jacket/REFUO/A.jpg","drawing-unverified","DRAWING_UNCONFIRMED|EXTERNAL_WEB_PHOTO|NO_USABLE_PHOTO",0,0,0,0,10
"sport-coat|handmade|handmade-decorative|hmd-full","sport-coat","Full — Shoulder, Vents, Chest Pocket, Buttonholes",yes,"/images/blueprints/baoxiniao/jacket/REFUO/D.jpg","drawing-unverified","DRAWING_UNCONFIRMED|EXTERNAL_WEB_PHOTO|NO_USABLE_PHOTO",0,0,0,0,10
"sport-coat|handmade|sewing-button-style|sbs-machine","sport-coat","Regular Machine Sewing",no,"","missing","NO_DRAWING|EXTERNAL_WEB_PHOTO",0,0,0,0,10
"sport-coat|handmade|sewing-button-style|sbs-cross-hand","sport-coat","Crossing Stitch by Hand (X)",no,"","missing","NO_DRAWING|EXTERNAL_WEB_PHOTO",0,0,0,0,10
"sport-coat|handmade|sewing-button-style|sbs-down-hand","sport-coat","""↓"" Stitch by Hand",no,"","missing","NO_DRAWING|EXTERNAL_WEB_PHOTO",0,0,0,0,2
"sport-coat|handmade|sewing-button-style|sbs-eq-hand","sport-coat","""="" Stitch by Hand",no,"","missing","NO_DRAWING",0,0,0,0,0
"sport-coat|handmade|sewing-button-style|sbs-sq-hand","sport-coat","""□"" Stitch by Hand",no,"","missing","NO_DRAWING",0,0,0,0,0
"sport-coat|handmade|sewing-button-style|sbs-under-hand","sport-coat","Button Under Layer by Hand",no,"","missing","NO_DRAWING|EXTERNAL_WEB_PHOTO",0,0,0,0,10
"sport-coat|handmade|sleeve-buttonhole-type|slbh-machine","sport-coat","By Machine",yes,"/images/blueprints/baoxiniao/jacket/GXKMO/A.jpg","drawing-unverified","DRAWING_UNCONFIRMED|NO_USABLE_PHOTO",0,0,0,0,0
"sport-coat|handmade|sleeve-buttonhole-type|slbh-hands","sport-coat","By Hand",yes,"/images/blueprints/baoxiniao/jacket/GXKMO/H.jpg","drawing-unverified","DRAWING_UNCONFIRMED|NO_USABLE_PHOTO",0,0,0,0,0
"sport-coat|suit-details|pick-stitching|ps-none","sport-coat","None",yes,"/images/blueprints/baoxiniao/jacket/GTEGZ/A.jpg","drawing-unverified","DRAWING_UNCONFIRMED|EXTERNAL_WEB_PHOTO|NO_USABLE_PHOTO",0,0,0,0,10
"sport-coat|suit-details|pick-stitching|ps-015-machine","sport-coat","0.15 cm Machine",yes,"/images/blueprints/baoxiniao/jacket/GTEGZ/B.jpg","drawing-unverified","DRAWING_UNCONFIRMED|EXTERNAL_WEB_PHOTO",0,2,0,0,10
"sport-coat|suit-details|pick-stitching|ps-06-machine","sport-coat","0.6 cm Machine",yes,"/images/blueprints/baoxiniao/jacket/GTEGZ/C.jpg","drawing-unverified","DRAWING_UNCONFIRMED|EXTERNAL_WEB_PHOTO",0,2,0,0,10
"sport-coat|suit-details|pick-stitching|ps-top-06","sport-coat","Top Stitch 0.6 cm",yes,"/images/blueprints/baoxiniao/jacket/GTEGZ/G.jpg","drawing-unverified","DRAWING_UNCONFIRMED|NO_USABLE_PHOTO",0,0,0,0,0
"sport-coat|suit-details|pick-stitching|ps-top-4cm","sport-coat","Top Stitch 4 cm from Edge",yes,"/images/blueprints/baoxiniao/jacket/GTEGZ/H.jpg","drawing-unverified","DRAWING_UNCONFIRMED",0,2,0,0,0
"sport-coat|suit-details|pick-stitching|ps-015-hand","sport-coat","0.15 cm by Hand",yes,"/images/blueprints/baoxiniao/jacket/GTEGZ/D.jpg","drawing-unverified","DRAWING_UNCONFIRMED|NO_USABLE_PHOTO",0,0,0,0,0
"sport-coat|suit-details|pick-stitching|ps-06-hand","sport-coat","0.6 cm by Hand",yes,"/images/blueprints/baoxiniao/jacket/GTEGZ/E.jpg","drawing-unverified","DRAWING_UNCONFIRMED|NO_USABLE_PHOTO",0,0,0,0,0
"sport-coat|suit-details|pick-stitching|ps-double","sport-coat","Double (0.15 + 0.6 cm)",yes,"/images/blueprints/baoxiniao/jacket/GTEGZ/F.jpg","drawing-unverified","DRAWING_UNCONFIRMED|EXTERNAL_WEB_PHOTO",0,2,0,0,2
"sport-coat|suit-details|pick-stitching-position|psp-lapel-front","sport-coat","Lapel, Collar, Front, Pocket, Sleeve Vent",yes,"/images/blueprints/baoxiniao/jacket/REQGZ/C.jpg","drawing-unverified","DRAWING_UNCONFIRMED",0,2,0,0,0
"sport-coat|suit-details|pick-stitching-position|psp-plus-back","sport-coat","+ Back Vent",yes,"/images/blueprints/baoxiniao/jacket/REQGZ/B.jpg","drawing-unverified","DRAWING_UNCONFIRMED|NO_USABLE_PHOTO",0,0,0,0,0
"sport-coat|suit-details|pick-stitching-position|psp-all-seams","sport-coat","All Seams",yes,"/images/blueprints/baoxiniao/jacket/REQGZ/J.jpg","drawing-unverified","DRAWING_UNCONFIRMED|NO_USABLE_PHOTO",0,0,0,0,0
"sport-coat|suit-details|contrast-position|contrast-none","sport-coat","No Contrast",no,"","missing","NO_DRAWING|EXTERNAL_WEB_PHOTO",0,0,0,0,10
"sport-coat|suit-details|contrast-position|contrast-collar","sport-coat","Top Collar",no,"/images/supplier-bb/GCOPA/A.jpg","drawing-unverified","DRAWING_UNCONFIRMED|EXTERNAL_WEB_PHOTO",1,3,0,0,10
"sport-coat|suit-details|contrast-position|contrast-lapel","sport-coat","Lapel",no,"/images/supplier-bb/GCOPA/B.jpg","drawing-unverified","DRAWING_UNCONFIRMED|EXTERNAL_WEB_PHOTO",1,2,0,0,10
"sport-coat|suit-details|contrast-position|contrast-chest-pocket","sport-coat","Chest Pocket Trim",yes,"/images/blueprints/baoxiniao/jacket/GCOPA/D.jpg","drawing-unverified","DRAWING_UNCONFIRMED",1,2,0,0,0
"sport-coat|suit-details|contrast-position|contrast-lower-besom","sport-coat","Lower Pocket Besom",yes,"/images/supplier-bb/GCOPA/E.jpg","drawing-unverified","DRAWING_UNCONFIRMED",0,5,1,0,0
"sport-coat|suit-details|contrast-position|contrast-lower-flap","sport-coat","Lower Pocket Flap",yes,"/images/supplier-bb/GCOPA/Q.jpg","drawing-unverified","DRAWING_UNCONFIRMED",1,5,0,0,0
"sport-coat|suit-details|contrast-position|contrast-ticket-flap","sport-coat","Ticket Pocket Flap",yes,"/images/supplier-bb/GCOPA/P.jpg","drawing-unverified","DRAWING_UNCONFIRMED",1,4,0,0,0
"sport-coat|suit-details|contrast-position|contrast-ticket-besom","sport-coat","Ticket Pocket Besom",yes,"/images/supplier-bb/GCOPA/U.jpg","drawing-unverified","DRAWING_UNCONFIRMED",1,4,0,0,0
"sport-coat|suit-details|contrast-position|contrast-satin-lapel","sport-coat","Satin Piping on Lapel",no,"/images/blueprints/baoxiniao/jacket/GCOPA/W.jpg","drawing-unverified","DRAWING_UNCONFIRMED|EXTERNAL_WEB_PHOTO",1,2,0,0,10
"sport-coat|suit-details|columbia-piping|cp-none","sport-coat","None",yes,"/images/blueprints/baoxiniao/jacket/GTEZB/A.jpg","drawing-unverified","DRAWING_UNCONFIRMED|NO_USABLE_PHOTO",0,0,0,0,0
"sport-coat|suit-details|columbia-piping|cp-columbia","sport-coat","Columbia Stitching",yes,"/images/blueprints/baoxiniao/jacket/GTEZB/B.jpg","drawing-unverified","DRAWING_UNCONFIRMED|NO_USABLE_PHOTO",0,0,0,0,0
"sport-coat|suit-details|columbia-piping|cp-piping","sport-coat","Piping",yes,"/images/blueprints/baoxiniao/jacket/GTEZB/C.jpg","drawing-unverified","DRAWING_UNCONFIRMED|NO_USABLE_PHOTO",0,0,0,0,0
"sport-coat|suit-details|columbia-piping|cp-both","sport-coat","Columbia + Piping",yes,"/images/blueprints/baoxiniao/jacket/GTEZB/D.jpg","drawing-unverified","DRAWING_UNCONFIRMED|NO_USABLE_PHOTO",0,0,0,0,0
"sport-coat|interior|facing-style|facing-1","sport-coat","Facing 1",yes,"/images/blueprints/baoxiniao/jacket/KINGM/F.jpg","drawing-unverified","DRAWING_UNCONFIRMED|NO_USABLE_PHOTO",0,0,0,0,0
"sport-coat|interior|facing-style|facing-2","sport-coat","Facing 2",yes,"/images/blueprints/baoxiniao/jacket/KINGM/E.jpg","drawing-unverified","DRAWING_UNCONFIRMED|NO_USABLE_PHOTO",0,0,0,0,0
"sport-coat|interior|facing-style|facing-4","sport-coat","Facing 4",yes,"/images/blueprints/baoxiniao/jacket/KINGM/B.jpg","drawing-unverified","DRAWING_UNCONFIRMED|NO_USABLE_PHOTO",0,0,0,0,0
"sport-coat|interior|facing-style|facing-5","sport-coat","Facing 5",yes,"/images/blueprints/baoxiniao/jacket/KINGM/A.jpg","drawing-unverified","DRAWING_UNCONFIRMED|NO_USABLE_PHOTO",0,0,0,0,0
"sport-coat|interior|facing-style|facing-7","sport-coat","Facing 7",yes,"/images/blueprints/baoxiniao/jacket/KINGM/US66.jpg","drawing-unverified","DRAWING_UNCONFIRMED|NO_USABLE_PHOTO",0,0,0,0,0
"sport-coat|interior|facing-style|facing-9","sport-coat","Facing 9",yes,"/images/blueprints/baoxiniao/jacket/KINGM/DGG.jpg","drawing-unverified","DRAWING_UNCONFIRMED|NO_USABLE_PHOTO",0,0,0,0,0
"sport-coat|interior|facing-style|facing-half","sport-coat","For Half Lining",yes,"/images/blueprints/baoxiniao/jacket/KINGM/G.jpg","drawing-unverified","DRAWING_UNCONFIRMED|NO_USABLE_PHOTO",0,0,0,0,0
"sport-coat|interior|facing-style|facing-none","sport-coat","For No Lining",yes,"/images/blueprints/baoxiniao/jacket/KINGM/G03.jpg","drawing-unverified","DRAWING_UNCONFIRMED|NO_USABLE_PHOTO",0,0,0,0,0
"sport-coat|interior|pen-pocket|pen-none","sport-coat","None",yes,"/images/blueprints/baoxiniao/jacket/KPEND/Z.jpg","drawing-unverified","DRAWING_UNCONFIRMED",1,3,0,0,0
"sport-coat|interior|pen-pocket|pen-left-jetted","sport-coat","Left Jetted",yes,"/images/blueprints/baoxiniao/jacket/KPEND/A.jpg","drawing-unverified","DRAWING_UNCONFIRMED|NO_USABLE_PHOTO",0,0,0,0,0
"sport-coat|interior|pen-pocket|pen-left-drop","sport-coat","Left Drop-shape",yes,"/images/blueprints/baoxiniao/jacket/KPEND/B.jpg","drawing-unverified","DRAWING_UNCONFIRMED|NO_USABLE_PHOTO",0,0,0,0,0
"sport-coat|interior|pen-pocket|pen-left-diamond","sport-coat","Left Diamond",yes,"/images/blueprints/baoxiniao/jacket/KPEND/C.jpg","drawing-unverified","DRAWING_UNCONFIRMED|NO_USABLE_PHOTO",0,0,0,0,0
"sport-coat|interior|pen-pocket|pen-right-jetted","sport-coat","Right Jetted",yes,"/images/blueprints/baoxiniao/jacket/KPEND/D.jpg","drawing-unverified","DRAWING_UNCONFIRMED|NO_USABLE_PHOTO",0,0,0,0,0
"sport-coat|interior|pen-pocket|pen-right-drop","sport-coat","Right Drop-shape",yes,"/images/blueprints/baoxiniao/jacket/KPEND/E.jpg","drawing-unverified","DRAWING_UNCONFIRMED|NO_USABLE_PHOTO",0,0,0,0,0
"sport-coat|interior|pen-pocket|pen-right-diamond","sport-coat","Right Diamond",yes,"/images/blueprints/baoxiniao/jacket/KPEND/F.jpg","drawing-unverified","DRAWING_UNCONFIRMED|NO_USABLE_PHOTO",0,0,0,0,0
"sport-coat|interior|namecard-pocket|nc-none","sport-coat","None",yes,"/images/blueprints/baoxiniao/jacket/KNAMD/D.jpg","drawing-unverified","DRAWING_UNCONFIRMED|NO_USABLE_PHOTO",0,0,0,0,0
"sport-coat|interior|namecard-pocket|nc-left","sport-coat","Left Inner",yes,"/images/blueprints/baoxiniao/jacket/KNAMD/A.jpg","drawing-unverified","DRAWING_UNCONFIRMED|NO_USABLE_PHOTO",0,0,0,0,0
"sport-coat|interior|namecard-pocket|nc-right","sport-coat","Right Inner",yes,"/images/blueprints/baoxiniao/jacket/KNAMD/B.jpg","drawing-unverified","DRAWING_UNCONFIRMED|NO_USABLE_PHOTO",0,0,0,0,0
"sport-coat|interior|namecard-pocket|nc-both","sport-coat","Both Sides",yes,"/images/blueprints/baoxiniao/jacket/KNAMD/C.jpg","drawing-unverified","DRAWING_UNCONFIRMED|NO_USABLE_PHOTO",0,0,0,0,0
"sport-coat|interior|inner-ticket-pocket|itp-none","sport-coat","None",yes,"/images/blueprints/baoxiniao/jacket/REAPB/C.jpg","drawing-unverified","DRAWING_UNCONFIRMED|NO_USABLE_PHOTO",0,0,0,0,0
"sport-coat|interior|inner-ticket-pocket|itp-left","sport-coat","Left",yes,"/images/blueprints/baoxiniao/jacket/REAPB/A.jpg","drawing-unverified","DRAWING_UNCONFIRMED|NO_USABLE_PHOTO",0,0,0,0,0
"sport-coat|interior|inner-ticket-pocket|itp-right","sport-coat","Right",yes,"/images/blueprints/baoxiniao/jacket/REAPB/B.jpg","drawing-unverified","DRAWING_UNCONFIRMED|NO_USABLE_PHOTO",0,0,0,0,0
"sport-coat|interior|inner-ticket-pocket|itp-both","sport-coat","Left & Right",yes,"/images/blueprints/baoxiniao/jacket/REAPB/D.jpg","drawing-unverified","DRAWING_UNCONFIRMED|NO_USABLE_PHOTO",0,0,0,0,0
"sport-coat|interior|mp3-pocket|mp3-none","sport-coat","None",yes,"/images/blueprints/baoxiniao/jacket/KMPCD/A.jpg","drawing-unverified","DRAWING_UNCONFIRMED|NO_USABLE_PHOTO",0,0,0,0,0
"sport-coat|interior|mp3-pocket|mp3-left","sport-coat","Left Inner",yes,"/images/blueprints/baoxiniao/jacket/KMPCD/B.jpg","drawing-unverified","DRAWING_UNCONFIRMED|NO_USABLE_PHOTO",0,0,0,0,0
"sport-coat|interior|mp3-pocket|mp3-right","sport-coat","Right Inner",yes,"/images/blueprints/baoxiniao/jacket/KMPCD/C.jpg","drawing-unverified","DRAWING_UNCONFIRMED|NO_USABLE_PHOTO",0,0,0,0,0
"sport-coat|interior|inner-pocket-closure|ipc-none","sport-coat","None (Open)",yes,"/images/blueprints/baoxiniao/jacket/KALDF/D.jpg","drawing-unverified","DRAWING_UNCONFIRMED|NO_USABLE_PHOTO",0,0,0,0,0
"sport-coat|interior|inner-pocket-closure|ipc-d","sport-coat","D-Bartack",yes,"/images/supplier-bb/REKPO/A.jpg","drawing-unverified","DRAWING_UNCONFIRMED",0,1,1,0,0
"sport-coat|interior|inner-pocket-closure|ipc-i","sport-coat","I-Bartack",yes,"/images/supplier-bb/REKPO/B.jpg","drawing-unverified","DRAWING_UNCONFIRMED",1,4,0,0,0
"sport-coat|interior|inner-pocket-closure|ipc-x","sport-coat","X-Bartack",yes,"/images/supplier-bb/REKPO/C.jpg","drawing-unverified","DRAWING_UNCONFIRMED",1,4,0,0,0
"sport-coat|interior|perfume-pad|pp-none","sport-coat","None",yes,"/images/blueprints/baoxiniao/jacket/KIMOD/F.jpg","drawing-unverified","DRAWING_UNCONFIRMED|NO_USABLE_PHOTO",0,0,0,0,0
"sport-coat|interior|perfume-pad|pp-triangle","sport-coat","Triangle Underarm Shield",yes,"/images/blueprints/baoxiniao/jacket/KIMOD/E.jpg","drawing-unverified","DRAWING_UNCONFIRMED|NO_USABLE_PHOTO",0,0,0,0,0
"sport-coat|interior|perfume-pad|pp-round-1","sport-coat","Round Shield 1",yes,"/images/blueprints/baoxiniao/jacket/KIMOD/B.jpg","drawing-unverified","DRAWING_UNCONFIRMED|NO_USABLE_PHOTO",0,0,0,0,0
"sport-coat|interior|perfume-pad|pp-round-2","sport-coat","Round Shield 2",yes,"/images/blueprints/baoxiniao/jacket/KIMOD/A.jpg","drawing-unverified","DRAWING_UNCONFIRMED|NO_USABLE_PHOTO",0,0,0,0,0
"sport-coat|interior|perfume-pad|pp-round-3","sport-coat","Round Shield 3",yes,"/images/blueprints/baoxiniao/jacket/KIMOD/H.jpg","drawing-unverified","DRAWING_UNCONFIRMED|NO_USABLE_PHOTO",0,0,0,0,0
"sport-coat|interior|perfume-pad|pp-u-1","sport-coat","U-Shield 1",yes,"/images/blueprints/baoxiniao/jacket/KIMOD/D.jpg","drawing-unverified","DRAWING_UNCONFIRMED|NO_USABLE_PHOTO",0,0,0,0,0
"sport-coat|interior|perfume-pad|pp-u-2","sport-coat","U-Shield 2",yes,"/images/blueprints/baoxiniao/jacket/KIMOD/C.jpg","drawing-unverified","DRAWING_UNCONFIRMED|NO_USABLE_PHOTO",0,0,0,0,0
"sport-coat|interior|perfume-pad|pp-u-3","sport-coat","U-Shield 3",yes,"/images/blueprints/baoxiniao/jacket/KIMOD/G.jpg","drawing-unverified","DRAWING_UNCONFIRMED|NO_USABLE_PHOTO",0,0,0,0,0
"sport-coat|suit-lining|lining-coverage|lc-full","sport-coat","Full Lining",no,"/images/blueprints/baoxiniao/jacket/KHALI/A.jpg","drawing-unverified","DRAWING_UNCONFIRMED|EXTERNAL_WEB_PHOTO",0,0,0,0,10
"sport-coat|suit-lining|lining-coverage|lc-half","sport-coat","Half Lining",yes,"/images/blueprints/baoxiniao/jacket/KHALI/B.jpg","drawing-unverified","DRAWING_UNCONFIRMED|NO_USABLE_PHOTO",0,0,0,0,0
"sport-coat|suit-lining|lining-coverage|lc-quarter","sport-coat","Quarter Lining",yes,"","missing","NO_DRAWING|NO_USABLE_PHOTO",0,0,0,0,0
"sport-coat|suit-lining|lining-coverage|lc-none","sport-coat","Unlined",yes,"/images/blueprints/baoxiniao/jacket/KHALI/C.jpg","drawing-unverified","DRAWING_UNCONFIRMED|NO_USABLE_PHOTO",0,0,0,0,0
"sport-coat|suit-lining|half-lining-shape|hls-standard","sport-coat","Standard Half Lining",yes,"","missing","NO_DRAWING|NO_USABLE_PHOTO",0,0,0,0,0
"sport-coat|suit-lining|half-lining-shape|hls-small-cutaway","sport-coat","Small Cut-away",yes,"","missing","NO_DRAWING|NO_USABLE_PHOTO",0,0,0,0,0
"sport-coat|suit-lining|half-lining-shape|hls-half","sport-coat","1/2 Lining",yes,"/images/blueprints/baoxiniao/jacket/KINBL/C.jpg","drawing-unverified","DRAWING_UNCONFIRMED",0,2,0,0,0
"sport-coat|suit-lining|half-lining-shape|hls-third-cutaway","sport-coat","1/3 Cut-away",yes,"/images/blueprints/baoxiniao/jacket/KINBL/D.jpg","drawing-unverified","DRAWING_UNCONFIRMED",0,2,0,0,0
"sport-coat|suit-lining|half-lining-shape|hls-third","sport-coat","1/3 Lining",yes,"/images/blueprints/baoxiniao/jacket/KINBL/G.jpg","drawing-unverified","DRAWING_UNCONFIRMED",0,2,0,0,0
"sport-coat|suit-lining|half-lining-shape|hls-quarter-cutaway","sport-coat","1/4 Cut-away",yes,"/images/blueprints/baoxiniao/jacket/KINBL/H.jpg","drawing-unverified","DRAWING_UNCONFIRMED",0,2,0,0,0
"sport-coat|suit-lining|half-lining-craft|hlc-binding","sport-coat","Binding Seam",yes,"/images/blueprints/baoxiniao/jacket/KIPRO/A.jpg","drawing-unverified","DRAWING_UNCONFIRMED|NO_USABLE_PHOTO",0,0,0,0,0
"sport-coat|suit-lining|half-lining-craft|hlc-french","sport-coat","French Seam",yes,"/images/blueprints/baoxiniao/jacket/KIPRO/B.jpg","drawing-unverified","DRAWING_UNCONFIRMED|NO_USABLE_PHOTO",0,0,0,0,0
"sport-coat|suit-lining|half-lining-craft|hlc-joining","sport-coat","Joining Seam",yes,"/images/blueprints/baoxiniao/jacket/KIPRO/C.jpg","drawing-unverified","DRAWING_UNCONFIRMED|NO_USABLE_PHOTO",0,0,0,0,0
"sport-coat|suit-lining|lining-color|bl-matching","sport-coat","Matching to Fabric",no,"/images/blueprints/factory/d3eb9a6df665__0711__Match_fabric.webp","drawing-unverified","DRAWING_UNCONFIRMED|SHARED_DRAWING",0,1,0,0,0
"sport-coat|suit-lining|lining-color|bl-navy","sport-coat","Navy Solid",yes,"/images/blueprints/factory/d3eb9a6df665__0711__Match_fabric.webp","drawing-unverified","DRAWING_UNCONFIRMED|SHARED_DRAWING",0,1,0,0,0
"sport-coat|suit-lining|lining-color|bl-black","sport-coat","Black",yes,"/images/blueprints/factory/d3eb9a6df665__0711__Match_fabric.webp","drawing-unverified","DRAWING_UNCONFIRMED|SHARED_DRAWING",0,1,0,0,0
"sport-coat|suit-lining|lining-color|bl-cream","sport-coat","Cream / Ivory",yes,"/images/blueprints/factory/d3eb9a6df665__0711__Match_fabric.webp","drawing-unverified","DRAWING_UNCONFIRMED|SHARED_DRAWING",0,1,0,0,0
"sport-coat|suit-lining|lining-color|bl-charcoal","sport-coat","Dark Charcoal",yes,"/images/blueprints/factory/d3eb9a6df665__0711__Match_fabric.webp","drawing-unverified","DRAWING_UNCONFIRMED|SHARED_DRAWING",0,1,0,0,0
"sport-coat|suit-lining|lining-color|bl-burgundy","sport-coat","Burgundy",yes,"/images/blueprints/factory/d3eb9a6df665__0711__Match_fabric.webp","drawing-unverified","DRAWING_UNCONFIRMED|SHARED_DRAWING",0,1,0,0,0
"sport-coat|suit-lining|lining-color|bl-gold-paisley","sport-coat","Gold Paisley Pattern",yes,"/images/blueprints/factory/d3eb9a6df665__0711__Match_fabric.webp","drawing-unverified","DRAWING_UNCONFIRMED|SHARED_DRAWING",0,1,0,0,0
"sport-coat|suit-lining|lining-color|bl-pattern","sport-coat","Patterned (Designer)",yes,"/images/blueprints/factory/b83b169d24cd__072D__Appointed_DIY_Printing.png","drawing-unverified","DRAWING_UNCONFIRMED|SHARED_DRAWING",0,1,0,0,0
"sport-coat|suit-lining|lining-color|bl-custom","sport-coat","Custom (Specify Code)",yes,"/images/blueprints/factory/b83b169d24cd__072D__Appointed_DIY_Printing.png","drawing-unverified","DRAWING_UNCONFIRMED|SHARED_DRAWING",0,1,0,0,0
"sport-coat|suit-lining|sleeve-lining-color|sl-matching","sport-coat","Match Body Lining",yes,"/images/blueprints/factory/b3a4547408a3__0721__Match_body_lining_color.jpg","drawing-unverified","DRAWING_UNCONFIRMED|SHARED_DRAWING",0,1,0,0,0
"sport-coat|suit-lining|sleeve-lining-color|sl-stripe","sport-coat","White + Red/Black Stripe",yes,"/images/blueprints/factory/0b6aab7c4ddb__0723__White_stripe_sleeve_lining.jpg","drawing-unverified","DRAWING_UNCONFIRMED",0,1,0,0,0
"sport-coat|suit-lining|sleeve-lining-color|sl-navy","sport-coat","Navy",yes,"/images/blueprints/factory/b3a4547408a3__0721__Match_body_lining_color.jpg","drawing-unverified","DRAWING_UNCONFIRMED|SHARED_DRAWING",0,1,0,0,0
"sport-coat|suit-lining|sleeve-lining-color|sl-black","sport-coat","Black",yes,"/images/blueprints/factory/b3a4547408a3__0721__Match_body_lining_color.jpg","drawing-unverified","DRAWING_UNCONFIRMED|SHARED_DRAWING",0,1,0,0,0
"sport-coat|suit-lining|sleeve-lining-color|sl-custom","sport-coat","Custom (Specify Code)",yes,"/images/blueprints/factory/b83b169d24cd__072D__Appointed_DIY_Printing.png","drawing-unverified","DRAWING_UNCONFIRMED",0,1,0,0,0
"suit-2pc|shoulder-structure|sleeve-head|sleeve-natural","suit-2pc","Natural",yes,"","missing","NO_DRAWING|NO_USABLE_PHOTO",0,0,0,0,0
"suit-2pc|shoulder-structure|sleeve-head|sleeve-regular","suit-2pc","THE STRUCTURED / ENGLISH SHOULDER ",yes,"/images/jacket/shoulder-head/regular.jpg","verified-match","",1,8,0,0,0
"suit-2pc|shoulder-structure|sleeve-head|sleeve-con-rollino","suit-2pc","Con Rollino/ THE CONTINENTAL SHOULDER",yes,"/images/blueprints/baoxiniao/jacket/SHSMD/C.jpg","drawing-unverified","DRAWING_UNCONFIRMED|NO_USABLE_PHOTO",0,0,0,0,0
"suit-2pc|shoulder-structure|sleeve-head|sleeve-neapolitan","suit-2pc","Neapolitan (Spalla Camicia)",yes,"/images/jacket/shoulder-head/neapolitan.jpg","verified-match","",0,1,0,0,0
"suit-2pc|shoulder-structure|sleeve-head|sleeve-shirt-head","suit-2pc","Shirt Head/THE UNSTRUCTURED ",yes,"/images/jacket/shoulder-head/shirt-head.jpg","verified-match","",1,8,0,0,0
"suit-2pc|shoulder-structure|canvas|fused","suit-2pc","Regular Fused",no,"/images/supplier-bb/PROCE/A.jpg","drawing-unverified","DRAWING_UNCONFIRMED|EXTERNAL_WEB_PHOTO",0,0,0,0,10
"suit-2pc|shoulder-structure|canvas|ultra-thin-half","suit-2pc","Ultra-thin Half Canvas",yes,"/images/blueprints/baoxiniao/jacket/PROCE/L.jpg","drawing-unverified","DRAWING_UNCONFIRMED|EXTERNAL_WEB_PHOTO|NO_USABLE_PHOTO",0,0,0,0,4
"suit-2pc|shoulder-structure|canvas|light-half-canvas","suit-2pc","Light Half Canvas",yes,"/images/supplier-bb/PROCE/D.jpg","drawing-unverified","DRAWING_UNCONFIRMED|EXTERNAL_WEB_PHOTO",0,2,1,0,10
"suit-2pc|shoulder-structure|canvas|half-canvas","suit-2pc","Regular Half Canvas",yes,"/images/supplier-bb/PROCE/B.jpg","drawing-unverified","DRAWING_UNCONFIRMED|EXTERNAL_WEB_PHOTO",0,1,0,0,10
"suit-2pc|shoulder-structure|canvas|full-canvas","suit-2pc","Full Canvas (Floating)",yes,"/images/blueprints/baoxiniao/jacket/PROCE/C.jpg","drawing-unverified","DRAWING_UNCONFIRMED|EXTERNAL_WEB_PHOTO|NO_USABLE_PHOTO",0,0,0,0,10
"suit-2pc|shoulder-structure|canvas|quarter-canvas","suit-2pc","Quarter Canvas",yes,"/images/blueprints/factory/83dbc62b46ef__00C3__Single_layer.jpg","drawing-unverified","DRAWING_UNCONFIRMED|EXTERNAL_WEB_PHOTO",0,1,0,0,10
"suit-2pc|shoulder-structure|shoulder-pad|pad-none","suit-2pc","No Padding",yes,"/images/blueprints/factory/d45437530f73__060J__No_pad.jpg","drawing-unverified","DRAWING_UNCONFIRMED|EXTERNAL_WEB_PHOTO",0,1,0,0,10
"suit-2pc|shoulder-structure|shoulder-pad|pad-01","suit-2pc","+0.1 cm (Both Sides)",yes,"/images/blueprints/factory/9fd6de75414f__060K__Regular.jpg","drawing-unverified","DRAWING_UNCONFIRMED|EXTERNAL_WEB_PHOTO|SHARED_DRAWING",0,1,0,0,2
"suit-2pc|shoulder-structure|shoulder-pad|pad-03","suit-2pc","+0.3 cm (Both Sides)",yes,"/images/blueprints/factory/9fd6de75414f__060K__Regular.jpg","drawing-unverified","DRAWING_UNCONFIRMED|EXTERNAL_WEB_PHOTO|SHARED_DRAWING",0,2,0,0,2
"suit-2pc|shoulder-structure|shoulder-pad|pad-05-soft","suit-2pc","+0.5 cm Soft (Both Sides)",yes,"/images/blueprints/factory/9fd6de75414f__060K__Regular.jpg","drawing-unverified","DRAWING_UNCONFIRMED|EXTERNAL_WEB_PHOTO|SHARED_DRAWING",0,1,0,0,4
"suit-2pc|shoulder-structure|shoulder-pad|pad-05-structured","suit-2pc","+0.5 cm Structured (Both Sides)",yes,"/images/blueprints/factory/9fd6de75414f__060K__Regular.jpg","drawing-unverified","DRAWING_UNCONFIRMED|EXTERNAL_WEB_PHOTO|SHARED_DRAWING",0,1,0,0,6
"suit-2pc|lapel|lapel-style|lapel-notch-45","suit-2pc","Notch 45° (Semi-notch)",yes,"/images/blueprints/supplier/035d927f1c4f__0003__Semi-notch.jpg","drawing-unverified","DRAWING_UNCONFIRMED|EXTERNAL_WEB_PHOTO",1,2,0,0,10
"suit-2pc|lapel|lapel-style|lapel-notch-50","suit-2pc","Notch 50° (BC)",yes,"/images/blueprints/baoxiniao/jacket/REQCL/BI.jpg","drawing-unverified","DRAWING_UNCONFIRMED|EXTERNAL_WEB_PHOTO",1,4,0,0,4
"suit-2pc|lapel|lapel-style|lapel-notch-55","suit-2pc","Notch 55°",yes,"/images/blueprints/supplier/a8b481235ced__0001__Notch.jpg","drawing-unverified","DRAWING_UNCONFIRMED|EXTERNAL_WEB_PHOTO",1,4,0,0,2
"suit-2pc|lapel|lapel-style|lapel-notch-65","suit-2pc","Notch 65°",yes,"/images/blueprints/baoxiniao/jacket/REQCL/31.jpg","drawing-unverified","DRAWING_UNCONFIRMED",1,4,0,0,0
"suit-2pc|lapel|lapel-style|lapel-notch-68","suit-2pc","Notch 68° (Curved Gorge)",yes,"/images/blueprints/factory/877a05ce586e__0689__Notch_with_high_gorge.jpg","drawing-unverified","DRAWING_UNCONFIRMED|EXTERNAL_WEB_PHOTO",1,4,0,0,10
"suit-2pc|lapel|lapel-style|lapel-notch-73","suit-2pc","Straight Notch 73°",yes,"/images/blueprints/baoxiniao/jacket/REQCL/BG.jpg","drawing-unverified","DRAWING_UNCONFIRMED|EXTERNAL_WEB_PHOTO|HAS_OWNER_REFS",0,5,1,3,6
"suit-2pc|lapel|lapel-style|lapel-notch-tab","suit-2pc","Notch + Pointed Tab",yes,"/images/blueprints/baoxiniao/jacket/REQCL/26.jpg","drawing-unverified","DRAWING_UNCONFIRMED|EXTERNAL_WEB_PHOTO",0,4,0,0,10
"suit-2pc|lapel|lapel-style|lapel-notch-tab-basic","suit-2pc","Notch + Basic Tab",yes,"/images/blueprints/baoxiniao/jacket/REQCL/13.jpg","drawing-unverified","DRAWING_UNCONFIRMED",0,2,0,0,0
"suit-2pc|lapel|lapel-style|lapel-peak-99","suit-2pc","Peak 99°",yes,"/images/blueprints/baoxiniao/jacket/REQCL/21.jpg","drawing-unverified","DRAWING_UNCONFIRMED|EXTERNAL_WEB_PHOTO",1,4,0,0,6
"suit-2pc|lapel|lapel-style|lapel-peak-101","suit-2pc","Peak 101°",yes,"/images/blueprints/baoxiniao/jacket/REQCL/DE.jpg","drawing-unverified","DRAWING_UNCONFIRMED|EXTERNAL_WEB_PHOTO",1,5,0,0,6
"suit-2pc|lapel|lapel-style|lapel-peak-102","suit-2pc","Peak 102°",yes,"/images/blueprints/baoxiniao/jacket/REQCL/22.jpg","drawing-unverified","DRAWING_UNCONFIRMED|EXTERNAL_WEB_PHOTO",1,6,0,0,4
"suit-2pc|lapel|lapel-style|lapel-peak-102-rl","suit-2pc","Peak 102° RL",yes,"/images/blueprints/baoxiniao/jacket/REQCL/BJ.jpg","drawing-unverified","DRAWING_UNCONFIRMED|EXTERNAL_WEB_PHOTO",1,4,0,0,2
"suit-2pc|lapel|lapel-style|lapel-peak-103-curved","suit-2pc","Curved Peak 103°",yes,"/images/blueprints/baoxiniao/jacket/REQCL/23.jpg","drawing-unverified","DRAWING_UNCONFIRMED|EXTERNAL_WEB_PHOTO",1,4,0,0,2
"suit-2pc|lapel|lapel-style|lapel-peak-105","suit-2pc","Peak 105°",yes,"/images/blueprints/supplier/ec013dda688e__0002__Peak.jpg","drawing-unverified","DRAWING_UNCONFIRMED",1,5,0,0,0
"suit-2pc|lapel|lapel-style|lapel-peak-107","suit-2pc","Peak 107° (Normal Curve)",yes,"/images/blueprints/baoxiniao/jacket/REQCL/20.jpg","drawing-unverified","DRAWING_UNCONFIRMED|EXTERNAL_WEB_PHOTO",1,4,0,0,4
"suit-2pc|lapel|lapel-style|lapel-peak-108","suit-2pc","Straight Peak 108°",yes,"/images/blueprints/baoxiniao/jacket/REQCL/19.jpg","drawing-unverified","DRAWING_UNCONFIRMED|EXTERNAL_WEB_PHOTO",1,4,0,0,2
"suit-2pc|lapel|lapel-style|lapel-peak-110","suit-2pc","Peak 110°",yes,"/images/blueprints/baoxiniao/jacket/REQCL/15.jpg","drawing-unverified","DRAWING_UNCONFIRMED",1,6,0,0,0
"suit-2pc|lapel|lapel-style|lapel-peak-110-low","suit-2pc","Low Peak 110°",yes,"/images/blueprints/baoxiniao/jacket/REQCL/17.jpg","drawing-unverified","DRAWING_UNCONFIRMED",1,4,0,0,0
"suit-2pc|lapel|lapel-style|lapel-peak-114","suit-2pc","Peak 114° (Semi-peak)",yes,"/images/blueprints/supplier/e914d0a71607__0004__Semi-peak.jpg","drawing-unverified","DRAWING_UNCONFIRMED|EXTERNAL_WEB_PHOTO",1,4,0,0,8
"suit-2pc|lapel|lapel-style|lapel-peak-115","suit-2pc","Peak 115°",yes,"/images/blueprints/baoxiniao/jacket/REQCL/12.jpg","drawing-unverified","DRAWING_UNCONFIRMED|EXTERNAL_WEB_PHOTO",1,5,0,0,8
"suit-2pc|lapel|lapel-style|lapel-peak-120-curved","suit-2pc","Curved Peak 120°",yes,"/images/blueprints/baoxiniao/jacket/REQCL/AD.jpg","drawing-unverified","DRAWING_UNCONFIRMED|HAS_OWNER_REFS",0,8,1,1,0
"suit-2pc|lapel|lapel-style|lapel-shawl","suit-2pc","Shawl Lapel",yes,"/images/blueprints/baoxiniao/jacket/REQCL/D.jpg","drawing-unverified","DRAWING_UNCONFIRMED|EXTERNAL_WEB_PHOTO",1,14,0,0,6
"suit-2pc|lapel|lapel-style|lapel-shawl-d","suit-2pc","D-Shawl Lapel",yes,"/images/blueprints/baoxiniao/jacket/REQCL/24.jpg","drawing-unverified","DRAWING_UNCONFIRMED",1,4,0,0,0
"suit-2pc|lapel|lapel-style|lapel-shawl-0a","suit-2pc","Shawl 0A",yes,"/images/blueprints/supplier/d3b9f523a49d__090A__A_shawl.jpg","drawing-unverified","DRAWING_UNCONFIRMED|EXTERNAL_WEB_PHOTO|HAS_OWNER_REFS",0,5,1,2,6
"suit-2pc|lapel|lapel-style|lapel-shawl-0e","suit-2pc","Shawl 0E",yes,"/images/blueprints/supplier/41b79662304b__090E__E_shawl.png","drawing-unverified","DRAWING_UNCONFIRMED|EXTERNAL_WEB_PHOTO",1,4,0,0,6
"suit-2pc|lapel|lapel-style|lapel-shawl-0005","suit-2pc","Shawl 0005",yes,"/images/blueprints/supplier/9345e8ee9d9a__0005__Shawl.jpg","drawing-unverified","DRAWING_UNCONFIRMED|EXTERNAL_WEB_PHOTO",1,5,0,0,8
"suit-2pc|lapel|lapel-style|lapel-shawl-asymmetric","suit-2pc","Asymmetric Shawl Collar",yes,"/images/blueprints/baoxiniao/jacket/REQCL/216.jpg","drawing-unverified","DRAWING_UNCONFIRMED|EXTERNAL_WEB_PHOTO",1,4,0,0,10
"suit-2pc|lapel|lapel-style|lapel-peak-removable-shawl","suit-2pc","Peak + Removable Shawl",yes,"/images/lapel/lapel-peak-removable-shawl-c0da5bee-6fbe-4c1e-aed8-21f230f21126.png","drawing-unverified","DRAWING_UNCONFIRMED|EXTERNAL_WEB_PHOTO",1,2,0,0,6
"suit-2pc|lapel|lapel-style|lapel-notch-removable-shawl","suit-2pc","Notch + Removable Shawl",yes,"/images/lapel/lapel-notch-removable-shawl-989419bb-11e9-4688-b750-4c7ae20e6609.png","drawing-unverified","DRAWING_UNCONFIRMED|EXTERNAL_WEB_PHOTO",1,3,0,0,4
"suit-2pc|lapel|lapel-style|lapel-fishtail","suit-2pc","Italian Fishmouth Lapel",yes,"/images/blueprints/supplier/9aca8479eb97__0006__Fish_mouth.jpg","drawing-unverified","DRAWING_UNCONFIRMED|EXTERNAL_WEB_PHOTO|HAS_OWNER_REFS",0,4,1,6,10
"suit-2pc|lapel|lapel-style|opt-1779526586804","suit-2pc","E peak",yes,"","missing","DRAWING_FILE_MISSING|NO_USABLE_PHOTO",0,0,0,0,0
"suit-2pc|lapel|lapel-width|lw-45","suit-2pc","4.5 cm",yes,"/images/blueprints/baoxiniao/jacket/KFABL/L.jpg","drawing-unverified","DRAWING_UNCONFIRMED",0,2,0,0,0
"suit-2pc|lapel|lapel-width|lw-50","suit-2pc","5.0 cm",yes,"/images/blueprints/baoxiniao/jacket/KFABL/A.jpg","drawing-unverified","DRAWING_UNCONFIRMED",0,2,0,0,0
"suit-2pc|lapel|lapel-width|lw-55","suit-2pc","5.5 cm",yes,"/images/blueprints/baoxiniao/jacket/KFABL/B.jpg","drawing-unverified","DRAWING_UNCONFIRMED",0,2,0,0,0
"suit-2pc|lapel|lapel-width|lw-60","suit-2pc","6.0 cm",yes,"/images/blueprints/baoxiniao/jacket/KFABL/C.jpg","drawing-unverified","DRAWING_UNCONFIRMED",0,2,0,0,0
"suit-2pc|lapel|lapel-width|lw-65","suit-2pc","6.5 cm",yes,"/images/blueprints/baoxiniao/jacket/KFABL/O.jpg","drawing-unverified","DRAWING_UNCONFIRMED",0,2,0,0,0
"suit-2pc|lapel|lapel-width|lw-70","suit-2pc","7.0 cm",yes,"/images/blueprints/baoxiniao/jacket/KFABL/D.jpg","drawing-unverified","DRAWING_UNCONFIRMED",0,2,0,0,0
"suit-2pc|lapel|lapel-width|lw-75","suit-2pc","7.5 cm",yes,"/images/blueprints/baoxiniao/jacket/KFABL/P.jpg","drawing-unverified","DRAWING_UNCONFIRMED",0,2,0,0,0
"suit-2pc|lapel|lapel-width|lw-80","suit-2pc","8.0 cm",yes,"/images/blueprints/baoxiniao/jacket/KFABL/E.jpg","drawing-unverified","DRAWING_UNCONFIRMED",0,2,0,0,0
"suit-2pc|lapel|lapel-width|lw-85","suit-2pc","8.5 cm",yes,"/images/blueprints/baoxiniao/jacket/KFABL/Q.jpg","drawing-unverified","DRAWING_UNCONFIRMED",0,2,0,0,0
"suit-2pc|lapel|lapel-width|lw-90","suit-2pc","9.0 cm",yes,"/images/blueprints/baoxiniao/jacket/KFABL/F.jpg","drawing-unverified","DRAWING_UNCONFIRMED",0,2,0,0,0
"suit-2pc|lapel|lapel-width|lw-95","suit-2pc","9.5 cm",yes,"/images/blueprints/baoxiniao/jacket/KFABL/S.jpg","drawing-unverified","DRAWING_UNCONFIRMED",0,2,0,0,0
"suit-2pc|lapel|lapel-width|lw-100","suit-2pc","10.0 cm",yes,"/images/blueprints/baoxiniao/jacket/KFABL/M.jpg","drawing-unverified","DRAWING_UNCONFIRMED",0,2,0,0,0
"suit-2pc|lapel|lapel-width|lw-105","suit-2pc","10.5 cm",yes,"/images/blueprints/baoxiniao/jacket/KFABL/R.jpg","drawing-unverified","DRAWING_UNCONFIRMED",0,2,0,0,0
"suit-2pc|lapel|lapel-width|lw-110","suit-2pc","11.0 cm",yes,"/images/blueprints/baoxiniao/jacket/KFABL/1.jpg","drawing-unverified","DRAWING_UNCONFIRMED",0,2,0,0,0
"suit-2pc|lapel|lapel-width|lw-115","suit-2pc","11.5 cm",yes,"/images/blueprints/baoxiniao/jacket/KFABL/218.jpg","drawing-unverified","DRAWING_UNCONFIRMED",0,2,0,0,0
"suit-2pc|lapel|lapel-width|lw-120","suit-2pc","12.0 cm",yes,"/images/blueprints/baoxiniao/jacket/KFABL/219.jpg","drawing-unverified","DRAWING_UNCONFIRMED",0,2,0,0,0
"suit-2pc|lapel|lapel-width|lw-125","suit-2pc","12.5 cm",yes,"/images/blueprints/baoxiniao/jacket/KFABL/221.jpg","drawing-unverified","DRAWING_UNCONFIRMED",0,2,0,0,0
"suit-2pc|lapel|lapel-bh-style|lbh-none","suit-2pc","None",yes,"/images/blueprints/baoxiniao/jacket/GTECH/A.jpg","drawing-unverified","DRAWING_UNCONFIRMED",0,1,0,0,0
"suit-2pc|lapel|lapel-bh-style|lbh-real","suit-2pc","Real (M)",yes,"/images/blueprints/baoxiniao/jacket/GTECH/B.jpg","drawing-unverified","DRAWING_UNCONFIRMED|NO_USABLE_PHOTO",0,0,0,0,0
"suit-2pc|lapel|lapel-bh-style|lbh-fake-round","suit-2pc","Fake round (M)",yes,"/images/blueprints/baoxiniao/jacket/GTECH/D.jpg","drawing-unverified","DRAWING_UNCONFIRMED|NO_USABLE_PHOTO",0,0,0,0,0
"suit-2pc|lapel|lapel-bh-style|lbh-fake-square","suit-2pc","Fake Square-end",yes,"/images/blueprints/baoxiniao/jacket/GTECH/C.jpg","drawing-unverified","DRAWING_UNCONFIRMED|NO_USABLE_PHOTO",0,0,0,0,0
"suit-2pc|lapel|lapel-bh-style|lbh-005-hand","suit-2pc","005 by hands",yes,"/images/blueprints/supplier/b851d6364229__064Q__Handmade_lapel_buttonhole.jpg","drawing-unverified","DRAWING_UNCONFIRMED",0,2,0,0,0
"suit-2pc|lapel|lapel-bh-style|lbh-006-hand","suit-2pc","006 by hands",yes,"/images/blueprints/supplier/d4719ac11935__035C__Handmade_bttnhole_with_knot_but_no_seal.png","drawing-unverified","DRAWING_UNCONFIRMED",0,2,0,0,0
"suit-2pc|lapel|lapel-bh-style|lbh-pinpoint","suit-2pc","Pinpoint(one color)",yes,"/images/blueprints/supplier/368d0bf51259__00ED__Handmade_straight_lapel_buttonhole.jpg","drawing-unverified","DRAWING_UNCONFIRMED",0,2,0,0,0
"suit-2pc|lapel|lapel-bh-style|lbh-017-hand","suit-2pc","017 by hands",yes,"/images/blueprints/supplier/27237af58b3c__00EC__Handmade_lapel_buttonhole_Round_head_lapel_buttonhole_.jpg","drawing-unverified","DRAWING_UNCONFIRMED",0,2,0,0,0
"suit-2pc|lapel|lapel-bh-style|lbh-smoking-pipe","suit-2pc","Smoking Pipe",yes,"/images/blueprints/supplier/52a51791a929__00EF__Barge_head_manual_keyhole_round_head_without_sealing_w.jpg","drawing-unverified","DRAWING_UNCONFIRMED",0,2,0,0,0
"suit-2pc|lapel|lapel-bh-style|lbh-lumi","suit-2pc","Lumi",yes,"/images/blueprints/supplier/54c5667bf68e__055F__Arc_upwards_Handmade_Only.jpg","drawing-unverified","DRAWING_UNCONFIRMED",0,2,0,0,0
"suit-2pc|lapel|lapel-bh-style|lbh-milanese-curved","suit-2pc","Curved Milanese(one color)",yes,"/images/blueprints/supplier/43375234ca09__06EG__Arc_slight_downwards_Handmade_Only.jpg","drawing-unverified","DRAWING_UNCONFIRMED",0,2,0,0,0
"suit-2pc|lapel|lapel-bh-style|lbh-milanese-20","suit-2pc","Milanese 2CM",yes,"/images/blueprints/supplier/0939eb8f539f__055U__Triple_color_arc_handmade_only_appoint_color_order_1-2.jpg","drawing-unverified","DRAWING_UNCONFIRMED",0,2,0,0,0
"suit-2pc|lapel|lapel-bh-style|lbh-milanese-23","suit-2pc","Milanese 2.3CM",yes,"/images/blueprints/supplier/299c65473f47__055J__Triple_color_arc_upwardswards_handmade_only_appoint_co.jpg","drawing-unverified","DRAWING_UNCONFIRMED",0,2,0,0,0
"suit-2pc|lapel|lapel-bh-style|lbh-milanese-25","suit-2pc","Milanese 2.5CM",yes,"/images/blueprints/supplier/f229e25092e8__06EJ__Triple_color_arc_downwards_handmade_only_appoint_color.jpg","drawing-unverified","DRAWING_UNCONFIRMED",0,2,0,0,0
"suit-2pc|lapel|lapel-bh-style|lbh-arc-double","suit-2pc","Arc Double-Color",yes,"/images/blueprints/supplier/cb00502491f7__055H__Double_color_arc_Handmade_only_appoint_color_order_1-3.jpg","drawing-unverified","DRAWING_UNCONFIRMED",0,2,0,0,0
"suit-2pc|lapel|lapel-bh-style|lbh-rome-18","suit-2pc","Triple-Color Straight",yes,"/images/blueprints/supplier/be4eecb2eeff__055V__Triple_color_straight_handmade_only_appoint_color_orde.jpg","drawing-unverified","DRAWING_UNCONFIRMED",0,2,0,0,0
"suit-2pc|lapel|lapel-bh-style|lbh-rome-18m","suit-2pc","Rome 1.8CM (M)",yes,"/images/blueprints/baoxiniao/jacket/GTECH/7.jpg","drawing-unverified","DRAWING_UNCONFIRMED",0,2,0,0,0
"suit-2pc|lapel|lapel-bh-style|lbh-rome-23m","suit-2pc","Rome 2.3CM (M)",yes,"/images/blueprints/baoxiniao/jacket/GTECH/4.jpg","drawing-unverified","DRAWING_UNCONFIRMED",0,2,0,0,0
"suit-2pc|lapel|lapel-bh-style|lbh-008-hand","suit-2pc","008 by hand",yes,"/images/blueprints/baoxiniao/jacket/GTECH/34.jpg","drawing-unverified","DRAWING_UNCONFIRMED",0,2,0,0,0
"suit-2pc|lapel|lapel-bh-style|lbh-no1-dc-straight","suit-2pc","No.1 Double-Color Straight",yes,"/images/blueprints/supplier/e346a69313a8__055R__No.1_Double_color_handmade_straight_lapel_buttonhole_H.jpg","drawing-unverified","DRAWING_UNCONFIRMED",1,3,0,0,0
"suit-2pc|lapel|lapel-bh-style|lbh-no1-dc-half","suit-2pc","No.1 ½ Double-Color Straight",yes,"","missing","NO_DRAWING",0,2,0,0,0
"suit-2pc|lapel|lapel-bh-style|lbh-no1-tc-arc","suit-2pc","No.1 Triple-Color Arc",yes,"/images/blueprints/supplier/a1cc16870a6b__055Y__No.1_Triple_color_arc_lapel_buttonhole_Handmade_Only_a.jpg","drawing-unverified","DRAWING_UNCONFIRMED",1,3,0,0,0
"suit-2pc|lapel|lapel-bh-style|lbh-rome-round-h","suit-2pc","Roman Pie Round Head (Hand)",yes,"/images/blueprints/remote/9d4e8f89bffb__176343656456196.jpg","drawing-unverified","DRAWING_UNCONFIRMED",0,2,0,0,0
"suit-2pc|lapel|lapel-bh-style|lbh-rome-point-m","suit-2pc","Roman Pie Pointed (Manual)",yes,"/images/blueprints/remote/1c04488ca8c7__176343656451544.jpg","drawing-unverified","DRAWING_UNCONFIRMED",0,2,0,0,0
"suit-2pc|lapel|lapel-bh-style|lbh-undivided","suit-2pc","Undivided Attention",yes,"/images/blueprints/remote/e040c5d47a70__176343668889258.jpg","drawing-unverified","DRAWING_UNCONFIRMED",0,2,0,0,0
"suit-2pc|lapel|lapel-bh-style|lbh-glory-rays","suit-2pc","Glory Rays",yes,"/images/blueprints/remote/0328997b9427__176343668886623.jpg","drawing-unverified","DRAWING_UNCONFIRMED",0,2,0,0,0
"suit-2pc|lapel|lapel-bh-style|lbh-cloud","suit-2pc","Cloud",yes,"/images/blueprints/remote/d316bedda294__176343668880055.jpg","drawing-unverified","DRAWING_UNCONFIRMED",0,2,0,0,0
"suit-2pc|lapel|lapel-bh-style|lbh-victory","suit-2pc","The Light of Victory",yes,"/images/blueprints/remote/92e0463abf20__176343668894457.jpg","drawing-unverified","DRAWING_UNCONFIRMED",0,2,0,0,0
"suit-2pc|lapel|lapel-bh-style|lbh-wings","suit-2pc","Spread Your Wings",yes,"/images/blueprints/remote/db35a7d8f690__176343653133967.jpg","drawing-unverified","DRAWING_UNCONFIRMED",0,2,0,0,0
"suit-2pc|lapel|lapel-bh-style|lbh-rose-round","suit-2pc","Rose Round Shape",yes,"/images/blueprints/remote/a6f5f6c52bde__176343669707150.jpg","drawing-unverified","DRAWING_UNCONFIRMED",0,2,0,0,0
"suit-2pc|lapel|lapel-bh-style|lbh-rose-shaped","suit-2pc","Rose Shaped Round",yes,"/images/blueprints/remote/89b2b64caaaf__176343667388607.jpg","drawing-unverified","DRAWING_UNCONFIRMED",0,1,0,0,0
"suit-2pc|lapel|lapel-bh-style|lbh-vertical-flower","suit-2pc","Vertical Flower",yes,"/images/blueprints/remote/a183925329a0__176343666089199.jpg","drawing-unverified","DRAWING_UNCONFIRMED",0,2,0,0,0
"suit-2pc|lapel|lapel-bh-style|lbh-antler","suit-2pc","Antler Shape",yes,"/images/blueprints/remote/99750d83529c__176343656461112.jpg","drawing-unverified","DRAWING_UNCONFIRMED",0,2,0,0,0
"suit-2pc|lapel|lapel-bh-style|lbh-brilliance-2","suit-2pc","Add Brilliance (2-Color)",yes,"/images/blueprints/remote/436b65e6fa14__176343667399028.jpg","drawing-unverified","DRAWING_UNCONFIRMED",0,2,0,0,0
"suit-2pc|lapel|lapel-bh-style|lbh-bright-future","suit-2pc","Bright Future",yes,"/images/blueprints/remote/20f54a48fc5a__176343668892081.jpg","drawing-unverified","DRAWING_UNCONFIRMED",0,2,0,0,0
"suit-2pc|lapel|lapel-bh-style|lbh-rising-sun","suit-2pc","Rising Sun",yes,"/images/blueprints/remote/0e25fdd9d8ac__176343668883730.jpg","drawing-unverified","DRAWING_UNCONFIRMED",0,2,0,0,0
"suit-2pc|lapel|lapel-bh-style|lbh-musical-note","suit-2pc","Musical Note",yes,"/images/blueprints/remote/24d6dbc11ded__176474515675704.jpg","drawing-unverified","DRAWING_UNCONFIRMED",0,2,0,0,0
"suit-2pc|lapel|lapel-bh-style|lbh-brilliance-4","suit-2pc","Add Brilliance (4-Color)",yes,"/images/blueprints/remote/a7230fc9f3da__176343653141900.jpg","drawing-unverified","DRAWING_UNCONFIRMED",0,2,0,0,0
"suit-2pc|lapel|lapel-bh-style|lbh-grateful-heart","suit-2pc","Grateful Heart",yes,"/images/blueprints/remote/d0b30f2759b5__176343669704240.jpg","drawing-unverified","DRAWING_UNCONFIRMED",0,2,0,0,0
"suit-2pc|lapel|lapel-bh-style|lbh-dragon-horn","suit-2pc","Dragon Horn",yes,"/images/blueprints/remote/a91bdb322444__176343661938854.jpg","drawing-unverified","DRAWING_UNCONFIRMED",0,2,0,0,0
"suit-2pc|lapel|lapel-bh-style|lbh-brave-winds","suit-2pc","Brave Winds, Break Waves",yes,"/images/blueprints/remote/4dd971d81d42__176343661951216.jpg","drawing-unverified","DRAWING_UNCONFIRMED",0,2,0,0,0
"suit-2pc|lapel|lapel-bh-style|lbh-happiness","suit-2pc","Happiness & Prosperity",yes,"/images/blueprints/remote/c734c7a2656a__176343650968601.jpg","drawing-unverified","DRAWING_UNCONFIRMED",0,2,0,0,0
"suit-2pc|lapel|lapel-bh-style|lbh-work-as-one","suit-2pc","Work as One",yes,"/images/blueprints/remote/c991a31e00f2__176343650974514.jpg","drawing-unverified","DRAWING_UNCONFIRMED",0,2,0,0,0
"suit-2pc|lapel|lapel-bh-style|lbh-christmas-antler","suit-2pc","Christmas Antler",yes,"/images/blueprints/remote/db0544c0ddce__176343667396427.jpg","drawing-unverified","DRAWING_UNCONFIRMED",0,2,0,0,0
"suit-2pc|lapel|lapel-bh-style|lbh-angel","suit-2pc","Angel of Happiness",yes,"/images/blueprints/remote/2127690a601f__176344755957323.jpg","drawing-unverified","DRAWING_UNCONFIRMED",0,2,0,0,0
"suit-2pc|lapel|lapel-bh-style|lbh-open-minded","suit-2pc","Open-Minded & Inclusive",yes,"/images/blueprints/remote/ab745fd9cdc0__176344755936037.jpg","drawing-unverified","DRAWING_UNCONFIRMED",0,2,0,0,0
"suit-2pc|lapel|lapel-bh-style|lbh-heart-to-heart","suit-2pc","Heart to Heart",yes,"/images/blueprints/remote/d4fe8a2988a5__176343659515277.jpg","drawing-unverified","DRAWING_UNCONFIRMED",0,2,0,0,0
"suit-2pc|lapel|lapel-bh-style|lbh-2c-curved-barge","suit-2pc","2-Color Curved Barge Eye",yes,"/images/blueprints/remote/aade400dac52__176343650977368.jpg","drawing-unverified","DRAWING_UNCONFIRMED",0,2,0,0,0
"suit-2pc|lapel|lapel-bh-style|lbh-3c-curved-barge","suit-2pc","3-Color Curved Barge Eye",yes,"/images/blueprints/remote/6c9601646cde__176343650979935.jpg","drawing-unverified","DRAWING_UNCONFIRMED",0,2,0,0,0
"suit-2pc|lapel|lapel-bh-style|lbh-head-eye","suit-2pc","Handmade Head & Eye",yes,"/images/blueprints/remote/12e397cc0297__176343650982652.jpg","drawing-unverified","DRAWING_UNCONFIRMED",0,2,0,0,0
"suit-2pc|lapel|lapel-bh-style|lbh-dark-fragrance","suit-2pc","Dark Fragrance & Shadow",no,"/images/blueprints/remote/5bcde6559cb8__176343653144810.jpg","drawing-unverified","DRAWING_UNCONFIRMED",0,1,0,0,0
"suit-2pc|lapel|lapel-bh-style|lbh-drop-shape","suit-2pc","Drop Shape",no,"/images/blueprints/remote/6c6394e0a23b__176343656463556.jpg","drawing-unverified","DRAWING_UNCONFIRMED",0,1,0,0,0
"suit-2pc|lapel|lapel-bh-style|lbh-qingyun","suit-2pc","Qingyun Straight Up",yes,"/images/blueprints/remote/e42f2984bce0__176343656466195.jpg","drawing-unverified","DRAWING_UNCONFIRMED",0,2,0,0,0
"suit-2pc|lapel|lapel-bh-style|lbh-butt-eye","suit-2pc","Handmade Butt Eye",yes,"/images/blueprints/remote/9021c432cc38__176343659481498.jpg","drawing-unverified","DRAWING_UNCONFIRMED",0,2,0,0,0
"suit-2pc|lapel|lapel-bh-style|lbh-cow-air","suit-2pc","Cow Air to the Sky",yes,"/images/blueprints/remote/e11d49972d38__176343661931675.jpg","drawing-unverified","DRAWING_UNCONFIRMED",0,2,0,0,0
"suit-2pc|lapel|lapel-bh-style|lbh-water-drop","suit-2pc","Water Drop Butt Eye",yes,"/images/blueprints/remote/051abf203c29__176343656458701.jpg","drawing-unverified","DRAWING_UNCONFIRMED",0,2,0,0,0
"suit-2pc|lapel|lapel-bh-position|lbp-left","suit-2pc","Left Lapel",yes,"/images/blueprints/supplier/9e99ee8084ba__0541__Left_bttn_hole.jpg","drawing-unverified","DRAWING_UNCONFIRMED",0,1,0,0,0
"suit-2pc|lapel|lapel-bh-position|lbp-right","suit-2pc","Right Lapel",yes,"/images/blueprints/baoxiniao/jacket/GTECP/B.jpg","drawing-unverified","DRAWING_UNCONFIRMED|NO_USABLE_PHOTO",0,0,0,0,0
"suit-2pc|lapel|lapel-bh-position|lbp-left-double","suit-2pc","Left Double",yes,"/images/blueprints/supplier/fd7769c12fc9__0545__Double_left_bttn_hole.jpg","drawing-unverified","DRAWING_UNCONFIRMED",1,1,0,0,0
"suit-2pc|lapel|lapel-bh-position|lbp-both","suit-2pc","Both Sides",yes,"/images/blueprints/supplier/68b420f69832__0543__Right_Left_bttn_hole.jpg","drawing-unverified","DRAWING_UNCONFIRMED",0,2,0,0,0
"suit-2pc|lapel|lapel-bh-position|lbp-both-double","suit-2pc","Each Side Double",yes,"/images/supplier-bb/GTECP/E.jpg","drawing-unverified","DRAWING_UNCONFIRMED",0,1,0,0,0
"suit-2pc|lapel|lapel-bh-position|lbp-3l-2r","suit-2pc","Three Left / Two Right",yes,"/images/blueprints/supplier/b92433d52b1a__0549__Left_three_right_two.png","verified-match","",1,3,0,0,0
"suit-2pc|lapel|lapel-bh-position|lbp-3l-1r","suit-2pc","Three Left / One Right",yes,"/images/blueprints/supplier/9ccd5722c833__054Y__3_left_bttn_hole_1_right_bttn_hole.jpg","drawing-unverified","DRAWING_UNCONFIRMED",0,1,0,0,0
"suit-2pc|lapel|collar-felt|felt-matching","suit-2pc","Matching to Fabric",yes,"/images/blueprints/factory/5bd354dec911__0671__Matched_fabric_color.jpg","drawing-unverified","DRAWING_UNCONFIRMED|SHARED_DRAWING",0,1,0,0,0
"suit-2pc|lapel|collar-felt|felt-self","suit-2pc","Same as Self-fabric",yes,"/images/blueprints/factory/debfdcd7d9ad__0673__Same_fabric.jpg","drawing-unverified","DRAWING_UNCONFIRMED",0,1,0,0,0
"suit-2pc|lapel|collar-felt|felt-custom","suit-2pc","Specify Code at Order",yes,"/images/blueprints/factory/5bd354dec911__0671__Matched_fabric_color.jpg","drawing-unverified","DRAWING_UNCONFIRMED|SHARED_DRAWING",0,1,0,0,0
"suit-2pc|lapel|collar-interlining|ci-regular","suit-2pc","Regular (with Linen)",yes,"/images/blueprints/baoxiniao/jacket/GTEDC/A.jpg","drawing-unverified","DRAWING_UNCONFIRMED|NO_USABLE_PHOTO",0,0,0,0,0
"suit-2pc|lapel|collar-interlining|ci-no-linen","suit-2pc","No Linen",yes,"/images/blueprints/baoxiniao/jacket/GTEDC/NFC00054.jpg","drawing-unverified","DRAWING_UNCONFIRMED|NO_USABLE_PHOTO",0,0,0,0,0
"suit-2pc|lapel|folded-collar-craft|fcc-normal","suit-2pc","Normal",yes,"/images/blueprints/baoxiniao/jacket/KALTP/A.jpg","drawing-unverified","DRAWING_UNCONFIRMED|NO_USABLE_PHOTO",0,0,0,0,0
"suit-2pc|lapel|folded-collar-craft|fcc-turnback","suit-2pc","Turn Back at the End",yes,"/images/blueprints/baoxiniao/jacket/KALTP/B.jpg","drawing-unverified","DRAWING_UNCONFIRMED|NO_USABLE_PHOTO",0,0,0,0,0
"suit-2pc|suit-pockets|chest-pocket|cp-none","suit-2pc","None",yes,"/images/blueprints/baoxiniao/jacket/REQPU/H.jpg","drawing-unverified","DRAWING_UNCONFIRMED|EXTERNAL_WEB_PHOTO|NO_USABLE_PHOTO",0,0,0,0,10
"suit-2pc|suit-pockets|chest-pocket|cp-welt-23","suit-2pc","Straight Welt 2.3 cm",yes,"/images/blueprints/baoxiniao/jacket/REQPU/A.jpg","drawing-unverified","DRAWING_UNCONFIRMED|EXTERNAL_WEB_PHOTO",1,4,0,0,10
"suit-2pc|suit-pockets|chest-pocket|cp-welt-25","suit-2pc","Straight Welt 2.5 cm",yes,"/images/blueprints/baoxiniao/jacket/REQPU/B.jpg","drawing-unverified","DRAWING_UNCONFIRMED|EXTERNAL_WEB_PHOTO",1,4,0,0,2
"suit-2pc|suit-pockets|chest-pocket|cp-welt-27","suit-2pc","Straight Welt 2.7 cm",yes,"/images/blueprints/baoxiniao/jacket/REQPU/C.jpg","drawing-unverified","DRAWING_UNCONFIRMED",1,4,0,0,0
"suit-2pc|suit-pockets|chest-pocket|cp-welt-curved-23","suit-2pc","Curved Welt 2.3 cm",yes,"/images/blueprints/baoxiniao/jacket/REQPU/D.jpg","drawing-unverified","DRAWING_UNCONFIRMED",1,4,0,0,0
"suit-2pc|suit-pockets|chest-pocket|cp-welt-curved-25","suit-2pc","Curved Welt 2.5 cm",yes,"/images/blueprints/baoxiniao/jacket/REQPU/E.jpg","drawing-unverified","DRAWING_UNCONFIRMED",1,4,0,0,0
"suit-2pc|suit-pockets|chest-pocket|cp-welt-curved-27","suit-2pc","Curved Welt 2.7 cm",yes,"/images/blueprints/baoxiniao/jacket/REQPU/F.jpg","drawing-unverified","DRAWING_UNCONFIRMED",1,4,0,0,0
"suit-2pc|suit-pockets|chest-pocket|cp-welt-curved-29","suit-2pc","Curved Welt 2.9 cm",yes,"/images/blueprints/baoxiniao/jacket/REQPU/J.jpg","drawing-unverified","DRAWING_UNCONFIRMED",1,4,0,0,0
"suit-2pc|suit-pockets|chest-pocket|cp-jetted","suit-2pc","Jetted Chest Pocket",no,"/images/blueprints/supplier/96a644fd3df9__0110__Besom.jpg","drawing-unverified","DRAWING_UNCONFIRMED",1,4,0,0,0
"suit-2pc|suit-pockets|chest-pocket|cp-patch","suit-2pc","Patch Pocket",yes,"/images/blueprints/supplier/05a23ba11482__0150__Patch.jpg","drawing-unverified","DRAWING_UNCONFIRMED|EXTERNAL_WEB_PHOTO",1,4,0,0,4
"suit-2pc|suit-pockets|chest-pocket|cp-patch-round","suit-2pc","Round Patch",yes,"/images/blueprints/baoxiniao/jacket/REQPU/HXD.jpg","drawing-unverified","DRAWING_UNCONFIRMED|EXTERNAL_WEB_PHOTO|NO_USABLE_PHOTO",0,0,0,0,10
"suit-2pc|suit-pockets|chest-pocket|cp-patch-tulip","suit-2pc","Tulip Shape Patch",yes,"/images/blueprints/baoxiniao/jacket/REQPU/233.jpg","drawing-unverified","DRAWING_UNCONFIRMED|NO_USABLE_PHOTO",0,0,0,0,0
"suit-2pc|suit-pockets|chest-pocket|cp-patch-angled","suit-2pc","Angled Box Pleat Patch",yes,"/images/blueprints/baoxiniao/jacket/REQPU/BE.jpg","drawing-unverified","DRAWING_UNCONFIRMED|EXTERNAL_WEB_PHOTO",0,2,0,0,2
"suit-2pc|suit-pockets|chest-pocket|cp-patch-multi","suit-2pc","Multi-Pleated Patch",yes,"/images/blueprints/baoxiniao/jacket/REQPU/C1.jpg","drawing-unverified","DRAWING_UNCONFIRMED",0,2,0,0,0
"suit-2pc|suit-pockets|chest-pocket|cp-boat-28","suit-2pc","Boat-shaped 2.8 cm",yes,"/images/blueprints/baoxiniao/jacket/REQPU/238.jpg","drawing-unverified","DRAWING_UNCONFIRMED|EXTERNAL_WEB_PHOTO",1,4,0,0,2
"suit-2pc|suit-pockets|chest-pocket|cp-boat-30","suit-2pc","Boat-shaped 3.0 cm",yes,"/images/blueprints/baoxiniao/jacket/REQPU/237.jpg","drawing-unverified","DRAWING_UNCONFIRMED|EXTERNAL_WEB_PHOTO",1,4,0,0,4
"suit-2pc|suit-pockets|chest-pocket|cp-trapezoid","suit-2pc","Trapezoid Pocket",yes,"/images/blueprints/supplier/9dc885487d07__00J2__Trapezoid.jpg","drawing-unverified","DRAWING_UNCONFIRMED|EXTERNAL_WEB_PHOTO",1,6,0,0,4
"suit-2pc|suit-pockets|chest-pocket|cp-inverted-pleat-2flap","suit-2pc","Two Inverted Pleated + Flaps",yes,"/images/blueprints/baoxiniao/jacket/REQPU/234.jpg","drawing-unverified","DRAWING_UNCONFIRMED",0,2,0,0,0
"suit-2pc|suit-pockets|chest-pocket|cp-inverted-pleat-flap","suit-2pc","Inverted Pleated + Flap",yes,"/images/blueprints/baoxiniao/jacket/REQPU/235.jpg","drawing-unverified","DRAWING_UNCONFIRMED|EXTERNAL_WEB_PHOTO",0,2,0,0,4
"suit-2pc|suit-pockets|lower-pocket|lp-slanted-flap-40","suit-2pc","Slanted Flap 4.0 cm",yes,"/images/blueprints/baoxiniao/jacket/REQPD/G.jpg","drawing-unverified","DRAWING_UNCONFIRMED|EXTERNAL_WEB_PHOTO",1,4,0,0,10
"suit-2pc|suit-pockets|lower-pocket|lp-slanted-flap-45","suit-2pc","Slanted Flap 4.5 cm",yes,"/images/blueprints/baoxiniao/jacket/REQPD/H.jpg","drawing-unverified","DRAWING_UNCONFIRMED|EXTERNAL_WEB_PHOTO",1,4,0,0,10
"suit-2pc|suit-pockets|lower-pocket|lp-slanted-flap-50","suit-2pc","Slanted Flap 5.0 cm",yes,"/images/blueprints/baoxiniao/jacket/REQPD/I.jpg","drawing-unverified","DRAWING_UNCONFIRMED|EXTERNAL_WEB_PHOTO",1,4,0,0,10
"suit-2pc|suit-pockets|lower-pocket|lp-slanted-flap-55","suit-2pc","Slanted Flap 5.5 cm",yes,"/images/blueprints/supplier/b795127dc02f__02A1__Regular_slanted.jpg","verified-match","EXTERNAL_WEB_PHOTO",1,3,0,0,10
"suit-2pc|suit-pockets|lower-pocket|lp-slanted-flap-60","suit-2pc","Slanted Flap 6.0 cm",yes,"/images/blueprints/baoxiniao/jacket/REQPD/10.jpg","drawing-unverified","DRAWING_UNCONFIRMED|EXTERNAL_WEB_PHOTO",1,4,0,0,10
"suit-2pc|suit-pockets|lower-pocket|lp-slanted-flap-65","suit-2pc","Slanted Flap 6.5 cm",yes,"/images/blueprints/baoxiniao/jacket/REQPD/23.jpg","drawing-unverified","DRAWING_UNCONFIRMED|EXTERNAL_WEB_PHOTO",1,4,0,0,6
"suit-2pc|suit-pockets|lower-pocket|lp-large-slanted-40","suit-2pc","Large Slanted Flap 4.0 cm",yes,"/images/blueprints/baoxiniao/jacket/REQPD/O.jpg","drawing-unverified","DRAWING_UNCONFIRMED|EXTERNAL_WEB_PHOTO|HAS_OWNER_REFS",0,2,0,1,10
"suit-2pc|suit-pockets|lower-pocket|lp-large-slanted-45","suit-2pc","Large Slanted Flap 4.5 cm",yes,"/images/blueprints/baoxiniao/jacket/REQPD/Q.jpg","drawing-unverified","DRAWING_UNCONFIRMED|EXTERNAL_WEB_PHOTO|HAS_OWNER_REFS",0,2,0,1,10
"suit-2pc|suit-pockets|lower-pocket|lp-large-slanted-50","suit-2pc","Large Slanted Flap 5.0 cm",yes,"/images/blueprints/baoxiniao/jacket/REQPD/R.jpg","drawing-unverified","DRAWING_UNCONFIRMED|EXTERNAL_WEB_PHOTO|HAS_OWNER_REFS",0,2,0,1,10
"suit-2pc|suit-pockets|lower-pocket|lp-large-slanted-55","suit-2pc","Large Slanted Flap 5.5 cm",yes,"/images/blueprints/baoxiniao/jacket/REQPD/13.jpg","drawing-unverified","DRAWING_UNCONFIRMED|EXTERNAL_WEB_PHOTO|HAS_OWNER_REFS",0,2,0,1,10
"suit-2pc|suit-pockets|lower-pocket|lp-large-slanted-60","suit-2pc","Large Slanted Flap 6.0 cm",yes,"","missing","DRAWING_IS_PHOTO|NO_DRAWING|EXTERNAL_WEB_PHOTO|HAS_OWNER_REFS",0,2,0,1,10
"suit-2pc|suit-pockets|lower-pocket|lp-large-slanted-65","suit-2pc","Large Slanted Flap 6.5 cm",yes,"/images/blueprints/baoxiniao/jacket/REQPD/24.jpg","drawing-unverified","DRAWING_UNCONFIRMED|EXTERNAL_WEB_PHOTO",0,2,0,0,10
"suit-2pc|suit-pockets|lower-pocket|lp-straight-jetted-40","suit-2pc","Straight Jetted Flap 4.0 cm",yes,"/images/blueprints/baoxiniao/jacket/REQPD/A.jpg","drawing-unverified","DRAWING_UNCONFIRMED|EXTERNAL_WEB_PHOTO",1,4,0,0,10
"suit-2pc|suit-pockets|lower-pocket|lp-straight-jetted-45","suit-2pc","Straight Jetted Flap 4.5 cm",yes,"/images/blueprints/baoxiniao/jacket/REQPD/B.jpg","drawing-unverified","DRAWING_UNCONFIRMED",1,4,0,0,0
"suit-2pc|suit-pockets|lower-pocket|lp-straight-jetted-50","suit-2pc","Straight Jetted Flap 5.0 cm",yes,"/images/blueprints/baoxiniao/jacket/REQPD/C.jpg","drawing-unverified","DRAWING_UNCONFIRMED",1,3,0,0,0
"suit-2pc|suit-pockets|lower-pocket|lp-straight-jetted-55","suit-2pc","Straight Jetted Flap 5.5 cm",yes,"/images/blueprints/baoxiniao/jacket/REQPD/11.jpg","drawing-unverified","DRAWING_UNCONFIRMED",1,4,0,0,0
"suit-2pc|suit-pockets|lower-pocket|lp-straight-jetted-60","suit-2pc","Straight Jetted Flap 6.0 cm",yes,"/images/blueprints/baoxiniao/jacket/REQPD/12.jpg","drawing-unverified","DRAWING_UNCONFIRMED|EXTERNAL_WEB_PHOTO",1,3,0,0,4
"suit-2pc|suit-pockets|lower-pocket|lp-straight-jetted-65","suit-2pc","Straight Jetted Flap 6.5 cm",yes,"/images/blueprints/baoxiniao/jacket/REQPD/22.jpg","drawing-unverified","DRAWING_UNCONFIRMED|EXTERNAL_WEB_PHOTO",1,4,0,0,8
"suit-2pc|suit-pockets|lower-pocket|lp-jetted-4","suit-2pc","Straight Jetted Pocket 4 cm",yes,"/images/blueprints/supplier/f97bc3d4910c__0231__Besom.jpg","verified-match","EXTERNAL_WEB_PHOTO",0,3,0,0,6
"suit-2pc|suit-pockets|lower-pocket|lp-straight-jetted","suit-2pc","Straight Jetted Pocket",yes,"/images/blueprints/baoxiniao/jacket/REQPD/D.jpg","drawing-unverified","DRAWING_UNCONFIRMED",1,18,0,0,0
"suit-2pc|suit-pockets|lower-pocket|lp-slanted-jetted","suit-2pc","Slanted Jetted Pocket",yes,"/images/blueprints/baoxiniao/jacket/REQPD/J.jpg","drawing-unverified","DRAWING_UNCONFIRMED",0,2,0,0,0
"suit-2pc|suit-pockets|lower-pocket|lp-large-slanted-jetted","suit-2pc","Large Slanted Jetted Pocket",yes,"/images/blueprints/baoxiniao/jacket/REQPD/S.jpg","drawing-unverified","DRAWING_UNCONFIRMED|EXTERNAL_WEB_PHOTO",0,2,0,0,2
"suit-2pc|suit-pockets|lower-pocket|lp-welt-10","suit-2pc","Welt Pocket 1.0 cm",yes,"","missing","NO_DRAWING",0,2,0,0,0
"suit-2pc|suit-pockets|lower-pocket|lp-welt-12","suit-2pc","Welt Pocket 1.2 cm",yes,"","missing","NO_DRAWING",0,2,0,0,0
"suit-2pc|suit-pockets|lower-pocket|lp-welt-15","suit-2pc","Welt Pocket 1.5 cm",yes,"","missing","NO_DRAWING",0,2,0,0,0
"suit-2pc|suit-pockets|lower-pocket|lp-rl-flat-55","suit-2pc","RL Flat Dress Pocket 5.5 cm",yes,"/images/blueprints/baoxiniao/jacket/REQPD/SA.jpg","drawing-unverified","DRAWING_UNCONFIRMED",0,2,0,0,0
"suit-2pc|suit-pockets|lower-pocket|lp-patch","suit-2pc","Patch Pocket",yes,"/images/blueprints/supplier/59c3e6007dd6__02J1__Patch.jpg","drawing-unverified","DRAWING_UNCONFIRMED|EXTERNAL_WEB_PHOTO",1,8,0,0,8
"suit-2pc|suit-pockets|lower-pocket|lp-patch-rounded","suit-2pc","Rounded Patch",yes,"/images/blueprints/supplier/a8da948466fd__02K0__Curved_patch.jpg","drawing-unverified","DRAWING_UNCONFIRMED|EXTERNAL_WEB_PHOTO",1,5,0,0,10
"suit-2pc|suit-pockets|lower-pocket|lp-patch-flap","suit-2pc","Patch with Basic Flap",yes,"/images/blueprints/supplier/dedd5aef23db__02L2__Patch_with_flap.jpg","drawing-unverified","DRAWING_UNCONFIRMED|EXTERNAL_WEB_PHOTO",1,4,0,0,10
"suit-2pc|suit-pockets|lower-pocket|lp-patch-flap-btn","suit-2pc","Patch with Flap & Button",yes,"/images/blueprints/baoxiniao/jacket/REQPD/237.jpg","drawing-unverified","DRAWING_UNCONFIRMED",0,2,0,0,0
"suit-2pc|suit-pockets|lower-pocket|lp-patch-btn-tab-round","suit-2pc","Patch + Rounded Button Tab",yes,"/images/blueprints/baoxiniao/jacket/REQPD/7.jpg","drawing-unverified","DRAWING_UNCONFIRMED",0,2,0,0,0
"suit-2pc|suit-pockets|lower-pocket|lp-patch-btn-tab-straight","suit-2pc","Patch + Straight Button Tab",yes,"/images/blueprints/baoxiniao/jacket/REQPD/6.jpg","drawing-unverified","DRAWING_UNCONFIRMED",0,2,0,0,0
"suit-2pc|suit-pockets|lower-pocket|lp-patch-btn-tab-angled","suit-2pc","Patch + Angled Button Tab",yes,"/images/blueprints/baoxiniao/jacket/REQPD/5.jpg","drawing-unverified","DRAWING_UNCONFIRMED",0,2,0,0,0
"suit-2pc|suit-pockets|lower-pocket|lp-inverted-flap","suit-2pc","Inverted Pleated + Basic Flap",yes,"/images/blueprints/baoxiniao/jacket/REQPD/20.jpg","drawing-unverified","DRAWING_UNCONFIRMED|EXTERNAL_WEB_PHOTO",0,2,0,0,2
"suit-2pc|suit-pockets|lower-pocket|lp-inverted-flap-btn","suit-2pc","Inverted Pleated + Flap & Button",yes,"/images/blueprints/baoxiniao/jacket/REQPD/236.jpg","drawing-unverified","DRAWING_UNCONFIRMED",0,2,0,0,0
"suit-2pc|suit-pockets|lower-pocket|lp-inverted-angled-flap-btn","suit-2pc","Inverted Pleated + Angled Flap & Button",yes,"/images/blueprints/baoxiniao/jacket/REQPD/19.jpg","drawing-unverified","DRAWING_UNCONFIRMED",0,2,0,0,0
"suit-2pc|suit-pockets|lower-pocket|lp-jetted-btn-tab","suit-2pc","Jetted + Button Tab",yes,"/images/blueprints/supplier/b390170669a3__02M1__Besom_with_tab_and_button.jpg","drawing-unverified","DRAWING_UNCONFIRMED",1,4,0,0,0
"suit-2pc|suit-pockets|lower-pocket|lp-box-pleat-flap","suit-2pc","Box Patch Pocket + Flap",yes,"/images/blueprints/baoxiniao/jacket/REQPD/234.jpg","drawing-unverified","DRAWING_UNCONFIRMED",0,2,0,0,0
"suit-2pc|suit-pockets|lower-pocket|lp-angled-box-pleat","suit-2pc","Angled Box Pleat Patch",yes,"/images/blueprints/baoxiniao/jacket/REQPD/BE.jpg","drawing-unverified","DRAWING_UNCONFIRMED",0,2,0,0,0
"suit-2pc|suit-pockets|lower-pocket|lp-multi-pleat","suit-2pc","Multi-Pleat Patch",yes,"/images/blueprints/baoxiniao/jacket/REQPD/S1.jpg","drawing-unverified","DRAWING_UNCONFIRMED",0,2,0,0,0
"suit-2pc|suit-pockets|lower-pocket|lp-water-drop","suit-2pc","Water-drop Shape Patch",yes,"/images/blueprints/baoxiniao/jacket/REQPD/HMD.jpg","drawing-unverified","DRAWING_UNCONFIRMED|EXTERNAL_WEB_PHOTO",0,2,0,0,4
"suit-2pc|suit-pockets|lower-pocket-bartack|bartack-none","suit-2pc","None",yes,"/images/blueprints/baoxiniao/jacket/REKPO/D.jpg","drawing-unverified","DRAWING_UNCONFIRMED|UNPLACEABLE_DECISION|EXTERNAL_WEB_PHOTO|NO_USABLE_PHOTO",0,0,0,0,10
"suit-2pc|suit-pockets|lower-pocket-bartack|bartack-d","suit-2pc","D-Bartack",yes,"/images/blueprints/baoxiniao/jacket/REKPO/A.jpg","drawing-unverified","DRAWING_UNCONFIRMED|EXTERNAL_WEB_PHOTO|NO_USABLE_PHOTO",0,0,0,0,10
"suit-2pc|suit-pockets|lower-pocket-bartack|bartack-i","suit-2pc","I-Bartack",yes,"/images/blueprints/baoxiniao/jacket/REKPO/B.jpg","drawing-unverified","DRAWING_UNCONFIRMED|EXTERNAL_WEB_PHOTO|NO_USABLE_PHOTO",0,0,0,0,2
"suit-2pc|suit-pockets|lower-pocket-bartack|bartack-x","suit-2pc","X-Bartack",yes,"/images/blueprints/baoxiniao/jacket/REKPO/C.jpg","drawing-unverified","DRAWING_UNCONFIRMED|EXTERNAL_WEB_PHOTO|NO_USABLE_PHOTO",0,0,0,0,10
"suit-2pc|suit-pockets|lower-pocket-bartack|bartack-1","suit-2pc","1-Bartack",yes,"/images/blueprints/baoxiniao/jacket/REKPO/E.jpg","drawing-unverified","DRAWING_UNCONFIRMED|NO_USABLE_PHOTO",0,0,0,0,0
"suit-2pc|suit-pockets|ticket-pocket|tp-none","suit-2pc","None",yes,"/images/blueprints/baoxiniao/jacket/KPOKD/D.jpg","drawing-unverified","DRAWING_UNCONFIRMED|NO_USABLE_PHOTO",0,0,0,0,0
"suit-2pc|suit-pockets|ticket-pocket|tp-jetted","suit-2pc","Jetted Ticket Pocket",yes,"/images/blueprints/baoxiniao/jacket/KPOKD/B.jpg","drawing-unverified","DRAWING_UNCONFIRMED|EXTERNAL_WEB_PHOTO",0,2,0,0,4
"suit-2pc|suit-pockets|ticket-pocket|tp-welt","suit-2pc","Welt Ticket Pocket",yes,"/images/blueprints/baoxiniao/jacket/KPOKD/C.jpg","drawing-unverified","DRAWING_UNCONFIRMED",0,2,0,0,0
"suit-2pc|suit-pockets|ticket-pocket|tp-card-italian","suit-2pc","Italian Card Slot",yes,"/images/blueprints/baoxiniao/jacket/KPOKD/25K.jpg","drawing-unverified","DRAWING_UNCONFIRMED|EXTERNAL_WEB_PHOTO|NO_USABLE_PHOTO",0,0,0,0,4
"suit-2pc|suit-pockets|ticket-pocket|tp-card-formal","suit-2pc","Formal Card Holder",no,"/images/blueprints/baoxiniao/jacket/KPOKD/25Q.jpg","drawing-unverified","DRAWING_UNCONFIRMED|EXTERNAL_WEB_PHOTO",0,0,0,0,4
"suit-2pc|suit-pockets|ticket-pocket|tp-rl-card","suit-2pc","RL Card Pocket",yes,"/images/blueprints/baoxiniao/jacket/KPOKD/EG.jpg","drawing-unverified","DRAWING_UNCONFIRMED|NO_USABLE_PHOTO",0,0,0,0,0
"suit-2pc|suit-pockets|ticket-pocket|tp-flap-40","suit-2pc","Flap 4.0 cm",yes,"/images/blueprints/baoxiniao/jacket/KPOKD/J.jpg","drawing-unverified","DRAWING_UNCONFIRMED|EXTERNAL_WEB_PHOTO|NO_USABLE_PHOTO",0,0,0,0,10
"suit-2pc|suit-pockets|ticket-pocket|tp-flap-45","suit-2pc","Flap 4.5 cm",yes,"/images/blueprints/baoxiniao/jacket/KPOKD/F.jpg","drawing-unverified","DRAWING_UNCONFIRMED|NO_USABLE_PHOTO",0,0,0,0,0
"suit-2pc|suit-pockets|ticket-pocket|tp-flap-50","suit-2pc","Flap 5.0 cm",yes,"/images/blueprints/baoxiniao/jacket/KPOKD/G.jpg","drawing-unverified","DRAWING_UNCONFIRMED|NO_USABLE_PHOTO",0,0,0,0,0
"suit-2pc|suit-pockets|ticket-pocket|tp-flap-55","suit-2pc","Flap 5.5 cm",yes,"/images/blueprints/baoxiniao/jacket/KPOKD/H.jpg","drawing-unverified","DRAWING_UNCONFIRMED|NO_USABLE_PHOTO",0,0,0,0,0
"suit-2pc|suit-pockets|ticket-pocket|tp-flap-60","suit-2pc","Flap 6.0 cm",yes,"/images/blueprints/baoxiniao/jacket/KPOKD/I.jpg","drawing-unverified","DRAWING_UNCONFIRMED|NO_USABLE_PHOTO",0,0,0,0,0
"suit-2pc|suit-pockets|coin-pocket|coin-none","suit-2pc","None",yes,"/images/blueprints/baoxiniao/jacket/KAXDK/Z.jpg","drawing-unverified","DRAWING_UNCONFIRMED",0,5,0,0,0
"suit-2pc|suit-pockets|coin-pocket|coin-left","suit-2pc","Left Side",yes,"/images/blueprints/baoxiniao/jacket/KAXDK/A.jpg","drawing-unverified","DRAWING_UNCONFIRMED",0,3,0,0,0
"suit-2pc|suit-pockets|coin-pocket|coin-right","suit-2pc","Right Side",yes,"/images/blueprints/baoxiniao/jacket/KAXDK/B.jpg","drawing-unverified","DRAWING_UNCONFIRMED",0,6,0,0,0
"suit-2pc|suit-pockets|coin-pocket|coin-both","suit-2pc","Both Sides",yes,"/images/blueprints/baoxiniao/jacket/KAXDK/C.jpg","drawing-unverified","DRAWING_UNCONFIRMED",0,6,0,0,0
"suit-2pc|front-style|button-config|sb-1","suit-2pc","SB 1 Button",yes,"/images/supplier-bb/REQBT/1.jpg","drawing-unverified","DRAWING_UNCONFIRMED|EXTERNAL_WEB_PHOTO",0,2,0,0,10
"suit-2pc|front-style|button-config|sb-2","suit-2pc","SB 2 Buttons",yes,"/images/supplier-bb/REQBT/2.jpg","drawing-unverified","DRAWING_UNCONFIRMED|EXTERNAL_WEB_PHOTO",0,2,0,0,10
"suit-2pc|front-style|button-config|sb-3","suit-2pc","SB 3 Buttons",yes,"/images/supplier-bb/REQBT/3.jpg","drawing-unverified","DRAWING_UNCONFIRMED|EXTERNAL_WEB_PHOTO",0,4,0,0,10
"suit-2pc|front-style|button-config|sb-4","suit-2pc","SB 4 Buttons",yes,"/images/supplier-bb/REQBT/4.jpg","drawing-unverified","DRAWING_UNCONFIRMED",0,4,0,0,0
"suit-2pc|front-style|button-config|sb-3-roll-2","suit-2pc","SB 3 Roll 2",yes,"/images/supplier-bb/REQBT/5.jpg","drawing-unverified","DRAWING_UNCONFIRMED|EXTERNAL_WEB_PHOTO",0,2,0,0,10
"suit-2pc|front-style|button-config|sb-4-roll-3","suit-2pc","SB 4 Roll 3",yes,"/images/supplier-bb/REQBT/6.jpg","drawing-unverified","DRAWING_UNCONFIRMED|EXTERNAL_WEB_PHOTO",0,2,0,0,10
"suit-2pc|front-style|button-config|sb-5-hidden","suit-2pc","SB 5 Hidden Button",yes,"/images/supplier-bb/REQBT/26.jpg","drawing-unverified","DRAWING_UNCONFIRMED|EXTERNAL_WEB_PHOTO",0,2,0,0,10
"suit-2pc|front-style|button-config|sb-5","suit-2pc","SB 5 Buttons",yes,"/images/blueprints/baoxiniao/jacket/REQBT/27.jpg","drawing-unverified","DRAWING_UNCONFIRMED",0,2,0,0,0
"suit-2pc|front-style|button-config|db-2x1","suit-2pc","DB 2 × 1",yes,"/images/blueprints/baoxiniao/jacket/REQBT/8.jpg","drawing-unverified","DRAWING_UNCONFIRMED|EXTERNAL_WEB_PHOTO",0,2,0,0,10
"suit-2pc|front-style|button-config|db-4x1","suit-2pc","DB 4 × 1",yes,"/images/blueprints/baoxiniao/jacket/REQBT/9.jpg","drawing-unverified","DRAWING_UNCONFIRMED|EXTERNAL_WEB_PHOTO",0,2,0,0,10
"suit-2pc|front-style|button-config|db-4x2","suit-2pc","DB 4 × 2",yes,"/images/blueprints/baoxiniao/jacket/REQBT/11.jpg","drawing-unverified","DRAWING_UNCONFIRMED|EXTERNAL_WEB_PHOTO",0,2,0,0,10
"suit-2pc|front-style|button-config|db-6x1","suit-2pc","DB 6 × 1",yes,"/images/blueprints/baoxiniao/jacket/REQBT/10.jpg","drawing-unverified","DRAWING_UNCONFIRMED|EXTERNAL_WEB_PHOTO",0,2,0,0,10
"suit-2pc|front-style|button-config|db-6x2","suit-2pc","DB 6 × 2",yes,"/images/blueprints/baoxiniao/jacket/REQBT/12.jpg","drawing-unverified","DRAWING_UNCONFIRMED|EXTERNAL_WEB_PHOTO",0,2,0,0,10
"suit-2pc|front-style|button-config|db-6x3","suit-2pc","DB 6 × 3",yes,"/images/blueprints/baoxiniao/jacket/REQBT/13.jpg","drawing-unverified","DRAWING_UNCONFIRMED|EXTERNAL_WEB_PHOTO",0,2,0,0,10
"suit-2pc|front-style|front-buttonhole|fbh-machine","suit-2pc","By Machine",yes,"/images/blueprints/baoxiniao/jacket/GLKMO/A.jpg","drawing-unverified","DRAWING_UNCONFIRMED|NO_USABLE_PHOTO",0,0,0,0,0
"suit-2pc|front-style|front-buttonhole|fbh-hands","suit-2pc","By Hand",yes,"/images/blueprints/baoxiniao/jacket/GLKMO/H.jpg","drawing-unverified","DRAWING_UNCONFIRMED|NO_USABLE_PHOTO",0,0,0,0,0
"suit-2pc|front-style|chest-dart|cd-minus-2","suit-2pc","-2 cm",yes,"/images/supplier-bb/KWAML/A.jpg","drawing-unverified","DRAWING_UNCONFIRMED|SHARED_DRAWING",0,2,0,0,0
"suit-2pc|front-style|chest-dart|cd-minus-3","suit-2pc","-3 cm",yes,"/images/supplier-bb/KWAML/B.jpg","drawing-unverified","DRAWING_UNCONFIRMED|SHARED_DRAWING",0,2,0,0,0
"suit-2pc|front-style|chest-dart|cd-standard","suit-2pc","Standard",yes,"/images/supplier-bb/KWAML/Z.jpg","drawing-unverified","DRAWING_UNCONFIRMED",0,3,0,0,0
"suit-2pc|front-style|chest-dart|cd-plus-2","suit-2pc","+2 cm",yes,"/images/supplier-bb/KWAML/A.jpg","drawing-unverified","DRAWING_UNCONFIRMED|SHARED_DRAWING",0,1,1,0,0
"suit-2pc|front-style|chest-dart|cd-plus-3","suit-2pc","+3 cm",yes,"/images/supplier-bb/KWAML/B.jpg","drawing-unverified","DRAWING_UNCONFIRMED|SHARED_DRAWING",0,1,1,0,0
"suit-2pc|front-style|hem-gusset|hem-round","suit-2pc","Round Hem",yes,"/images/supplier-bb/REQXB/P.jpg","drawing-unverified","DRAWING_UNCONFIRMED|HAS_OWNER_REFS",0,3,1,7,0
"suit-2pc|front-style|hem-gusset|hem-round-06","suit-2pc","Round Hem +0.6 cm",yes,"/images/supplier-bb/REQXB/M.jpg","drawing-unverified","DRAWING_UNCONFIRMED",0,2,0,0,0
"suit-2pc|front-style|hem-gusset|hem-squared","suit-2pc","Squared Bottom",yes,"/images/supplier-bb/REQXB/Q.jpg","drawing-unverified","DRAWING_UNCONFIRMED|HAS_OWNER_REFS",0,2,0,2,0
"suit-2pc|front-style|hem-gusset|hem-small-curve","suit-2pc","Small Curved Bottom",yes,"","missing","NO_DRAWING|NO_USABLE_PHOTO",0,0,0,0,0
"suit-2pc|front-style|hem-gusset|hem-big-curve","suit-2pc","Large Curved Bottom",yes,"","missing","NO_DRAWING|NO_USABLE_PHOTO",0,0,0,0,0
"suit-2pc|front-style|hem-gusset|hem-dr-round","suit-2pc","DR Round Hem",yes,"/images/supplier-bb/REQXB/D.jpg","drawing-unverified","DRAWING_UNCONFIRMED",0,1,1,0,0
"suit-2pc|sleeves-cuffs|sleeve-vent|sv-none","suit-2pc","None",yes,"/images/blueprints/baoxiniao/jacket/GCOXC/N.jpg","drawing-unverified","DRAWING_UNCONFIRMED|EXTERNAL_WEB_PHOTO|NO_USABLE_PHOTO",0,0,0,0,10
"suit-2pc|sleeves-cuffs|sleeve-vent|sv-mock","suit-2pc","Mock / Show Vent",yes,"/images/blueprints/baoxiniao/jacket/GCOXC/B.jpg","drawing-unverified","DRAWING_UNCONFIRMED|EXTERNAL_WEB_PHOTO|NO_USABLE_PHOTO",0,0,0,0,10
"suit-2pc|sleeves-cuffs|sleeve-vent|sv-functional","suit-2pc","Functional (Working)",no,"/images/blueprints/baoxiniao/jacket/GCOXC/A.jpg","drawing-unverified","DRAWING_UNCONFIRMED|EXTERNAL_WEB_PHOTO",0,0,0,0,10
"suit-2pc|sleeves-cuffs|sleeve-vent|sv-functional-mock","suit-2pc","Functional + Mock Vent",yes,"/images/blueprints/baoxiniao/jacket/GCOXC/C.jpg","drawing-unverified","DRAWING_UNCONFIRMED|EXTERNAL_WEB_PHOTO|NO_USABLE_PHOTO",0,0,0,0,10
"suit-2pc|sleeves-cuffs|sleeve-vent|sv-functional-no-bh","suit-2pc","Functional (No Buttonhole)",yes,"/images/blueprints/baoxiniao/jacket/GCOXC/D.jpg","drawing-unverified","DRAWING_UNCONFIRMED|EXTERNAL_WEB_PHOTO|NO_USABLE_PHOTO",0,0,0,0,10
"suit-2pc|sleeves-cuffs|cuff-style|cuff-angled","suit-2pc","Angled Vent Cuff",yes,"/images/blueprints/baoxiniao/jacket/KFAXK/X.jpg","drawing-unverified","DRAWING_UNCONFIRMED|EXTERNAL_WEB_PHOTO",0,2,0,0,2
"suit-2pc|sleeves-cuffs|cuff-style|cuff-square","suit-2pc","Square Cuff",yes,"/images/blueprints/baoxiniao/jacket/KFAXK/A.jpg","drawing-unverified","DRAWING_UNCONFIRMED",0,2,0,0,0
"suit-2pc|sleeves-cuffs|cuff-style|cuff-round","suit-2pc","Round Cuff",yes,"/images/blueprints/baoxiniao/jacket/KFAXK/B.jpg","drawing-unverified","DRAWING_UNCONFIRMED|EXTERNAL_WEB_PHOTO",0,2,0,0,10
"suit-2pc|sleeves-cuffs|cuff-style|cuff-british","suit-2pc","British Turn-up",yes,"/images/blueprints/baoxiniao/jacket/KFAXK/C.jpg","drawing-unverified","DRAWING_UNCONFIRMED|EXTERNAL_WEB_PHOTO",0,2,0,0,2
"suit-2pc|sleeves-cuffs|cuff-style|cuff-turnback-35","suit-2pc","Turn-back 3.5 cm",yes,"/images/blueprints/baoxiniao/jacket/KFAXK/C2.jpg","drawing-unverified","DRAWING_UNCONFIRMED",0,2,0,0,0
"suit-2pc|sleeves-cuffs|cuff-style|cuff-turnback-40","suit-2pc","Turn-back 4.0 cm",yes,"/images/blueprints/baoxiniao/jacket/KFAXK/C3.jpg","drawing-unverified","DRAWING_UNCONFIRMED",0,2,0,0,0
"suit-2pc|sleeves-cuffs|cuff-button-number|cb-none","suit-2pc","None",yes,"/images/blueprints/supplier/2115e257c4a1__0626__No.jpg","drawing-unverified","DRAWING_UNCONFIRMED",0,1,0,0,0
"suit-2pc|sleeves-cuffs|cuff-button-number|cb-1","suit-2pc","1 Button",yes,"/images/blueprints/supplier/71e4a88d0f42__0623__1_button_32L.jpg","drawing-unverified","DRAWING_UNCONFIRMED",0,1,0,0,0
"suit-2pc|sleeves-cuffs|cuff-button-number|cb-2","suit-2pc","2 Buttons",yes,"/images/blueprints/supplier/36f9c9757607__0629__2_flat.jpg","drawing-unverified","DRAWING_UNCONFIRMED",0,1,0,0,0
"suit-2pc|sleeves-cuffs|cuff-button-number|cb-3","suit-2pc","3 Buttons",yes,"/images/blueprints/supplier/394fbc5e5ce3__0624__3_flat.jpg","drawing-unverified","DRAWING_UNCONFIRMED",0,1,0,0,0
"suit-2pc|sleeves-cuffs|cuff-button-number|cb-4","suit-2pc","4 Buttons",yes,"/images/blueprints/baoxiniao/jacket/GTEXK/4.jpg","drawing-unverified","DRAWING_UNCONFIRMED|NO_USABLE_PHOTO",0,0,0,0,0
"suit-2pc|sleeves-cuffs|cuff-button-number|cb-5","suit-2pc","5 Buttons",yes,"/images/blueprints/supplier/91d5e77db9c2__0627__5_flat.jpg","drawing-unverified","DRAWING_UNCONFIRMED",0,1,0,0,0
"suit-2pc|sleeves-cuffs|cuff-button-number|cb-6","suit-2pc","6 Buttons",yes,"/images/blueprints/supplier/c356ed45a535__06X1__6_flat.jpg","drawing-unverified","DRAWING_UNCONFIRMED",0,1,0,0,0
"suit-2pc|sleeves-cuffs|cuff-button-spacing|bs-no-kiss","suit-2pc","No Kissing (Standard)",yes,"/images/blueprints/baoxiniao/jacket/GTEXJ/B.jpg","drawing-unverified","DRAWING_UNCONFIRMED|NO_USABLE_PHOTO",0,0,0,0,0
"suit-2pc|sleeves-cuffs|cuff-button-spacing|bs-kissing","suit-2pc","Kissing Buttons",yes,"/images/blueprints/factory/0cd41e2fb0ea__0630__2_kissing.jpg","verified-match","",0,1,0,0,0
"suit-2pc|sleeves-cuffs|sleeve-buttonhole-dir|sbh-straight","suit-2pc","Straight",yes,"/images/blueprints/factory/2002f8a736e6__AAAM__Normal.jpg","drawing-unverified","DRAWING_UNCONFIRMED|HAS_OWNER_REFS",0,2,0,2,0
"suit-2pc|sleeves-cuffs|sleeve-buttonhole-dir|sbh-slant","suit-2pc","Slanted",yes,"/images/blueprints/factory/fdbc0cbb0bb5__AAAN__Normal_slanted.jpg","drawing-unverified","DRAWING_UNCONFIRMED|HAS_OWNER_REFS",0,2,0,3,0
"suit-2pc|back-vents|back-vent-style|bv-none","suit-2pc","No Vent",yes,"/images/blueprints/baoxiniao/jacket/REQAP/A.jpg","drawing-unverified","DRAWING_UNCONFIRMED|EXTERNAL_WEB_PHOTO|NO_USABLE_PHOTO",0,0,0,0,10
"suit-2pc|back-vents|back-vent-style|bv-center","suit-2pc","Center Vent",yes,"/images/supplier-bb/REQAP/B.jpg","drawing-unverified","DRAWING_UNCONFIRMED|EXTERNAL_WEB_PHOTO",0,1,0,0,10
"suit-2pc|back-vents|back-vent-style|bv-side","suit-2pc","Side Vents",yes,"/images/supplier-bb/REQAP/C.jpg","drawing-unverified","DRAWING_UNCONFIRMED|EXTERNAL_WEB_PHOTO",0,1,0,0,10
"suit-2pc|back-vents|back-vent-style|bv-side-belt","suit-2pc","Side Vents + Inner Belt",yes,"/images/blueprints/baoxiniao/jacket/REQAP/D.jpg","drawing-unverified","DRAWING_UNCONFIRMED|EXTERNAL_WEB_PHOTO|NO_USABLE_PHOTO",0,0,0,0,10
"suit-2pc|back-vents|back-vent-style|bv-side-fixed-belt","suit-2pc","Side Vents + Fixed Belt",yes,"/images/supplier-bb/REQAP/F.jpg","drawing-unverified","DRAWING_UNCONFIRMED|EXTERNAL_WEB_PHOTO",0,1,0,0,10
"suit-2pc|back-vents|elbow-patch|ep-none","suit-2pc","None",no,"","missing","NO_DRAWING|EXTERNAL_WEB_PHOTO",0,0,0,0,10
"suit-2pc|back-vents|elbow-patch|ep-round","suit-2pc","Round Elbow Patch",no,"/images/blueprints/factory/8cb87a0ca11c__0609__Round.png","drawing-unverified","DRAWING_UNCONFIRMED|EXTERNAL_WEB_PHOTO",0,3,0,0,10
"suit-2pc|back-vents|elbow-patch|ep-round-sleeve","suit-2pc","Round Sleeve Patch",yes,"/images/blueprints/factory/311c9fe6f45a__0610__Oval.png","drawing-unverified","DRAWING_UNCONFIRMED|EXTERNAL_WEB_PHOTO",0,1,0,0,10
"suit-2pc|back-vents|external-decoration|ext-none","suit-2pc","None",yes,"/images/blueprints/baoxiniao/jacket/JWBZS/Z.jpg","drawing-unverified","DRAWING_UNCONFIRMED|NO_USABLE_PHOTO",0,0,0,0,0
"suit-2pc|back-vents|external-decoration|ext-loop-flat","suit-2pc","Front Chest Horizontal Button Loop",yes,"/images/blueprints/baoxiniao/jacket/JWBZS/D.jpg","drawing-unverified","DRAWING_UNCONFIRMED",0,2,0,0,0
"suit-2pc|back-vents|external-decoration|ext-loop-slanted","suit-2pc","Front Chest Slanted Button Loop",yes,"/images/blueprints/baoxiniao/jacket/JWBZS/XD.jpg","drawing-unverified","DRAWING_UNCONFIRMED",0,2,0,0,0
"suit-2pc|handmade|handmade-type|hm-none","suit-2pc","Standard Machine",yes,"/images/blueprints/factory/13c1b88ec1cb__0570__No.png","drawing-unverified","DRAWING_UNCONFIRMED|EXTERNAL_WEB_PHOTO",0,1,0,0,10
"suit-2pc|handmade|handmade-type|hm-individual","suit-2pc","Individual Handmade Parts",yes,"/images/blueprints/factory/01c43a2f9084__08C0__Manually_sewing_lapel.png","drawing-unverified","DRAWING_UNCONFIRMED|HAS_OWNER_REFS|SHARED_DRAWING",0,2,1,5,0
"suit-2pc|handmade|handmade-type|hm-full","suit-2pc","Full Hand-made",yes,"/images/blueprints/factory/01c43a2f9084__08C0__Manually_sewing_lapel.png","drawing-unverified","DRAWING_UNCONFIRMED|EXTERNAL_WEB_PHOTO|SHARED_DRAWING",0,1,0,0,10
"suit-2pc|handmade|handmade-decorative|hmd-none","suit-2pc","None",yes,"","missing","NO_DRAWING|EXTERNAL_WEB_PHOTO|NO_USABLE_PHOTO",0,0,0,0,10
"suit-2pc|handmade|handmade-decorative|hmd-shoulder","suit-2pc","Shoulder Seam Only",yes,"/images/blueprints/baoxiniao/jacket/REFUO/B.jpg","drawing-unverified","DRAWING_UNCONFIRMED|EXTERNAL_WEB_PHOTO|NO_USABLE_PHOTO",0,0,0,0,10
"suit-2pc|handmade|handmade-decorative|hmd-shoulder-vent","suit-2pc","Shoulder + Sleeve/Back Vent",yes,"/images/blueprints/baoxiniao/jacket/REFUO/A.jpg","drawing-unverified","DRAWING_UNCONFIRMED|EXTERNAL_WEB_PHOTO|NO_USABLE_PHOTO",0,0,0,0,10
"suit-2pc|handmade|handmade-decorative|hmd-full","suit-2pc","Full — Shoulder, Vents, Chest Pocket, Buttonholes",yes,"/images/blueprints/baoxiniao/jacket/REFUO/D.jpg","drawing-unverified","DRAWING_UNCONFIRMED|EXTERNAL_WEB_PHOTO|NO_USABLE_PHOTO",0,0,0,0,10
"suit-2pc|handmade|sewing-button-style|sbs-machine","suit-2pc","Regular Machine Sewing",no,"","missing","NO_DRAWING|EXTERNAL_WEB_PHOTO",0,0,0,0,10
"suit-2pc|handmade|sewing-button-style|sbs-cross-hand","suit-2pc","Crossing Stitch by Hand (X)",no,"","missing","NO_DRAWING|EXTERNAL_WEB_PHOTO",0,0,0,0,10
"suit-2pc|handmade|sewing-button-style|sbs-down-hand","suit-2pc","""↓"" Stitch by Hand",no,"","missing","NO_DRAWING|EXTERNAL_WEB_PHOTO",0,0,0,0,2
"suit-2pc|handmade|sewing-button-style|sbs-eq-hand","suit-2pc","""="" Stitch by Hand",no,"","missing","NO_DRAWING",0,0,0,0,0
"suit-2pc|handmade|sewing-button-style|sbs-sq-hand","suit-2pc","""□"" Stitch by Hand",no,"","missing","NO_DRAWING",0,0,0,0,0
"suit-2pc|handmade|sewing-button-style|sbs-under-hand","suit-2pc","Button Under Layer by Hand",no,"","missing","NO_DRAWING|EXTERNAL_WEB_PHOTO",0,0,0,0,10
"suit-2pc|handmade|sleeve-buttonhole-type|slbh-machine","suit-2pc","By Machine",yes,"/images/blueprints/baoxiniao/jacket/GXKMO/A.jpg","drawing-unverified","DRAWING_UNCONFIRMED|NO_USABLE_PHOTO",0,0,0,0,0
"suit-2pc|handmade|sleeve-buttonhole-type|slbh-hands","suit-2pc","By Hand",yes,"/images/blueprints/baoxiniao/jacket/GXKMO/H.jpg","drawing-unverified","DRAWING_UNCONFIRMED|NO_USABLE_PHOTO",0,0,0,0,0
"suit-2pc|suit-details|pick-stitching|ps-none","suit-2pc","None",yes,"/images/blueprints/baoxiniao/jacket/GTEGZ/A.jpg","drawing-unverified","DRAWING_UNCONFIRMED|EXTERNAL_WEB_PHOTO|NO_USABLE_PHOTO",0,0,0,0,10
"suit-2pc|suit-details|pick-stitching|ps-015-machine","suit-2pc","0.15 cm Machine",yes,"/images/blueprints/baoxiniao/jacket/GTEGZ/B.jpg","drawing-unverified","DRAWING_UNCONFIRMED|EXTERNAL_WEB_PHOTO",0,2,0,0,10
"suit-2pc|suit-details|pick-stitching|ps-06-machine","suit-2pc","0.6 cm Machine",yes,"/images/blueprints/baoxiniao/jacket/GTEGZ/C.jpg","drawing-unverified","DRAWING_UNCONFIRMED|EXTERNAL_WEB_PHOTO",0,2,0,0,10
"suit-2pc|suit-details|pick-stitching|ps-top-06","suit-2pc","Top Stitch 0.6 cm",yes,"/images/blueprints/baoxiniao/jacket/GTEGZ/G.jpg","drawing-unverified","DRAWING_UNCONFIRMED|NO_USABLE_PHOTO",0,0,0,0,0
"suit-2pc|suit-details|pick-stitching|ps-top-4cm","suit-2pc","Top Stitch 4 cm from Edge",yes,"/images/blueprints/baoxiniao/jacket/GTEGZ/H.jpg","drawing-unverified","DRAWING_UNCONFIRMED",0,2,0,0,0
"suit-2pc|suit-details|pick-stitching|ps-015-hand","suit-2pc","0.15 cm by Hand",yes,"/images/blueprints/baoxiniao/jacket/GTEGZ/D.jpg","drawing-unverified","DRAWING_UNCONFIRMED|NO_USABLE_PHOTO",0,0,0,0,0
"suit-2pc|suit-details|pick-stitching|ps-06-hand","suit-2pc","0.6 cm by Hand",yes,"/images/blueprints/baoxiniao/jacket/GTEGZ/E.jpg","drawing-unverified","DRAWING_UNCONFIRMED|NO_USABLE_PHOTO",0,0,0,0,0
"suit-2pc|suit-details|pick-stitching|ps-double","suit-2pc","Double (0.15 + 0.6 cm)",yes,"/images/blueprints/baoxiniao/jacket/GTEGZ/F.jpg","drawing-unverified","DRAWING_UNCONFIRMED|EXTERNAL_WEB_PHOTO",0,2,0,0,2
"suit-2pc|suit-details|pick-stitching-position|psp-lapel-front","suit-2pc","Lapel, Collar, Front, Pocket, Sleeve Vent",yes,"/images/blueprints/baoxiniao/jacket/REQGZ/C.jpg","drawing-unverified","DRAWING_UNCONFIRMED",0,2,0,0,0
"suit-2pc|suit-details|pick-stitching-position|psp-plus-back","suit-2pc","+ Back Vent",yes,"/images/blueprints/baoxiniao/jacket/REQGZ/B.jpg","drawing-unverified","DRAWING_UNCONFIRMED|NO_USABLE_PHOTO",0,0,0,0,0
"suit-2pc|suit-details|pick-stitching-position|psp-all-seams","suit-2pc","All Seams",yes,"/images/blueprints/baoxiniao/jacket/REQGZ/J.jpg","drawing-unverified","DRAWING_UNCONFIRMED|NO_USABLE_PHOTO",0,0,0,0,0
"suit-2pc|suit-details|contrast-position|contrast-none","suit-2pc","No Contrast",no,"","missing","NO_DRAWING|EXTERNAL_WEB_PHOTO",0,0,0,0,10
"suit-2pc|suit-details|contrast-position|contrast-collar","suit-2pc","Top Collar",no,"/images/supplier-bb/GCOPA/A.jpg","drawing-unverified","DRAWING_UNCONFIRMED|EXTERNAL_WEB_PHOTO",0,1,0,0,10
"suit-2pc|suit-details|contrast-position|contrast-lapel","suit-2pc","Lapel",no,"/images/supplier-bb/GCOPA/B.jpg","drawing-unverified","DRAWING_UNCONFIRMED|EXTERNAL_WEB_PHOTO",0,1,0,0,10
"suit-2pc|suit-details|contrast-position|contrast-chest-pocket","suit-2pc","Chest Pocket Trim",yes,"/images/blueprints/baoxiniao/jacket/GCOPA/D.jpg","drawing-unverified","DRAWING_UNCONFIRMED|NO_USABLE_PHOTO",0,0,0,0,0
"suit-2pc|suit-details|contrast-position|contrast-lower-besom","suit-2pc","Lower Pocket Besom",yes,"/images/supplier-bb/GCOPA/E.jpg","drawing-unverified","DRAWING_UNCONFIRMED",0,2,0,0,0
"suit-2pc|suit-details|contrast-position|contrast-lower-flap","suit-2pc","Lower Pocket Flap",yes,"/images/supplier-bb/GCOPA/Q.jpg","drawing-unverified","DRAWING_UNCONFIRMED",0,3,0,0,0
"suit-2pc|suit-details|contrast-position|contrast-ticket-flap","suit-2pc","Ticket Pocket Flap",yes,"/images/supplier-bb/GCOPA/P.jpg","drawing-unverified","DRAWING_UNCONFIRMED",0,3,0,0,0
"suit-2pc|suit-details|contrast-position|contrast-ticket-besom","suit-2pc","Ticket Pocket Besom",yes,"/images/supplier-bb/GCOPA/U.jpg","drawing-unverified","DRAWING_UNCONFIRMED",0,3,0,0,0
"suit-2pc|suit-details|contrast-position|contrast-satin-lapel","suit-2pc","Satin Piping on Lapel",no,"/images/blueprints/baoxiniao/jacket/GCOPA/W.jpg","drawing-unverified","DRAWING_UNCONFIRMED|EXTERNAL_WEB_PHOTO",0,0,0,0,10
"suit-2pc|suit-details|columbia-piping|cp-none","suit-2pc","None",yes,"/images/blueprints/baoxiniao/jacket/GTEZB/A.jpg","drawing-unverified","DRAWING_UNCONFIRMED|NO_USABLE_PHOTO",0,0,0,0,0
"suit-2pc|suit-details|columbia-piping|cp-columbia","suit-2pc","Columbia Stitching",yes,"/images/blueprints/baoxiniao/jacket/GTEZB/B.jpg","drawing-unverified","DRAWING_UNCONFIRMED|NO_USABLE_PHOTO",0,0,0,0,0
"suit-2pc|suit-details|columbia-piping|cp-piping","suit-2pc","Piping",yes,"/images/blueprints/baoxiniao/jacket/GTEZB/C.jpg","drawing-unverified","DRAWING_UNCONFIRMED|NO_USABLE_PHOTO",0,0,0,0,0
"suit-2pc|suit-details|columbia-piping|cp-both","suit-2pc","Columbia + Piping",yes,"/images/blueprints/baoxiniao/jacket/GTEZB/D.jpg","drawing-unverified","DRAWING_UNCONFIRMED|NO_USABLE_PHOTO",0,0,0,0,0
"suit-2pc|interior|facing-style|facing-1","suit-2pc","Facing 1",yes,"/images/blueprints/baoxiniao/jacket/KINGM/F.jpg","drawing-unverified","DRAWING_UNCONFIRMED|NO_USABLE_PHOTO",0,0,0,0,0
"suit-2pc|interior|facing-style|facing-2","suit-2pc","Facing 2",yes,"/images/blueprints/baoxiniao/jacket/KINGM/E.jpg","drawing-unverified","DRAWING_UNCONFIRMED|NO_USABLE_PHOTO",0,0,0,0,0
"suit-2pc|interior|facing-style|facing-4","suit-2pc","Facing 4",yes,"/images/blueprints/baoxiniao/jacket/KINGM/B.jpg","drawing-unverified","DRAWING_UNCONFIRMED|NO_USABLE_PHOTO",0,0,0,0,0
"suit-2pc|interior|facing-style|facing-5","suit-2pc","Facing 5",yes,"/images/blueprints/baoxiniao/jacket/KINGM/A.jpg","drawing-unverified","DRAWING_UNCONFIRMED|NO_USABLE_PHOTO",0,0,0,0,0
"suit-2pc|interior|facing-style|facing-7","suit-2pc","Facing 7",yes,"/images/blueprints/baoxiniao/jacket/KINGM/US66.jpg","drawing-unverified","DRAWING_UNCONFIRMED|NO_USABLE_PHOTO",0,0,0,0,0
"suit-2pc|interior|facing-style|facing-9","suit-2pc","Facing 9",yes,"/images/blueprints/baoxiniao/jacket/KINGM/DGG.jpg","drawing-unverified","DRAWING_UNCONFIRMED|NO_USABLE_PHOTO",0,0,0,0,0
"suit-2pc|interior|facing-style|facing-half","suit-2pc","For Half Lining",yes,"/images/blueprints/baoxiniao/jacket/KINGM/G.jpg","drawing-unverified","DRAWING_UNCONFIRMED|NO_USABLE_PHOTO",0,0,0,0,0
"suit-2pc|interior|facing-style|facing-none","suit-2pc","For No Lining",yes,"/images/blueprints/baoxiniao/jacket/KINGM/G03.jpg","drawing-unverified","DRAWING_UNCONFIRMED|NO_USABLE_PHOTO",0,0,0,0,0
"suit-2pc|interior|pen-pocket|pen-none","suit-2pc","None",yes,"/images/blueprints/baoxiniao/jacket/KPEND/Z.jpg","drawing-unverified","DRAWING_UNCONFIRMED|NO_USABLE_PHOTO",0,0,0,0,0
"suit-2pc|interior|pen-pocket|pen-left-jetted","suit-2pc","Left Jetted",yes,"/images/blueprints/baoxiniao/jacket/KPEND/A.jpg","drawing-unverified","DRAWING_UNCONFIRMED|NO_USABLE_PHOTO",0,0,0,0,0
"suit-2pc|interior|pen-pocket|pen-left-drop","suit-2pc","Left Drop-shape",yes,"/images/blueprints/baoxiniao/jacket/KPEND/B.jpg","drawing-unverified","DRAWING_UNCONFIRMED|NO_USABLE_PHOTO",0,0,0,0,0
"suit-2pc|interior|pen-pocket|pen-left-diamond","suit-2pc","Left Diamond",yes,"/images/blueprints/baoxiniao/jacket/KPEND/C.jpg","drawing-unverified","DRAWING_UNCONFIRMED|NO_USABLE_PHOTO",0,0,0,0,0
"suit-2pc|interior|pen-pocket|pen-right-jetted","suit-2pc","Right Jetted",yes,"/images/blueprints/baoxiniao/jacket/KPEND/D.jpg","drawing-unverified","DRAWING_UNCONFIRMED|NO_USABLE_PHOTO",0,0,0,0,0
"suit-2pc|interior|pen-pocket|pen-right-drop","suit-2pc","Right Drop-shape",yes,"/images/blueprints/baoxiniao/jacket/KPEND/E.jpg","drawing-unverified","DRAWING_UNCONFIRMED|NO_USABLE_PHOTO",0,0,0,0,0
"suit-2pc|interior|pen-pocket|pen-right-diamond","suit-2pc","Right Diamond",yes,"/images/blueprints/baoxiniao/jacket/KPEND/F.jpg","drawing-unverified","DRAWING_UNCONFIRMED|NO_USABLE_PHOTO",0,0,0,0,0
"suit-2pc|interior|namecard-pocket|nc-none","suit-2pc","None",yes,"/images/blueprints/baoxiniao/jacket/KNAMD/D.jpg","drawing-unverified","DRAWING_UNCONFIRMED|NO_USABLE_PHOTO",0,0,0,0,0
"suit-2pc|interior|namecard-pocket|nc-left","suit-2pc","Left Inner",yes,"/images/blueprints/baoxiniao/jacket/KNAMD/A.jpg","drawing-unverified","DRAWING_UNCONFIRMED|NO_USABLE_PHOTO",0,0,0,0,0
"suit-2pc|interior|namecard-pocket|nc-right","suit-2pc","Right Inner",yes,"/images/blueprints/baoxiniao/jacket/KNAMD/B.jpg","drawing-unverified","DRAWING_UNCONFIRMED|NO_USABLE_PHOTO",0,0,0,0,0
"suit-2pc|interior|namecard-pocket|nc-both","suit-2pc","Both Sides",yes,"/images/blueprints/baoxiniao/jacket/KNAMD/C.jpg","drawing-unverified","DRAWING_UNCONFIRMED|NO_USABLE_PHOTO",0,0,0,0,0
"suit-2pc|interior|inner-ticket-pocket|itp-none","suit-2pc","None",yes,"/images/blueprints/baoxiniao/jacket/REAPB/C.jpg","drawing-unverified","DRAWING_UNCONFIRMED|NO_USABLE_PHOTO",0,0,0,0,0
"suit-2pc|interior|inner-ticket-pocket|itp-left","suit-2pc","Left",yes,"/images/blueprints/baoxiniao/jacket/REAPB/A.jpg","drawing-unverified","DRAWING_UNCONFIRMED|NO_USABLE_PHOTO",0,0,0,0,0
"suit-2pc|interior|inner-ticket-pocket|itp-right","suit-2pc","Right",yes,"/images/blueprints/baoxiniao/jacket/REAPB/B.jpg","drawing-unverified","DRAWING_UNCONFIRMED|NO_USABLE_PHOTO",0,0,0,0,0
"suit-2pc|interior|inner-ticket-pocket|itp-both","suit-2pc","Left & Right",yes,"/images/blueprints/baoxiniao/jacket/REAPB/D.jpg","drawing-unverified","DRAWING_UNCONFIRMED|NO_USABLE_PHOTO",0,0,0,0,0
"suit-2pc|interior|mp3-pocket|mp3-none","suit-2pc","None",yes,"/images/blueprints/baoxiniao/jacket/KMPCD/A.jpg","drawing-unverified","DRAWING_UNCONFIRMED|NO_USABLE_PHOTO",0,0,0,0,0
"suit-2pc|interior|mp3-pocket|mp3-left","suit-2pc","Left Inner",yes,"/images/blueprints/baoxiniao/jacket/KMPCD/B.jpg","drawing-unverified","DRAWING_UNCONFIRMED|NO_USABLE_PHOTO",0,0,0,0,0
"suit-2pc|interior|mp3-pocket|mp3-right","suit-2pc","Right Inner",yes,"/images/blueprints/baoxiniao/jacket/KMPCD/C.jpg","drawing-unverified","DRAWING_UNCONFIRMED|NO_USABLE_PHOTO",0,0,0,0,0
"suit-2pc|interior|inner-pocket-closure|ipc-none","suit-2pc","None (Open)",yes,"/images/blueprints/baoxiniao/jacket/KALDF/D.jpg","drawing-unverified","DRAWING_UNCONFIRMED|NO_USABLE_PHOTO",0,0,0,0,0
"suit-2pc|interior|inner-pocket-closure|ipc-d","suit-2pc","D-Bartack",yes,"/images/supplier-bb/REKPO/A.jpg","drawing-unverified","DRAWING_UNCONFIRMED|HAS_OWNER_REFS",0,1,1,2,0
"suit-2pc|interior|inner-pocket-closure|ipc-i","suit-2pc","I-Bartack",yes,"/images/supplier-bb/REKPO/B.jpg","drawing-unverified","DRAWING_UNCONFIRMED",1,2,0,0,0
"suit-2pc|interior|inner-pocket-closure|ipc-x","suit-2pc","X-Bartack",yes,"/images/supplier-bb/REKPO/C.jpg","drawing-unverified","DRAWING_UNCONFIRMED",1,2,0,0,0
"suit-2pc|interior|perfume-pad|pp-none","suit-2pc","None",yes,"/images/blueprints/baoxiniao/jacket/KIMOD/F.jpg","drawing-unverified","DRAWING_UNCONFIRMED|NO_USABLE_PHOTO",0,0,0,0,0
"suit-2pc|interior|perfume-pad|pp-triangle","suit-2pc","Triangle Underarm Shield",yes,"/images/blueprints/baoxiniao/jacket/KIMOD/E.jpg","drawing-unverified","DRAWING_UNCONFIRMED|NO_USABLE_PHOTO",0,0,0,0,0
"suit-2pc|interior|perfume-pad|pp-round-1","suit-2pc","Round Shield 1",yes,"/images/blueprints/baoxiniao/jacket/KIMOD/B.jpg","drawing-unverified","DRAWING_UNCONFIRMED|NO_USABLE_PHOTO",0,0,0,0,0
"suit-2pc|interior|perfume-pad|pp-round-2","suit-2pc","Round Shield 2",yes,"/images/blueprints/baoxiniao/jacket/KIMOD/A.jpg","drawing-unverified","DRAWING_UNCONFIRMED|NO_USABLE_PHOTO",0,0,0,0,0
"suit-2pc|interior|perfume-pad|pp-round-3","suit-2pc","Round Shield 3",yes,"/images/blueprints/baoxiniao/jacket/KIMOD/H.jpg","drawing-unverified","DRAWING_UNCONFIRMED|NO_USABLE_PHOTO",0,0,0,0,0
"suit-2pc|interior|perfume-pad|pp-u-1","suit-2pc","U-Shield 1",yes,"/images/blueprints/baoxiniao/jacket/KIMOD/D.jpg","drawing-unverified","DRAWING_UNCONFIRMED|NO_USABLE_PHOTO",0,0,0,0,0
"suit-2pc|interior|perfume-pad|pp-u-2","suit-2pc","U-Shield 2",yes,"/images/blueprints/baoxiniao/jacket/KIMOD/C.jpg","drawing-unverified","DRAWING_UNCONFIRMED|NO_USABLE_PHOTO",0,0,0,0,0
"suit-2pc|interior|perfume-pad|pp-u-3","suit-2pc","U-Shield 3",yes,"/images/blueprints/baoxiniao/jacket/KIMOD/G.jpg","drawing-unverified","DRAWING_UNCONFIRMED|NO_USABLE_PHOTO",0,0,0,0,0
"suit-2pc|suit-lining|lining-coverage|lc-full","suit-2pc","Full Lining",no,"/images/blueprints/baoxiniao/jacket/KHALI/A.jpg","drawing-unverified","DRAWING_UNCONFIRMED|EXTERNAL_WEB_PHOTO",0,0,0,0,10
"suit-2pc|suit-lining|lining-coverage|lc-half","suit-2pc","Half Lining",yes,"/images/blueprints/baoxiniao/jacket/KHALI/B.jpg","drawing-unverified","DRAWING_UNCONFIRMED|NO_USABLE_PHOTO",0,0,0,0,0
"suit-2pc|suit-lining|lining-coverage|lc-quarter","suit-2pc","Quarter Lining",yes,"","missing","NO_DRAWING|NO_USABLE_PHOTO",0,0,0,0,0
"suit-2pc|suit-lining|lining-coverage|lc-none","suit-2pc","Unlined",yes,"/images/blueprints/baoxiniao/jacket/KHALI/C.jpg","drawing-unverified","DRAWING_UNCONFIRMED|NO_USABLE_PHOTO",0,0,0,0,0
"suit-2pc|suit-lining|half-lining-shape|hls-standard","suit-2pc","Standard Half Lining",yes,"","missing","NO_DRAWING|NO_USABLE_PHOTO",0,0,0,0,0
"suit-2pc|suit-lining|half-lining-shape|hls-small-cutaway","suit-2pc","Small Cut-away",yes,"","missing","NO_DRAWING|NO_USABLE_PHOTO",0,0,0,0,0
"suit-2pc|suit-lining|half-lining-shape|hls-half","suit-2pc","1/2 Lining",yes,"/images/blueprints/baoxiniao/jacket/KINBL/C.jpg","drawing-unverified","DRAWING_UNCONFIRMED",0,2,0,0,0
"suit-2pc|suit-lining|half-lining-shape|hls-third-cutaway","suit-2pc","1/3 Cut-away",yes,"/images/blueprints/baoxiniao/jacket/KINBL/D.jpg","drawing-unverified","DRAWING_UNCONFIRMED",0,2,0,0,0
"suit-2pc|suit-lining|half-lining-shape|hls-third","suit-2pc","1/3 Lining",yes,"/images/blueprints/baoxiniao/jacket/KINBL/G.jpg","drawing-unverified","DRAWING_UNCONFIRMED",0,2,0,0,0
"suit-2pc|suit-lining|half-lining-shape|hls-quarter-cutaway","suit-2pc","1/4 Cut-away",yes,"/images/blueprints/baoxiniao/jacket/KINBL/H.jpg","drawing-unverified","DRAWING_UNCONFIRMED",0,2,0,0,0
"suit-2pc|suit-lining|half-lining-craft|hlc-binding","suit-2pc","Binding Seam",yes,"/images/blueprints/baoxiniao/jacket/KIPRO/A.jpg","drawing-unverified","DRAWING_UNCONFIRMED|NO_USABLE_PHOTO",0,0,0,0,0
"suit-2pc|suit-lining|half-lining-craft|hlc-french","suit-2pc","French Seam",yes,"/images/blueprints/baoxiniao/jacket/KIPRO/B.jpg","drawing-unverified","DRAWING_UNCONFIRMED|NO_USABLE_PHOTO",0,0,0,0,0
"suit-2pc|suit-lining|half-lining-craft|hlc-joining","suit-2pc","Joining Seam",yes,"/images/blueprints/baoxiniao/jacket/KIPRO/C.jpg","drawing-unverified","DRAWING_UNCONFIRMED|NO_USABLE_PHOTO",0,0,0,0,0
"suit-2pc|suit-lining|lining-color|bl-matching","suit-2pc","Matching to Fabric",no,"/images/blueprints/factory/d3eb9a6df665__0711__Match_fabric.webp","drawing-unverified","DRAWING_UNCONFIRMED|SHARED_DRAWING",0,1,0,0,0
"suit-2pc|suit-lining|lining-color|bl-navy","suit-2pc","Navy Solid",yes,"/images/blueprints/factory/d3eb9a6df665__0711__Match_fabric.webp","drawing-unverified","DRAWING_UNCONFIRMED|SHARED_DRAWING",0,1,0,0,0
"suit-2pc|suit-lining|lining-color|bl-black","suit-2pc","Black",yes,"/images/blueprints/factory/d3eb9a6df665__0711__Match_fabric.webp","drawing-unverified","DRAWING_UNCONFIRMED|SHARED_DRAWING",0,1,0,0,0
"suit-2pc|suit-lining|lining-color|bl-cream","suit-2pc","Cream / Ivory",yes,"/images/blueprints/factory/d3eb9a6df665__0711__Match_fabric.webp","drawing-unverified","DRAWING_UNCONFIRMED|SHARED_DRAWING",0,1,0,0,0
"suit-2pc|suit-lining|lining-color|bl-charcoal","suit-2pc","Dark Charcoal",yes,"/images/blueprints/factory/d3eb9a6df665__0711__Match_fabric.webp","drawing-unverified","DRAWING_UNCONFIRMED|SHARED_DRAWING",0,1,0,0,0
"suit-2pc|suit-lining|lining-color|bl-burgundy","suit-2pc","Burgundy",yes,"/images/blueprints/factory/d3eb9a6df665__0711__Match_fabric.webp","drawing-unverified","DRAWING_UNCONFIRMED|SHARED_DRAWING",0,1,0,0,0
"suit-2pc|suit-lining|lining-color|bl-gold-paisley","suit-2pc","Gold Paisley Pattern",yes,"/images/blueprints/factory/d3eb9a6df665__0711__Match_fabric.webp","drawing-unverified","DRAWING_UNCONFIRMED|SHARED_DRAWING",0,1,0,0,0
"suit-2pc|suit-lining|lining-color|bl-pattern","suit-2pc","Patterned (Designer)",yes,"/images/blueprints/factory/b83b169d24cd__072D__Appointed_DIY_Printing.png","drawing-unverified","DRAWING_UNCONFIRMED|SHARED_DRAWING",0,1,0,0,0
"suit-2pc|suit-lining|lining-color|bl-custom","suit-2pc","Custom (Specify Code)",yes,"/images/blueprints/factory/b83b169d24cd__072D__Appointed_DIY_Printing.png","drawing-unverified","DRAWING_UNCONFIRMED|SHARED_DRAWING",0,1,0,0,0
"suit-2pc|suit-lining|sleeve-lining-color|sl-matching","suit-2pc","Match Body Lining",yes,"/images/blueprints/factory/b3a4547408a3__0721__Match_body_lining_color.jpg","drawing-unverified","DRAWING_UNCONFIRMED|SHARED_DRAWING",0,1,0,0,0
"suit-2pc|suit-lining|sleeve-lining-color|sl-stripe","suit-2pc","White + Red/Black Stripe",yes,"/images/blueprints/factory/0b6aab7c4ddb__0723__White_stripe_sleeve_lining.jpg","drawing-unverified","DRAWING_UNCONFIRMED",0,1,0,0,0
"suit-2pc|suit-lining|sleeve-lining-color|sl-navy","suit-2pc","Navy",yes,"/images/blueprints/factory/b3a4547408a3__0721__Match_body_lining_color.jpg","drawing-unverified","DRAWING_UNCONFIRMED|SHARED_DRAWING",0,1,0,0,0
"suit-2pc|suit-lining|sleeve-lining-color|sl-black","suit-2pc","Black",yes,"/images/blueprints/factory/b3a4547408a3__0721__Match_body_lining_color.jpg","drawing-unverified","DRAWING_UNCONFIRMED|SHARED_DRAWING",0,1,0,0,0
"suit-2pc|suit-lining|sleeve-lining-color|sl-custom","suit-2pc","Custom (Specify Code)",yes,"/images/blueprints/factory/b83b169d24cd__072D__Appointed_DIY_Printing.png","drawing-unverified","DRAWING_UNCONFIRMED",0,1,0,0,0
"suit-2pc|Trousers-front-pockets|front-pocket-style|slant-pockets","suit-2pc","3.2 cm Slant Pocket",yes,"/images/blueprints/factory/fd63bf751c58__3101__3.2cm_slant.jpg","drawing-unverified","DRAWING_UNCONFIRMED",0,3,1,0,0
"suit-2pc|Trousers-front-pockets|front-pocket-style|on-seam-pockets","suit-2pc","On-Seam (Side Seam)",yes,"/images/blueprints/factory/a1a8d4d2842a__3130__Sideseam.jpg","drawing-unverified","DRAWING_UNCONFIRMED",1,3,0,0,0
"suit-2pc|Trousers-front-pockets|front-pocket-style|quarter-top","suit-2pc","2.5 cm Slant Pocket",yes,"/images/blueprints/factory/1c5aed3c1ce4__3104__2.5cm_slant.jpg","suspect-ambiguous","DRAWING_SUSPECT",1,5,0,0,0
"suit-2pc|Trousers-front-pockets|front-pocket-style|no-front-pockets","suit-2pc","No Front Pockets",yes,"/images/blueprints/factory/39618b03fc3d__313C__No.jpg","drawing-unverified","DRAWING_UNCONFIRMED",1,3,0,0,0
"suit-2pc|Trousers-front-pockets|front-pocket-style|jetted-front","suit-2pc","Besom / Jetted Pocket",yes,"/images/blueprints/factory/9092405bd48f__3131__Besom.jpg","verified-match","HAS_OWNER_REFS",0,6,1,1,0
"suit-2pc|Trousers-front-pockets|front-pocket-style|slant-20","suit-2pc","2.0 cm Slant Pocket",yes,"/images/blueprints/remote/4017b96761a3__3100.jpg","drawing-unverified","DRAWING_UNCONFIRMED",0,5,0,0,0
"suit-2pc|Trousers-front-pockets|front-pocket-style|slant-51","suit-2pc","5.1 cm Slant Pocket",yes,"/images/blueprints/remote/76eec2e1b5b7__3102.jpg","drawing-unverified","DRAWING_UNCONFIRMED",0,5,0,0,0
"suit-2pc|Trousers-front-pockets|front-pocket-style|welt-pocket","suit-2pc","Welt Front Pocket",yes,"/images/blueprints/remote/01dc8f37109e__3132.jpg","verified-match","EXTERNAL_WEB_PHOTO",1,5,0,0,2
"suit-2pc|Trousers-front-pockets|front-pocket-style|slant-20-stripe","suit-2pc","2.0 cm Slant with Stripe",yes,"/images/blueprints/remote/cac83d873411__3120.jpg","drawing-unverified","DRAWING_UNCONFIRMED",0,3,0,0,0
"suit-2pc|Trousers-front-pockets|front-pocket-style|slant-25-stripe","suit-2pc","2.5 cm Slant with Stripe",yes,"/images/blueprints/remote/90f739dcde96__3124.jpg","drawing-unverified","DRAWING_UNCONFIRMED",1,4,0,0,0
"suit-2pc|Trousers-front-pockets|front-pocket-style|slant-32-stripe","suit-2pc","3.2 cm Slant with Stripe",yes,"/images/blueprints/remote/ae13c72fb52e__3121.jpg","drawing-unverified","DRAWING_UNCONFIRMED",0,3,0,0,0
"suit-2pc|Trousers-front-pockets|front-pocket-style|slant-51-stripe","suit-2pc","5.1 cm Slant with Stripe",yes,"/images/blueprints/remote/91eb56a23d7e__3122.jpg","drawing-unverified","DRAWING_UNCONFIRMED",0,4,1,0,0
"suit-2pc|Trousers-front-pockets|front-pocket-style|jeans-square","suit-2pc","Square Jeans Pocket",yes,"/images/blueprints/remote/14975407461c__3133.jpg","verified-match","HAS_OWNER_REFS",0,11,1,2,0
"suit-2pc|Trousers-front-pockets|front-pocket-style|jeans-diamond","suit-2pc","Diamond Jeans Pocket",yes,"/images/blueprints/remote/134adbb9c138__3134.jpg","verified-match","",1,2,0,0,0
"suit-2pc|Trousers-front-pockets|front-pocket-style|jeans-arc","suit-2pc","Arc Jeans Pocket",yes,"/images/blueprints/remote/3c70f95c470f__3135.jpg","verified-match","",0,5,1,0,0
"suit-2pc|Trousers-front-pockets|front-pocket-style|jeans-round","suit-2pc","Round Jeans Pocket",yes,"/images/blueprints/remote/1e222211e243__3136.jpg","drawing-unverified","DRAWING_UNCONFIRMED",0,3,1,0,0
"suit-2pc|Trousers-front-pockets|pocket-depth|pocket-shallow","suit-2pc","Shallow (20 cm)",yes,"/images/blueprints/baoxiniao/trousers/KPOKS/F.jpg","drawing-unverified","DRAWING_UNCONFIRMED|NO_USABLE_PHOTO",0,0,0,0,0
"suit-2pc|Trousers-front-pockets|pocket-depth|pocket-standard","suit-2pc","Standard (23 cm)",yes,"/images/blueprints/baoxiniao/trousers/KPOKS/A.jpg","drawing-unverified","DRAWING_UNCONFIRMED",0,1,0,0,0
"suit-2pc|Trousers-front-pockets|pocket-depth|pocket-deep","suit-2pc","Deep (26 cm)",yes,"/images/blueprints/baoxiniao/trousers/KPOKS/C.jpg","drawing-unverified","DRAWING_UNCONFIRMED",0,1,0,0,0
"suit-2pc|Trousers-front-pockets|pocket-stitching|pocket-stitch-none","suit-2pc","No Topstitch (Hidden Stitch)",yes,"/images/blueprints/factory/10bfe4668d92__31A6__No_top_stitch_hidden_stitch.jpg","suspect-ambiguous","DRAWING_SUSPECT",1,3,0,0,0
"suit-2pc|Trousers-front-pockets|pocket-stitching|pocket-stitch-06","suit-2pc","0.6 cm Topstitch",yes,"","missing","NO_DRAWING",1,2,0,0,0
"suit-2pc|Trousers-front-pockets|pocket-stitching|pocket-stitch-double","suit-2pc","0.1 + 0.7 cm Double Topstitch",yes,"/images/blueprints/factory/79a074c919dd__31A9__With_0.1_0.7_top_stitching.jpg","drawing-unverified","DRAWING_UNCONFIRMED",1,4,0,0,0
"suit-2pc|Trousers-front-pockets|pocket-stitching|pocket-stitch-015","suit-2pc","0.15 cm Topstitch",yes,"/images/blueprints/remote/cefac731f303__31A1.jpg","suspect-ambiguous","DRAWING_SUSPECT",1,3,0,0,0
"suit-2pc|Trousers-front-pockets|pocket-stitching|pocket-stitch-pick-06","suit-2pc","0.6 cm Pick Stitch",yes,"/images/blueprints/remote/0c5cfcfe96d9__165588183495006.jpg","drawing-unverified","DRAWING_UNCONFIRMED",1,2,0,0,0
"suit-2pc|Trousers-front-pockets|pocket-stitching|pocket-stitch-pick-015","suit-2pc","0.15 cm Pick Stitch",yes,"/images/blueprints/remote/3b3071cbc092__3302.jpg","drawing-unverified","DRAWING_UNCONFIRMED",0,1,0,0,0
"suit-2pc|Trousers-front-pockets|watch-pocket|watch-none","suit-2pc","None",yes,"/images/blueprints/factory/b9c177a1e8c4__3169__No.jpg","drawing-unverified","DRAWING_UNCONFIRMED",1,2,0,0,0
"suit-2pc|Trousers-front-pockets|watch-pocket|watch-right","suit-2pc","Regular Right",yes,"/images/blueprints/factory/449292155f03__3180__Regular_right.jpg","verified-match","",0,8,1,0,0
"suit-2pc|Trousers-front-pockets|watch-pocket|watch-left","suit-2pc","Left Welt",yes,"","missing","NO_DRAWING|HAS_OWNER_REFS",0,6,1,1,0
"suit-2pc|Trousers-front-pockets|watch-pocket|watch-both","suit-2pc","Both Sides",yes,"/images/blueprints/factory/88f95280e442__3532__Left_right.jpg","drawing-unverified","DRAWING_UNCONFIRMED",1,6,0,0,0
"suit-2pc|Trousers-front-pockets|watch-pocket|watch-right-welt","suit-2pc","Right Welt",yes,"/images/blueprints/remote/9f85b09eb9d0__3181.jpg","verified-match","",0,3,0,0,0
"suit-2pc|Trousers-front-pockets|watch-pocket|watch-right-besom","suit-2pc","Right Besom",yes,"/images/blueprints/remote/50184b7abbb4__3188.jpg","verified-match","",0,3,0,0,0
"suit-2pc|Trousers-front-pockets|watch-pocket|watch-left-besom","suit-2pc","Left Besom",yes,"/images/blueprints/remote/7d7d99126a50__3178.jpg","drawing-unverified","DRAWING_UNCONFIRMED",0,2,0,0,0
"suit-2pc|Trousers-front-pockets|watch-pocket|watch-diamond-flap","suit-2pc","Right with Diamond Flap",yes,"/images/blueprints/remote/c82dba868d19__3186.jpg","drawing-unverified","DRAWING_UNCONFIRMED|HAS_OWNER_REFS",0,4,1,4,0
"suit-2pc|Trousers-front-pockets|coin-pocket|coin-none","suit-2pc","None",yes,"/images/blueprints/remote/1b89d5849265__3533.jpg","drawing-unverified","DRAWING_UNCONFIRMED",0,5,1,0,0
"suit-2pc|Trousers-front-pockets|coin-pocket|coin-right","suit-2pc","Right Side",yes,"/images/blueprints/remote/1d73941a4932__3530.jpg","drawing-unverified","DRAWING_UNCONFIRMED",1,5,0,0,0
"suit-2pc|Trousers-front-pockets|coin-pocket|coin-left","suit-2pc","Left Side",yes,"/images/blueprints/remote/099818025ae9__3531.jpg","drawing-unverified","DRAWING_UNCONFIRMED",1,2,0,0,0
"suit-2pc|Trousers-front-pockets|coin-pocket|coin-both","suit-2pc","Both Sides",yes,"/images/blueprints/remote/7f475092fe8b__3532.jpg","verified-match","",0,6,1,0,0
"suit-2pc|Trousers-front-pockets|pocket-knot|knot-i","suit-2pc","I-Shape Bartack",yes,"/images/blueprints/remote/cc2d765f6c59__167843791093474.png","drawing-unverified","DRAWING_UNCONFIRMED",1,2,0,0,0
"suit-2pc|Trousers-front-pockets|pocket-knot|knot-d","suit-2pc","D-Shape Bartack",yes,"/images/blueprints/remote/4c60eab1740c__169505392660138.png","drawing-unverified","DRAWING_UNCONFIRMED",1,2,0,0,0
"suit-2pc|Trousers-front-pockets|pocket-knot|knot-dash","suit-2pc","Dash (–) Bartack",yes,"/images/blueprints/remote/9638b5fbd394__167843798034583.png","drawing-unverified","DRAWING_UNCONFIRMED",1,2,0,0,0
"suit-2pc|Trousers-front-pockets|pocket-knot|knot-hip-i","suit-2pc","Hip Pocket I-Edge",yes,"/images/blueprints/remote/243038270395__167843782135108.png","drawing-unverified","DRAWING_UNCONFIRMED",1,3,0,0,0
"suit-2pc|Trousers-waistband|waistband-style|waist-standard","suit-2pc","Standard Waistband",yes,"/images/blueprints/baoxiniao/trousers/REQST/A.jpg","drawing-unverified","DRAWING_UNCONFIRMED|EXTERNAL_WEB_PHOTO",0,4,0,0,10
"suit-2pc|Trousers-waistband|waistband-style|waist-extended-tab","suit-2pc","Extended Tab Waistband",yes,"","missing","NO_DRAWING|EXTERNAL_WEB_PHOTO|NO_USABLE_PHOTO",0,0,0,0,10
"suit-2pc|Trousers-waistband|waistband-style|waist-waistcoat-back","suit-2pc","Waistcoat Back Band",yes,"","missing","NO_DRAWING|EXTERNAL_WEB_PHOTO|NO_USABLE_PHOTO",0,0,0,0,10
"suit-2pc|Trousers-waistband|waistband-style|waist-elasticated","suit-2pc","Elasticated Insert",yes,"","missing","NO_DRAWING|NO_USABLE_PHOTO",0,0,0,0,0
"suit-2pc|Trousers-waistband|waistband-style|waist-double","suit-2pc","Double Waistband",yes,"","missing","NO_DRAWING|EXTERNAL_WEB_PHOTO|NO_USABLE_PHOTO|HAS_OWNER_REFS",0,0,0,2,2
"suit-2pc|Trousers-waistband|waistband-style|waist-no-band","suit-2pc","Trouser Waist (No Band)",yes,"","missing","NO_DRAWING|EXTERNAL_WEB_PHOTO|NO_USABLE_PHOTO|HAS_OWNER_REFS",0,0,0,2,10
"suit-2pc|Trousers-waistband|waistband-width|wband-35","suit-2pc","3.5 cm",yes,"","missing","NO_DRAWING|NO_USABLE_PHOTO",0,0,0,0,0
"suit-2pc|Trousers-waistband|waistband-width|wband-38","suit-2pc","3.8 cm",yes,"","missing","NO_DRAWING|NO_USABLE_PHOTO",0,0,0,0,0
"suit-2pc|Trousers-waistband|waistband-width|wband-40","suit-2pc","4.0 cm",yes,"","missing","NO_DRAWING|NO_USABLE_PHOTO",0,0,0,0,0
"suit-2pc|Trousers-waistband|waistband-width|wband-45","suit-2pc","4.5 cm",yes,"","missing","NO_DRAWING|NO_USABLE_PHOTO",0,0,0,0,0
"suit-2pc|Trousers-waistband|waistband-width|wband-50","suit-2pc","5.0 cm",yes,"","missing","NO_DRAWING|NO_USABLE_PHOTO",0,0,0,0,0
"suit-2pc|Trousers-waistband|waistband-extension|ext-straight","suit-2pc","Sharp, Hook & Button",yes,"/images/blueprints/factory/30d058bb5e5f__3412__Sharp_hook_btn.png","drawing-unverified","DRAWING_UNCONFIRMED|HAS_OWNER_REFS",0,6,1,4,0
"suit-2pc|Trousers-waistband|waistband-extension|ext-pointed","suit-2pc","Round, Hook & Button",yes,"/images/blueprints/factory/b14a71bdfdb9__3413__Round_hook_btn.jpg","verified-match","HAS_OWNER_REFS",0,6,1,1,0
"suit-2pc|Trousers-waistband|waistband-extension|ext-curved","suit-2pc","Square, Hook & Button",yes,"/images/blueprints/factory/83fb9e94e989__342A__Square_hook_btn.png","drawing-unverified","DRAWING_UNCONFIRMED|HAS_OWNER_REFS",0,5,1,7,0
"suit-2pc|Trousers-waistband|waistband-extension|ext-no-btn","suit-2pc","No Extension, Button Only",yes,"/images/blueprints/remote/320d8ab0847a__3411.jpg","drawing-unverified","DRAWING_UNCONFIRMED",0,1,0,0,0
"suit-2pc|Trousers-waistband|waistband-extension|ext-no-hook","suit-2pc","No Extension, Hook Only",yes,"/images/blueprints/remote/b87e70d16b98__3410.jpg","drawing-unverified","DRAWING_UNCONFIRMED|HAS_OWNER_REFS",0,2,1,3,0
"suit-2pc|Trousers-waistband|waistband-extension|ext-sharp-double","suit-2pc","Double Sharp Extension",yes,"/images/blueprints/remote/c7bf619b903f__3416.jpg","drawing-unverified","DRAWING_UNCONFIRMED|HAS_OWNER_REFS",0,2,1,4,0
"suit-2pc|Trousers-waistband|waistband-extension|ext-round-double","suit-2pc","Double Round Extension",yes,"/images/blueprints/remote/4e94d4deb4e9__3415.jpg","drawing-unverified","DRAWING_UNCONFIRMED",0,2,1,0,0
"suit-2pc|Trousers-waistband|waistband-extension|ext-square-double","suit-2pc","Double Square Extension",yes,"/images/blueprints/remote/05e7a7878d0d__3417.jpg","drawing-unverified","DRAWING_UNCONFIRMED|HAS_OWNER_REFS",0,2,1,4,0
"suit-2pc|Trousers-waistband|waistband-extension|ext-sharp-dbl-hooks","suit-2pc","Sharp, Double Hooks",yes,"/images/blueprints/remote/b981324a2a86__342T.jpg","drawing-unverified","DRAWING_UNCONFIRMED|HAS_OWNER_REFS",0,2,1,5,0
"suit-2pc|Trousers-waistband|waistband-extension|ext-round-dbl-hooks","suit-2pc","Round, Double Hooks",yes,"/images/blueprints/remote/15cce2379001__342R.jpg","drawing-unverified","DRAWING_UNCONFIRMED",0,2,1,0,0
"suit-2pc|Trousers-waistband|waistband-extension|ext-square-dbl-hooks","suit-2pc","Square, Double Hooks",yes,"/images/blueprints/remote/c0b37c986521__3414.jpg","drawing-unverified","DRAWING_UNCONFIRMED|HAS_OWNER_REFS",0,2,1,2,0
"suit-2pc|Trousers-waistband|waistband-extension|ext-sharp-dbl-btn-hook","suit-2pc","Sharp, Double Button & Hook",yes,"/images/blueprints/remote/8bab494aa985__342L.jpg","drawing-unverified","DRAWING_UNCONFIRMED",0,2,1,0,0
"suit-2pc|Trousers-waistband|waistband-extension|ext-round-dbl-btn-hook","suit-2pc","Round, Double Button & Hook",yes,"/images/blueprints/remote/8b1333b2d3f1__34AB.jpg","drawing-unverified","DRAWING_UNCONFIRMED|HAS_OWNER_REFS",0,2,1,1,0
"suit-2pc|Trousers-waistband|waistband-extension|ext-square-dbl-btn-hook","suit-2pc","Square, Double Button & Hook",yes,"/images/blueprints/remote/cf709e84920a__342D.jpg","drawing-unverified","DRAWING_UNCONFIRMED|HAS_OWNER_REFS",0,2,1,5,0
"suit-2pc|Trousers-waistband|waistband-extension|ext-double-ext","suit-2pc","Double Extension, Hook & Button",yes,"/images/blueprints/remote/860ec779f45a__175807368017120.png","drawing-unverified","DRAWING_UNCONFIRMED|HAS_OWNER_REFS",0,2,1,2,0
"suit-2pc|Trousers-waistband|waistband-extension|ext-hw-buckle","suit-2pc","HW Pointed Extension with Buckle",yes,"/images/blueprints/remote/c050c51b14db__175912451171820.png","drawing-unverified","DRAWING_UNCONFIRMED",0,1,0,0,0
"suit-2pc|Trousers-waistband|extension-length|ext-len-5","suit-2pc","5 cm",yes,"/images/blueprints/factory/17db92352b9c__A.jpg","verified-match","HAS_OWNER_REFS",0,4,2,3,0
"suit-2pc|Trousers-waistband|extension-length|ext-len-55","suit-2pc","5.5 cm",yes,"/images/blueprints/factory/996d352c9178__B.jpg","verified-match","HAS_OWNER_REFS",0,4,2,4,0
"suit-2pc|Trousers-waistband|extension-length|ext-len-6","suit-2pc","6 cm",yes,"/images/blueprints/factory/ef0fb41e2ad1__C.jpg","verified-match","HAS_OWNER_REFS",0,4,2,3,0
"suit-2pc|Trousers-waistband|extension-length|ext-len-65","suit-2pc","6.5 cm",yes,"/images/blueprints/factory/bd9c06045808__D.jpg","verified-match","HAS_OWNER_REFS",0,4,2,2,0
"suit-2pc|Trousers-waistband|extension-length|ext-len-7","suit-2pc","7 cm",yes,"/images/blueprints/factory/a9b053b81635__E.jpg","verified-match","",0,4,2,0,0
"suit-2pc|Trousers-waistband|extension-length|ext-len-13","suit-2pc","13 cm",yes,"/images/blueprints/factory/8f065c084861__K.jpg","verified-match","",0,4,2,0,0
"suit-2pc|Trousers-waistband|extension-length|ext-len-15","suit-2pc","15 cm",yes,"/images/blueprints/factory/b9c52226e508__L.jpg","verified-match","HAS_OWNER_REFS",0,4,2,1,0
"suit-2pc|Trousers-waistband|metal-adjuster|adjuster-none","suit-2pc","Standard (No Adjuster)",yes,"/images/blueprints/factory/c2cad7a1cab9__3349__Standard.jpg","drawing-unverified","DRAWING_UNCONFIRMED",0,1,0,0,0
"suit-2pc|Trousers-waistband|metal-adjuster|adjuster-both","suit-2pc","Adjust Buckle",yes,"/images/blueprints/factory/f2e0b944fc8f__3352__Adjust_buckle_number.jpg","drawing-unverified","DRAWING_UNCONFIRMED",1,3,0,6,0
"suit-2pc|Trousers-waistband|metal-adjuster|adjuster-left","suit-2pc","Square Side Adjust Button",yes,"/images/blueprints/factory/ffa914420c24__3351__Square_side_adjust_button.jpg","verified-match","HAS_OWNER_REFS",0,4,1,3,0
"suit-2pc|Trousers-waistband|metal-adjuster|adjuster-buckle-loop","suit-2pc","Adjustable Buckle with Belt Loop",yes,"/images/blueprints/remote/57c52816d98c__167108103407726.jpg","drawing-unverified","DRAWING_UNCONFIRMED|HAS_OWNER_REFS",0,1,1,6,0
"suit-2pc|Trousers-waistband|belt-loops|loops-standard","suit-2pc","Standard (7 Loops)",yes,"/images/blueprints/factory/88c59601c41a__3330__Regular.jpg","drawing-unverified","DRAWING_UNCONFIRMED|EXTERNAL_WEB_PHOTO",0,2,1,0,2
"suit-2pc|Trousers-waistband|belt-loops|loops-5","suit-2pc","5 Loops",yes,"","missing","NO_DRAWING|NO_USABLE_PHOTO",0,0,0,0,0
"suit-2pc|Trousers-waistband|belt-loops|loops-no","suit-2pc","No Belt Loops",yes,"/images/blueprints/factory/5175739b2f59__3329__No.jpg","drawing-unverified","DRAWING_UNCONFIRMED|EXTERNAL_WEB_PHOTO",0,1,0,0,6
"suit-2pc|Trousers-waistband|belt-loops|loops-passant","suit-2pc","Double / Passant Loops",yes,"/images/blueprints/factory/2deae8e2d693__3331__Double.jpg","drawing-unverified","DRAWING_UNCONFIRMED",0,1,0,0,0
"suit-2pc|Trousers-waistband|belt-loops|loops-20cm","suit-2pc","2.0 cm Width Loops",yes,"/images/blueprints/remote/2270e6ce114e__3332.jpg","drawing-unverified","DRAWING_UNCONFIRMED",0,1,0,0,0
"suit-2pc|Trousers-waistband|belt-loops|loops-one-right","suit-2pc","One Loop Right Front Only",yes,"/images/blueprints/remote/b95c608b8ee6__3618.jpg","drawing-unverified","DRAWING_UNCONFIRMED",0,1,0,0,0
"suit-2pc|Trousers-waistband|belt-loops|loops-x-front","suit-2pc","X-Style Front Loops",yes,"/images/blueprints/remote/da6532e2c066__333E.jpg","drawing-unverified","DRAWING_UNCONFIRMED",0,1,0,0,0
"suit-2pc|Trousers-waistband|waist-detail|waist-detail-none","suit-2pc","No Back Detail",yes,"","missing","NO_DRAWING|NO_USABLE_PHOTO",0,0,0,0,0
"suit-2pc|Trousers-waistband|waist-detail|waist-detail-square-tab","suit-2pc","Square Adjustment Tab with Buckle",yes,"/images/blueprints/remote/82b4ff7adaf2__175912300465620.png","drawing-unverified","DRAWING_UNCONFIRMED",0,1,0,0,0
"suit-2pc|Trousers-waistband|waist-detail|waist-detail-pointed-tab","suit-2pc","Pointed Adjustment Tab with Buttons",yes,"/images/blueprints/remote/ebc6eb805303__175912296025464.png","drawing-unverified","DRAWING_UNCONFIRMED",0,1,0,0,0
"suit-2pc|Trousers-pleats-structure|pleat-style|flat-front","suit-2pc","Flat Front (No Dart)",no,"/images/blueprints/baoxiniao/trousers/KPOQZ/B.jpg","drawing-unverified","DRAWING_UNCONFIRMED",1,2,0,0,0
"suit-2pc|Trousers-pleats-structure|pleat-style|pleat-no-single-dart","suit-2pc","Flat Front, Single Dart",yes,"/images/blueprints/remote/f0e67f33563a__302M.jpg","verified-match","",1,5,0,0,0
"suit-2pc|Trousers-pleats-structure|pleat-style|pleat-no-double-dart","suit-2pc","Flat Front, Double Dart",yes,"/images/blueprints/remote/fcf7c7e892d6__302Y.jpg","drawing-unverified","DRAWING_UNCONFIRMED",0,1,0,0,0
"suit-2pc|Trousers-pleats-structure|pleat-style|single-forward","suit-2pc","Single Forward Pleat",yes,"/images/blueprints/factory/768640315c4d__3022__Single_toward_fly.jpg","drawing-unverified","DRAWING_UNCONFIRMED",1,2,0,0,0
"suit-2pc|Trousers-pleats-structure|pleat-style|double-forward","suit-2pc","Double Forward Pleats",yes,"/images/blueprints/factory/48f3c94b03b0__3024__Double_toward_fly.jpg","verified-match","",1,5,0,0,0
"suit-2pc|Trousers-pleats-structure|pleat-style|single-reverse","suit-2pc","Single Reverse Pleat",yes,"/images/blueprints/factory/600d8568a158__3021__Single_toward_side.jpg","drawing-unverified","DRAWING_UNCONFIRMED",0,1,0,0,0
"suit-2pc|Trousers-pleats-structure|pleat-style|double-reverse","suit-2pc","Double Reverse Pleats",yes,"/images/blueprints/factory/087231c58490__3023__Double_toward_side.jpg","drawing-unverified","DRAWING_UNCONFIRMED|EXTERNAL_WEB_PHOTO",0,1,0,0,2
"suit-2pc|Trousers-pleats-structure|pleat-depth|pleat-15","suit-2pc","1.5 cm",yes,"/images/blueprints/remote/133c130c929d__302Z.jpg","drawing-unverified","DRAWING_UNCONFIRMED",0,1,0,0,0
"suit-2pc|Trousers-pleats-structure|pleat-depth|pleat-20","suit-2pc","2.0 cm",yes,"/images/blueprints/remote/3a8b742009cc__302H.jpg","drawing-unverified","DRAWING_UNCONFIRMED",0,1,0,0,0
"suit-2pc|Trousers-pleats-structure|pleat-depth|pleat-25","suit-2pc","2.5 cm",yes,"/images/blueprints/remote/6c2ecb649616__302E.jpg","drawing-unverified","DRAWING_UNCONFIRMED",0,1,0,0,0
"suit-2pc|Trousers-pleats-structure|pleat-depth|pleat-32","suit-2pc","3.2 cm",yes,"/images/blueprints/remote/370e6e7dc3e8__302F.jpg","drawing-unverified","DRAWING_UNCONFIRMED",0,1,0,0,0
"suit-2pc|Trousers-pleats-structure|pleat-depth|pleat-38","suit-2pc","3.8 cm",yes,"/images/blueprints/remote/6ef57bf870b8__302G.jpg","drawing-unverified","DRAWING_UNCONFIRMED",0,1,0,0,0
"suit-2pc|Trousers-pleats-structure|fly-style|fly-zip","suit-2pc","Zip Fly (Nylon)",yes,"/images/blueprints/factory/99434c44259b__3420__Nylon.jpg","drawing-unverified","DRAWING_UNCONFIRMED|HAS_OWNER_REFS",0,3,1,3,0
"suit-2pc|Trousers-pleats-structure|fly-style|fly-metal-zip","suit-2pc","Zip Fly (Metal)",yes,"/images/blueprints/remote/bd442512a412__3421.jpg","drawing-unverified","DRAWING_UNCONFIRMED|HAS_OWNER_REFS",0,3,1,1,0
"suit-2pc|Trousers-pleats-structure|fly-style|fly-button","suit-2pc","Button Fly",yes,"/images/blueprints/factory/3fcf22dd779d__3422__Bttns.jpg","drawing-unverified","DRAWING_UNCONFIRMED",1,6,0,5,0
"suit-2pc|Trousers-pleats-structure|fly-style|fly-hook-bar","suit-2pc","Fish-Mouth Fly",yes,"/images/blueprints/factory/2fb4d84bc037__3400__Fish-mouth.jpg","drawing-unverified","DRAWING_UNCONFIRMED|HAS_OWNER_REFS",0,5,1,1,0
"suit-2pc|Trousers-pleats-structure|fly-style|fly-fish-claw","suit-2pc","Fish-Claw Fly",yes,"/images/blueprints/remote/0c07e29e9fc5__3402.jpg","drawing-unverified","DRAWING_UNCONFIRMED|HAS_OWNER_REFS",0,3,1,1,0
"suit-2pc|Trousers-pleats-structure|fly-style|fly-french","suit-2pc","French Fly",yes,"/images/blueprints/remote/692862b38427__3403.jpg","verified-match","EXTERNAL_WEB_PHOTO",0,6,1,0,2
"suit-2pc|Trousers-pleats-structure|fly-style|fly-straight","suit-2pc","Straight Fly",yes,"/images/blueprints/remote/6a4438c01dcf__3401.jpg","drawing-unverified","DRAWING_UNCONFIRMED|HAS_OWNER_REFS",0,3,1,1,0
"suit-2pc|Trousers-pleats-structure|fly-style|fly-pointed","suit-2pc","Pointed Fly",yes,"/images/blueprints/remote/da407a0ce211__3406.jpg","drawing-unverified","DRAWING_UNCONFIRMED|HAS_OWNER_REFS",0,3,1,2,0
"suit-2pc|Trousers-pleats-structure|fly-stitching|fly-stitch-curved","suit-2pc","Curved Fly Stitch",yes,"","missing","NO_DRAWING",0,1,0,0,0
"suit-2pc|Trousers-pleats-structure|fly-stitching|fly-stitch-straight","suit-2pc","Straight Fly Stitch",yes,"","missing","NO_DRAWING",0,1,0,0,0
"suit-2pc|Trousers-pleats-structure|fly-stitching|fly-stitch-none","suit-2pc","No Fly Topstitch",yes,"/images/blueprints/factory/10bfe4668d92__31A6__No_top_stitch_hidden_stitch.jpg","suspect-ambiguous","DRAWING_SUSPECT",1,3,0,0,0
"suit-2pc|Trousers-pleats-structure|bar-tack|bartack-standard","suit-2pc","Standard Bar Tacks",yes,"/images/blueprints/factory/4d29fb809a0e__3191__Front_pocket_I_shape_bartack.png","drawing-unverified","DRAWING_UNCONFIRMED",1,2,0,0,0
"suit-2pc|Trousers-pleats-structure|bar-tack|bartack-none","suit-2pc","No Bar Tacks",yes,"/images/blueprints/baoxiniao/trousers/REKPL/C.jpg","drawing-unverified","DRAWING_UNCONFIRMED|UNPLACEABLE_DECISION",0,1,0,0,0
"suit-2pc|Trousers-pleats-structure|center-crease|crease-pressed","suit-2pc","Pressed Crease (Standard)",yes,"","missing","NO_DRAWING|NO_USABLE_PHOTO",0,0,0,0,0
"suit-2pc|Trousers-pleats-structure|center-crease|crease-none","suit-2pc","No Crease",yes,"/images/blueprints/baoxiniao/trousers/KPWAH/B.jpg","drawing-unverified","DRAWING_UNCONFIRMED|NO_USABLE_PHOTO",0,0,0,0,0
"suit-2pc|Trousers-pleats-structure|center-crease|crease-fused","suit-2pc","Fused Crease (Permanent)",yes,"","missing","NO_DRAWING|NO_USABLE_PHOTO",0,0,0,0,0
"suit-2pc|Trousers-back|back-pocket-style|back-none","suit-2pc","No Back Pockets",yes,"/images/blueprints/factory/d1ec6888d1c1__31A0__No.jpg","verified-match","",1,4,0,0,0
"suit-2pc|Trousers-back|back-pocket-style|back-left-welt","suit-2pc","Left Welt with Button",yes,"/images/blueprints/factory/2aaa7a83011b__3221__Welt_with_bttn.jpg","drawing-unverified","DRAWING_UNCONFIRMED",1,4,0,0,0
"suit-2pc|Trousers-back|back-pocket-style|back-both-welt","suit-2pc","Both Welt Pockets (Left Button)",yes,"/images/blueprints/factory/819f9d468b2d__320B__Right_left_besom_left_bttn.jpg","verified-match","",1,2,0,0,0
"suit-2pc|Trousers-back|back-pocket-style|back-left-jetted","suit-2pc","Left Besom with Button & Buttonhole",yes,"/images/blueprints/factory/7e10ed9447af__32C7__Left_besom_bttn_bttnhole.jpg","verified-match","",1,5,0,0,0
"suit-2pc|Trousers-back|back-pocket-style|back-both-jetted","suit-2pc","Double Besom",yes,"/images/blueprints/factory/81163ff25606__3200__Double_besom.jpg","drawing-unverified","DRAWING_UNCONFIRMED",1,2,0,0,0
"suit-2pc|Trousers-back|back-pocket-style|back-left-patch","suit-2pc","Left Pointed Patch Pocket",yes,"/images/blueprints/factory/5e26a3e5997d__3230__Patch_with_pointed.jpg","drawing-unverified","DRAWING_UNCONFIRMED",1,5,0,0,0
"suit-2pc|Trousers-back|back-pocket-style|back-both-patch","suit-2pc","Both Pointed Patch Pockets",yes,"/images/blueprints/factory/ba3e4540b7bb__3231__Point_patch_with_bttn.jpg","drawing-unverified","DRAWING_UNCONFIRMED",0,1,0,0,0
"suit-2pc|Trousers-back|back-pocket-style|back-besom-btn","suit-2pc","Besom with Button",yes,"/images/blueprints/remote/48c65a3a9184__165732923200806.jpg","drawing-unverified","DRAWING_UNCONFIRMED",0,2,0,0,0
"suit-2pc|Trousers-back|back-pocket-style|back-welt-zip","suit-2pc","Welt with Zipper",yes,"/images/blueprints/remote/5ef31838ce8e__165732927877788.jpg","drawing-unverified","DRAWING_UNCONFIRMED",0,2,0,0,0
"suit-2pc|Trousers-back|back-pocket-style|back-welt-plain","suit-2pc","Plain Welt (No Button)",yes,"/images/blueprints/remote/2d96087ff271__165732929300206.jpg","drawing-unverified","DRAWING_UNCONFIRMED",0,2,0,0,0
"suit-2pc|Trousers-back|back-pocket-style|back-right-besom-btn","suit-2pc","Right Besom with Button Only",yes,"/images/blueprints/remote/a4c36785c1cf__165732950101655.jpg","drawing-unverified","DRAWING_UNCONFIRMED",0,2,0,0,0
"suit-2pc|Trousers-back|back-pocket-style|back-both-besom-right-btn","suit-2pc","Both Besom (Right Button)",yes,"/images/blueprints/remote/d11c489532aa__165732942214395.jpg","drawing-unverified","DRAWING_UNCONFIRMED",0,2,0,0,0
"suit-2pc|Trousers-back|back-pocket-style|back-besom-decorative","suit-2pc","Besom Decorative (No Bag)",yes,"/images/blueprints/remote/0eb8c7d082d0__165732940892061.jpg","drawing-unverified","DRAWING_UNCONFIRMED",0,2,0,0,0
"suit-2pc|Trousers-back|back-pocket-style|back-right-besom-only","suit-2pc","Right Besom Only",yes,"/images/blueprints/remote/d0eba06d5db4__165732951339318.jpg","drawing-unverified","DRAWING_UNCONFIRMED",0,2,0,0,0
"suit-2pc|Trousers-back|back-pocket-style|back-besom-no-right","suit-2pc","Left Besom Only (No Right)",yes,"/images/blueprints/remote/ae7613e6e895__165732952700067.jpg","drawing-unverified","DRAWING_UNCONFIRMED",0,2,0,0,0
"suit-2pc|Trousers-back|back-pocket-style|back-with-flap","suit-2pc","Besom with Flap",yes,"/images/blueprints/remote/e5b74bf14b92__165732948712689.jpg","drawing-unverified","DRAWING_UNCONFIRMED",0,1,0,0,0
"suit-2pc|Trousers-back|back-pocket-style|back-regular-flap","suit-2pc","Regular Flap Pocket",yes,"/images/blueprints/remote/e5d0503b3faa__165732946216252.jpg","drawing-unverified","DRAWING_UNCONFIRMED",0,2,0,0,0
"suit-2pc|Trousers-back|back-pocket-style|back-pointed-flap-btn","suit-2pc","Pointed Flap with Button",yes,"/images/blueprints/remote/1a5fc2cf52d7__165732943643000.jpg","drawing-unverified","DRAWING_UNCONFIRMED",0,2,0,0,0
"suit-2pc|Trousers-back|back-pocket-style|back-diamond-flap","suit-2pc","Diamond Flap with Button",yes,"/images/blueprints/remote/46e33d1335dd__165732939375810.jpg","drawing-unverified","DRAWING_UNCONFIRMED",0,2,0,0,0
"suit-2pc|Trousers-back|back-pocket-style|back-besom-round-tab","suit-2pc","Besom with Round Tab & Button",yes,"/images/blueprints/remote/1a7e1f0fb0ec__165732935228519.jpg","drawing-unverified","DRAWING_UNCONFIRMED",0,2,0,0,0
"suit-2pc|Trousers-back|back-pocket-style|back-both-besom-tab","suit-2pc","Both Besom with Tab & Button",yes,"/images/blueprints/remote/d5bc5ba1ec54__165732936598982.jpg","drawing-unverified","DRAWING_UNCONFIRMED",0,2,0,0,0
"suit-2pc|Trousers-back|back-pocket-style|back-besom-tab","suit-2pc","Besom with Tab & Button",yes,"/images/blueprints/remote/22b7a9cee738__165732938026339.jpg","drawing-unverified","DRAWING_UNCONFIRMED",0,2,0,0,0
"suit-2pc|Trousers-back|back-darts|darts-none","suit-2pc","No Darts",yes,"","missing","NO_DRAWING",0,1,0,0,0
"suit-2pc|Trousers-back|back-darts|darts-single","suit-2pc","Single Back Darts",yes,"","missing","NO_DRAWING",0,1,0,0,0
"suit-2pc|Trousers-back|back-darts|darts-double","suit-2pc","Double Back Darts",yes,"","missing","NO_DRAWING",0,1,0,0,0
"suit-2pc|Trousers-back|center-seam|seam-open","suit-2pc","Open Seam",yes,"","missing","NO_DRAWING|NO_USABLE_PHOTO",0,0,0,0,0
"suit-2pc|Trousers-back|center-seam|seam-flat-fell","suit-2pc","Flat-Fell Seam",yes,"","missing","NO_DRAWING|NO_USABLE_PHOTO",0,0,0,0,0
"suit-2pc|Trousers-bottom-hem|hem-style|hem-no-cuff","suit-2pc","Plain Hem 5.0 cm",yes,"/images/blueprints/factory/96e846dfee6b__3600__5.0cm.jpg","drawing-unverified","DRAWING_UNCONFIRMED|HAS_OWNER_REFS",0,3,1,1,0
"suit-2pc|Trousers-bottom-hem|hem-style|hem-blind","suit-2pc","Plain Hem 6.4 cm",yes,"/images/blueprints/factory/bad6c1a76bae__3607__6.4cm.jpg","suspect-ambiguous","DRAWING_SUSPECT",1,3,0,0,0
"suit-2pc|Trousers-bottom-hem|hem-style|hem-single-turnup","suit-2pc","4.4 cm Cuff Turn-Up",yes,"/images/blueprints/factory/30517f02c254__3604__4.4cm_cuff.jpg","drawing-unverified","DRAWING_UNCONFIRMED",1,4,0,0,0
"suit-2pc|Trousers-bottom-hem|hem-style|hem-double-turnup","suit-2pc","5.1 cm Cuff Turn-Up",yes,"/images/blueprints/factory/8bcc8e766c5e__3605__5.1cm_cuff.jpg","drawing-unverified","DRAWING_UNCONFIRMED|HAS_OWNER_REFS",0,3,1,1,0
"suit-2pc|Trousers-bottom-hem|hem-style|hem-machine-plain","suit-2pc","Plain Hem 7.0 cm",yes,"/images/blueprints/remote/6ddcbc615b71__3608.jpg","suspect-ambiguous","DRAWING_SUSPECT",0,1,0,0,0
"suit-2pc|Trousers-bottom-hem|hem-style|hem-76","suit-2pc","Plain Hem 7.6 cm",yes,"/images/blueprints/remote/87f09a00ddf2__3609.jpg","verified-match","HAS_OWNER_REFS",0,3,1,2,0
"suit-2pc|Trousers-bottom-hem|hem-style|hem-90","suit-2pc","Plain Hem 9.0 cm",yes,"/images/blueprints/remote/9e8b12a7ade9__360H.jpg","drawing-unverified","DRAWING_UNCONFIRMED",0,3,1,0,0
"suit-2pc|Trousers-bottom-hem|hem-style|hem-cuff-32","suit-2pc","3.2 cm Cuff Turn-Up",yes,"/images/blueprints/remote/7eca44df7089__3602.jpg","drawing-unverified","DRAWING_UNCONFIRMED",1,4,0,1,0
"suit-2pc|Trousers-bottom-hem|hem-style|hem-cuff-38","suit-2pc","3.8 cm Cuff Turn-Up",yes,"","missing","NO_DRAWING",0,1,0,0,0
"suit-2pc|Trousers-bottom-hem|hem-style|hem-extra-115","suit-2pc","11.5 cm Extra Fabric (Unfinished)",yes,"/images/blueprints/remote/a350bdebd165__166529847562294.5CM.jpg","drawing-unverified","DRAWING_UNCONFIRMED",0,1,0,0,0
"suit-2pc|Trousers-bottom-hem|hem-style|hem-extra-130","suit-2pc","13.0 cm Extra Fabric (Unfinished)",yes,"/images/blueprints/remote/2e5e80c016b2__166529849186105.jpg","drawing-unverified","DRAWING_UNCONFIRMED",0,1,0,0,0
"suit-2pc|Trousers-bottom-hem|hem-style|hem-inner-fold-40","suit-2pc","4.0 cm Inner Edge Fold (Slanted)",yes,"/images/blueprints/remote/d4b184a45b4b__360K.jpg","drawing-unverified","DRAWING_UNCONFIRMED|HAS_OWNER_REFS",0,3,1,2,0
"suit-2pc|Trousers-bottom-hem|hem-style|hem-inner-fold-70","suit-2pc","7.0 cm Inner Edge Fold (Slanted)",yes,"/images/blueprints/remote/b61000e07375__36AF.jpg","drawing-unverified","DRAWING_UNCONFIRMED",1,3,0,0,0
"suit-2pc|Trousers-bottom-hem|hem-style|hem-fixed-topstitch","suit-2pc","Fixed Bottom, 2.5 cm Topstitch",yes,"/images/blueprints/remote/2298a47f90ea__166141804814147.jpg","drawing-unverified","DRAWING_UNCONFIRMED",1,3,0,0,0
"suit-2pc|Trousers-bottom-hem|hem-style|hem-fringe","suit-2pc","Fringe Edge",yes,"","missing","NO_DRAWING|NO_USABLE_PHOTO",0,0,0,0,0
"suit-2pc|Trousers-bottom-hem|hem-style|hem-unfinished","suit-2pc","Unfinished (Raw Edge)",yes,"","missing","NO_DRAWING|NO_USABLE_PHOTO",0,0,0,0,0
"suit-2pc|Trousers-bottom-hem|leg-shape|leg-tapered","suit-2pc","Tapered",yes,"","missing","NO_DRAWING|EXTERNAL_WEB_PHOTO|NO_USABLE_PHOTO",0,0,0,0,10
"suit-2pc|Trousers-bottom-hem|leg-shape|leg-straight","suit-2pc","Straight Cut",yes,"","missing","NO_DRAWING|EXTERNAL_WEB_PHOTO|NO_USABLE_PHOTO",0,0,0,0,10
"suit-2pc|Trousers-bottom-hem|leg-shape|leg-wide","suit-2pc","Wide Leg",yes,"","missing","NO_DRAWING|EXTERNAL_WEB_PHOTO|NO_USABLE_PHOTO",0,0,0,0,10
"suit-2pc|Trousers-bottom-hem|leg-shape|leg-slim","suit-2pc","Slim",yes,"","missing","NO_DRAWING|EXTERNAL_WEB_PHOTO",0,1,0,0,10
"suit-2pc|Trousers-bottom-hem|heel-guard|heel-none","suit-2pc","No Heel Guard",yes,"/images/blueprints/remote/90c9f9c84002__33BB.jpg","drawing-unverified","DRAWING_UNCONFIRMED",1,2,0,0,0
"suit-2pc|Trousers-bottom-hem|heel-guard|heel-standard","suit-2pc","Heel Guard",yes,"/images/blueprints/remote/17caa8efc528__3611.jpg","drawing-unverified","DRAWING_UNCONFIRMED",0,1,0,0,0
"suit-2pc|Trousers-bottom-hem|heel-guard|heel-whole-circle","suit-2pc","Whole Circle Heel Guard",yes,"/images/blueprints/remote/7a19d9941f5a__3614.jpg","drawing-unverified","DRAWING_UNCONFIRMED",0,2,1,0,0
"suit-2pc|Trousers-bottom-hem|heel-guard|heel-ribbon","suit-2pc","Whole Circle (Finished Ribbon)",yes,"/images/blueprints/remote/efad6677c088__361L.jpg","drawing-unverified","DRAWING_UNCONFIRMED",0,1,0,0,0
"suit-2pc|Trousers-lining-internal|lining-style|lining-none","suit-2pc","No Lining",yes,"/images/blueprints/factory/ff559a0a79f9__3500__No.jpg","drawing-unverified","DRAWING_UNCONFIRMED",0,1,0,0,0
"suit-2pc|Trousers-lining-internal|lining-style|lining-knee","suit-2pc","Front Half (Pocket Inside)",yes,"/images/blueprints/factory/ca44a8b9c6b5__3502__Front_half_pocket_inside.jpg","drawing-unverified","DRAWING_UNCONFIRMED",0,1,0,0,0
"suit-2pc|Trousers-lining-internal|lining-style|lining-full","suit-2pc","Front & Back Full (Pocket Inside)",yes,"/images/blueprints/factory/f5c3161c70b0__3506__Front_back_full_pocket_inside.jpg","drawing-unverified","DRAWING_UNCONFIRMED",0,1,0,0,0
"suit-2pc|Trousers-lining-internal|lining-style|lining-front-back-half-inside","suit-2pc","Front & Back Half (Pocket Inside)",yes,"/images/blueprints/remote/2c0efd965ae6__3504.jpg","drawing-unverified","DRAWING_UNCONFIRMED",0,1,0,0,0
"suit-2pc|Trousers-lining-internal|lining-style|lining-front-half-outside","suit-2pc","Front Half (Pocket Outside)",yes,"/images/blueprints/remote/2b55c4f5e69a__3501.jpg","drawing-unverified","DRAWING_UNCONFIRMED",0,1,0,0,0
"suit-2pc|Trousers-lining-internal|lining-style|lining-front-back-half-outside","suit-2pc","Front & Back Half (Pocket Outside)",yes,"/images/blueprints/remote/150ac03e507c__3503.jpg","drawing-unverified","DRAWING_UNCONFIRMED",0,1,0,0,0
"suit-2pc|Trousers-lining-internal|lining-style|lining-full-outside","suit-2pc","Front & Back Full (Pocket Outside)",yes,"/images/blueprints/remote/ef28f183f3d1__3505.jpg","drawing-unverified","DRAWING_UNCONFIRMED",0,1,0,0,0
"suit-2pc|Trousers-lining-internal|back-crotch-lining|crotch-none","suit-2pc","No Crotch Lining",yes,"/images/blueprints/remote/7cf825d39e76__165396701246859.jpg","drawing-unverified","DRAWING_UNCONFIRMED",0,1,0,0,0
"suit-2pc|Trousers-lining-internal|back-crotch-lining|crotch-fabric","suit-2pc","Fabric",no,"/images/blueprints/remote/1739430bba6e__165396711124919.jpg","drawing-unverified","DRAWING_UNCONFIRMED",0,1,0,0,0
"suit-2pc|Trousers-lining-internal|back-crotch-lining|crotch-matched","suit-2pc","Matched Lining",yes,"/images/blueprints/remote/23402d004780__165396716037322.jpg","drawing-unverified","DRAWING_UNCONFIRMED",0,1,0,0,0
"suit-2pc|Trousers-lining-internal|back-crotch-lining|crotch-lining","suit-2pc","Standard Lining",yes,"/images/blueprints/remote/5f0bf4d338a8__165396714492932.jpg","drawing-unverified","DRAWING_UNCONFIRMED",0,1,0,0,0
"suit-2pc|Trousers-lining-internal|pocket-lining|pocket-lining-standard","suit-2pc","Standard Pocket Lining",yes,"","missing","NO_DRAWING|NO_USABLE_PHOTO",0,0,0,0,0
"suit-2pc|Trousers-lining-internal|pocket-lining|pocket-lining-appoint","suit-2pc","Appointed Pocket Lining",yes,"/images/blueprints/remote/b61831c054bf__35C1.jpg","drawing-unverified","DRAWING_UNCONFIRMED",0,1,0,0,0
"suit-2pc|Trousers-lining-internal|inner-waist|inner-curtain","suit-2pc","Standard Curtain Lining",yes,"/images/blueprints/factory/79ca59f0f330__3430__Standard.jpg","drawing-unverified","DRAWING_UNCONFIRMED",0,1,0,0,0
"suit-2pc|Trousers-lining-internal|inner-waist|inner-french-tack","suit-2pc","Pleated Curtain",yes,"/images/blueprints/factory/2fddd32014a5__3434__Pleated_Curtain.jpg","drawing-unverified","DRAWING_UNCONFIRMED",0,1,0,0,0
"suit-2pc|Trousers-lining-internal|inner-waist|inner-none","suit-2pc","Appointed Waistband Fabric",no,"/images/blueprints/remote/771fa0093157__165396695067711.jpg","drawing-unverified","DRAWING_UNCONFIRMED",0,1,0,0,0
"suit-2pc|Trousers-lining-internal|inner-waist|inner-snugtex","suit-2pc","Standard with Snugtex",yes,"/images/blueprints/remote/aa381a729075__3440.jpg","drawing-unverified","DRAWING_UNCONFIRMED",0,1,0,0,0
"suit-2pc|Trousers-lining-internal|inner-waist|inner-snugtex-btn","suit-2pc","Standard, Snugtex & Button",yes,"/images/blueprints/remote/8df42b0caa2f__3449.jpg","drawing-unverified","DRAWING_UNCONFIRMED",0,1,0,0,0
"suit-2pc|Trousers-lining-internal|inner-waist|inner-gripper","suit-2pc","Gripper Strip",yes,"/images/blueprints/remote/604473969546__3443.jpg","drawing-unverified","DRAWING_UNCONFIRMED",0,1,0,0,0
"suit-2pc|Trousers-lining-internal|inner-waist|inner-piping-snugtex","suit-2pc","Standard, Piping & Snugtex",yes,"","missing","NO_DRAWING",0,1,0,0,0
"suit-2pc|Trousers-lining-internal|inner-waist|inner-lining","suit-2pc","Appointed Lining",yes,"/images/blueprints/remote/f31966b9b208__344E.jpg","drawing-unverified","DRAWING_UNCONFIRMED",0,1,0,0,0
"suit-2pc|Trousers-lining-internal|inner-waist|inner-pleat-snugtex","suit-2pc","Pleat with Snugtex & Button",yes,"/images/blueprints/remote/56ff34969306__3445.jpg","drawing-unverified","DRAWING_UNCONFIRMED",0,1,0,0,0
"suit-2pc|Trousers-lining-internal|inner-waist|inner-pleat-griplets","suit-2pc","Pleat with Griplets",yes,"/images/blueprints/remote/af7276386df5__3435.jpg","drawing-unverified","DRAWING_UNCONFIRMED",0,1,0,0,0
"suit-2pc|Trousers-lining-internal|inner-waist|inner-finished-band","suit-2pc","Appointed Finished Waistband",yes,"/images/blueprints/remote/1bffb62bd1be__344H.jpg","drawing-unverified","DRAWING_UNCONFIRMED",0,1,0,0,0
"suit-2pc|Trousers-lining-internal|label-placement|label-waistband","suit-2pc","Inside Waistband",yes,"","missing","NO_DRAWING|NO_USABLE_PHOTO",0,0,0,0,0
"suit-2pc|Trousers-lining-internal|label-placement|label-care-only","suit-2pc","Care Label Only",yes,"","missing","NO_DRAWING|NO_USABLE_PHOTO",0,0,0,0,0
"suit-2pc|Trousers-details-contrast|contrast-positions|trouser-contrast-none","suit-2pc","No Contrast",yes,"","missing","NO_DRAWING|NO_USABLE_PHOTO",0,0,0,0,0
"suit-2pc|Trousers-details-contrast|contrast-positions|trouser-contrast-side","suit-2pc","Side Seam Satin Stripe",yes,"/images/blueprints/factory/5252459c3a51__3382__Side_seam_with_fabric_1.2cm_width_.jpg","drawing-unverified","DRAWING_UNCONFIRMED",1,4,0,0,0
"suit-2pc|Trousers-details-contrast|contrast-positions|trouser-contrast-pocket","suit-2pc","Contrast Pocket Bags",yes,"/images/blueprints/factory/4087db58c8a3__314A__Cushion_layer_fabrics_appointed.jpg","drawing-unverified","DRAWING_UNCONFIRMED",1,3,0,0,0
"suit-2pc|Trousers-details-contrast|contrast-positions|trouser-contrast-waist","suit-2pc","Contrast Waistband",yes,"/images/blueprints/factory/b16ea7165058__33A2__Appointed_Waistband.jpg","drawing-unverified","DRAWING_UNCONFIRMED|HAS_OWNER_REFS",0,5,1,1,0
"suit-2pc|Trousers-details-contrast|contrast-positions|trouser-contrast-front-besom","suit-2pc","Contrast Front Pocket Besom",yes,"/images/blueprints/remote/5c43b55a10d4__3140.jpg","drawing-unverified","DRAWING_UNCONFIRMED",1,2,0,0,0
"suit-2pc|Trousers-details-contrast|contrast-positions|trouser-contrast-back-pocket","suit-2pc","Contrast Back Pocket Besom",yes,"/images/blueprints/remote/a1696cc6abeb__325B.jpg","drawing-unverified","DRAWING_UNCONFIRMED",0,3,1,0,0
"suit-2pc|Trousers-details-contrast|contrast-positions|trouser-contrast-loop","suit-2pc","Contrast Belt Loop Fabric",yes,"/images/blueprints/remote/67e3df566ff6__3348.jpg","drawing-unverified","DRAWING_UNCONFIRMED",0,3,1,0,0
"suit-2pc|Trousers-details-contrast|contrast-positions|trouser-contrast-covered-btn","suit-2pc","Fabric Covered Buttons",yes,"/images/blueprints/remote/763fb7c721e6__169560958482161.jpg","drawing-unverified","DRAWING_UNCONFIRMED",1,2,0,0,0
"suit-2pc|Trousers-details-contrast|buttonhole-type-trouser|tbh-machine","suit-2pc","Machine Stitched",yes,"/images/blueprints/baoxiniao/trousers/GLKMO/H.jpg","drawing-unverified","DRAWING_UNCONFIRMED|NO_USABLE_PHOTO",0,0,0,0,0
"suit-2pc|Trousers-details-contrast|buttonhole-type-trouser|tbh-hand","suit-2pc","Hand-Worked",yes,"/images/blueprints/baoxiniao/trousers/GLKMO/A.jpg","drawing-unverified","DRAWING_UNCONFIRMED|NO_USABLE_PHOTO",0,0,0,0,0
"suit-2pc|Trousers-details-contrast|sewing-button-style-trouser|tbtn-cross","suit-2pc","Cross (+) Stitch",no,"/images/blueprints/factory/f10f2242ae0a__345B__.jpg","drawing-unverified","DRAWING_UNCONFIRMED",0,1,0,0,0
"suit-2pc|Trousers-details-contrast|sewing-button-style-trouser|tbtn-parallel","suit-2pc","Parallel (=) Stitch",no,"/images/blueprints/factory/f70bb9aa36d8__345A__.jpg","drawing-unverified","DRAWING_UNCONFIRMED",0,1,0,0,0
"suit-2pc|Trousers-details-contrast|sewing-button-style-trouser|tbtn-claw","suit-2pc","Claw Stitch",no,"/images/blueprints/remote/2cc6fa76be17__345C.jpg","drawing-unverified","DRAWING_UNCONFIRMED",0,1,0,0,0
"suit-2pc|Trousers-details-contrast|sewing-button-style-trouser|tbtn-square","suit-2pc","Square Stitch",no,"/images/blueprints/remote/59f9f67ace69__34Y1.jpg","drawing-unverified","DRAWING_UNCONFIRMED",0,1,0,0,0
"suit-2pc|Trousers-details-contrast|button-thread|btn-thread-match","suit-2pc","Matched to Fabric",no,"/images/blueprints/remote/6fefdb558f09__165588176962173.jpg","drawing-unverified","DRAWING_UNCONFIRMED",0,1,0,0,0
"suit-2pc|Trousers-details-contrast|button-thread|btn-thread-appoint","suit-2pc","Appointed Thread Color",no,"/images/blueprints/remote/8829b2048044__165588178047321.jpg","drawing-unverified","DRAWING_UNCONFIRMED",0,1,0,0,0
"suit-2pc|Trousers-details-contrast|buttonhole-thread|bh-thread-match","suit-2pc","Match Fabric",no,"/images/blueprints/remote/7a5d412484be__165588174165112.jpg","drawing-unverified","DRAWING_UNCONFIRMED",0,1,0,0,0
"suit-2pc|Trousers-details-contrast|buttonhole-thread|bh-thread-appoint","suit-2pc","Appointed Color",no,"/images/blueprints/remote/bff42961fbe3__165588175293444.jpg","drawing-unverified","DRAWING_UNCONFIRMED",0,1,0,0,0
"suit-2pc|Trousers-extras|waistband-canvas|canvas-fused","suit-2pc","Fused (Standard)",yes,"","missing","NO_DRAWING|NO_USABLE_PHOTO",0,0,0,0,0
"suit-2pc|Trousers-extras|waistband-canvas|canvas-full","suit-2pc","Full Canvas",yes,"","missing","NO_DRAWING|NO_USABLE_PHOTO",0,0,0,0,0
"suit-2pc|Trousers-extras|waistband-canvas|canvas-half","suit-2pc","Half Canvas",yes,"","missing","NO_DRAWING|NO_USABLE_PHOTO",0,0,0,0,0
"suit-2pc|Trousers-extras|waistband-canvas|canvas-single","suit-2pc","Single Layer",yes,"","missing","NO_DRAWING|NO_USABLE_PHOTO",0,0,0,0,0
"suit-2pc|Trousers-extras|suspender-buttons|suspender-none","suit-2pc","No Suspender Buttons",yes,"","missing","NO_DRAWING|NO_USABLE_PHOTO",0,0,0,0,0
"suit-2pc|Trousers-extras|suspender-buttons|suspender-add","suit-2pc","Add Suspender Buttons",yes,"/images/blueprints/remote/fb9584d940b7__169501755108517.jpg","drawing-unverified","DRAWING_UNCONFIRMED",0,1,0,0,0
"suit-2pc|Trousers-extras|extra-inner-button|inner-btn-none","suit-2pc","None",yes,"","missing","NO_DRAWING|NO_USABLE_PHOTO",0,0,0,0,0
"suit-2pc|Trousers-extras|extra-inner-button|inner-btn-add","suit-2pc","Add Inner Button",yes,"/images/blueprints/remote/afc0db224e4c__174590664146501.png","drawing-unverified","DRAWING_UNCONFIRMED",0,1,0,0,0
"suit-2pc|Trousers-extras|waistband-back-seam|back-seam-standard","suit-2pc","With Bartack (Standard)",yes,"","missing","NO_DRAWING|NO_USABLE_PHOTO",0,0,0,0,0
"suit-2pc|Trousers-extras|waistband-back-seam|back-seam-no-bartack","suit-2pc","Without Bartack",yes,"/images/blueprints/remote/8883c883645f__168129382192380.jpg","drawing-unverified","DRAWING_UNCONFIRMED",0,1,0,0,0
"suit-3pc|shoulder-structure|sleeve-head|sleeve-natural","suit-3pc","Natural",yes,"/images/supplier-bb/SHSMD/A.jpg","drawing-unverified","DRAWING_UNCONFIRMED",0,1,0,0,0
"suit-3pc|shoulder-structure|sleeve-head|sleeve-regular","suit-3pc","Regular",yes,"/images/supplier-bb/SHSMD/B.jpg","drawing-unverified","DRAWING_UNCONFIRMED",0,3,0,0,0
"suit-3pc|shoulder-structure|sleeve-head|sleeve-con-rollino","suit-3pc","Con Rollino",yes,"/images/blueprints/baoxiniao/jacket/SHSMD/C.jpg","drawing-unverified","DRAWING_UNCONFIRMED|NO_USABLE_PHOTO",0,0,0,0,0
"suit-3pc|shoulder-structure|sleeve-head|sleeve-neapolitan","suit-3pc","Neapolitan (Spalla Camicia)",yes,"/images/jacket/shoulder-head/neapolitan.jpg","verified-match","",0,1,0,0,0
"suit-3pc|shoulder-structure|sleeve-head|sleeve-shirt-head","suit-3pc","Shirt Head",yes,"/images/supplier-bb/SHSMD/E.jpg","drawing-unverified","DRAWING_UNCONFIRMED",0,3,0,0,0
"suit-3pc|shoulder-structure|canvas|fused","suit-3pc","Regular Fused",no,"/images/supplier-bb/PROCE/A.jpg","drawing-unverified","DRAWING_UNCONFIRMED|EXTERNAL_WEB_PHOTO",0,0,0,0,10
"suit-3pc|shoulder-structure|canvas|ultra-thin-half","suit-3pc","Ultra-thin Half Canvas",yes,"/images/blueprints/baoxiniao/jacket/PROCE/L.jpg","drawing-unverified","DRAWING_UNCONFIRMED|EXTERNAL_WEB_PHOTO|NO_USABLE_PHOTO",0,0,0,0,4
"suit-3pc|shoulder-structure|canvas|light-half-canvas","suit-3pc","Light Half Canvas",yes,"/images/supplier-bb/PROCE/D.jpg","drawing-unverified","DRAWING_UNCONFIRMED|EXTERNAL_WEB_PHOTO|NO_USABLE_PHOTO",0,0,0,0,10
"suit-3pc|shoulder-structure|canvas|half-canvas","suit-3pc","Regular Half Canvas",yes,"/images/supplier-bb/PROCE/B.jpg","drawing-unverified","DRAWING_UNCONFIRMED|EXTERNAL_WEB_PHOTO",0,1,0,0,10
"suit-3pc|shoulder-structure|canvas|full-canvas","suit-3pc","Full Canvas (Floating)",yes,"/images/blueprints/baoxiniao/jacket/PROCE/C.jpg","drawing-unverified","DRAWING_UNCONFIRMED|EXTERNAL_WEB_PHOTO|NO_USABLE_PHOTO",0,0,0,0,10
"suit-3pc|shoulder-structure|canvas|quarter-canvas","suit-3pc","Quarter Canvas",yes,"/images/blueprints/factory/83dbc62b46ef__00C3__Single_layer.jpg","drawing-unverified","DRAWING_UNCONFIRMED|EXTERNAL_WEB_PHOTO",0,1,0,0,10
"suit-3pc|shoulder-structure|shoulder-pad|pad-none","suit-3pc","No Padding",yes,"/images/blueprints/factory/d45437530f73__060J__No_pad.jpg","drawing-unverified","DRAWING_UNCONFIRMED|EXTERNAL_WEB_PHOTO",0,1,0,0,10
"suit-3pc|shoulder-structure|shoulder-pad|pad-01","suit-3pc","+0.1 cm (Both Sides)",yes,"/images/blueprints/factory/9fd6de75414f__060K__Regular.jpg","drawing-unverified","DRAWING_UNCONFIRMED|EXTERNAL_WEB_PHOTO|SHARED_DRAWING",0,1,0,0,2
"suit-3pc|shoulder-structure|shoulder-pad|pad-03","suit-3pc","+0.3 cm (Both Sides)",yes,"/images/blueprints/factory/9fd6de75414f__060K__Regular.jpg","drawing-unverified","DRAWING_UNCONFIRMED|EXTERNAL_WEB_PHOTO|SHARED_DRAWING",0,1,0,0,2
"suit-3pc|shoulder-structure|shoulder-pad|pad-05-soft","suit-3pc","+0.5 cm Soft (Both Sides)",yes,"/images/blueprints/factory/9fd6de75414f__060K__Regular.jpg","drawing-unverified","DRAWING_UNCONFIRMED|EXTERNAL_WEB_PHOTO|SHARED_DRAWING",0,1,0,0,4
"suit-3pc|shoulder-structure|shoulder-pad|pad-05-structured","suit-3pc","+0.5 cm Structured (Both Sides)",yes,"/images/blueprints/factory/9fd6de75414f__060K__Regular.jpg","drawing-unverified","DRAWING_UNCONFIRMED|EXTERNAL_WEB_PHOTO|SHARED_DRAWING",0,1,0,0,6
"suit-3pc|lapel|lapel-style|lapel-notch-45","suit-3pc","Notch 45° (Semi-notch)",yes,"/images/blueprints/supplier/035d927f1c4f__0003__Semi-notch.jpg","drawing-unverified","DRAWING_UNCONFIRMED|EXTERNAL_WEB_PHOTO",0,3,0,0,10
"suit-3pc|lapel|lapel-style|lapel-notch-50","suit-3pc","Notch 50° (BC)",yes,"/images/blueprints/baoxiniao/jacket/REQCL/BI.jpg","drawing-unverified","DRAWING_UNCONFIRMED|EXTERNAL_WEB_PHOTO",0,3,0,0,4
"suit-3pc|lapel|lapel-style|lapel-notch-55","suit-3pc","Notch 55°",yes,"/images/blueprints/supplier/a8b481235ced__0001__Notch.jpg","drawing-unverified","DRAWING_UNCONFIRMED|EXTERNAL_WEB_PHOTO",0,3,0,0,2
"suit-3pc|lapel|lapel-style|lapel-notch-65","suit-3pc","Notch 65°",yes,"/images/blueprints/baoxiniao/jacket/REQCL/31.jpg","drawing-unverified","DRAWING_UNCONFIRMED",0,3,0,0,0
"suit-3pc|lapel|lapel-style|lapel-notch-68","suit-3pc","Notch 68° (Curved Gorge)",yes,"/images/blueprints/factory/877a05ce586e__0689__Notch_with_high_gorge.jpg","drawing-unverified","DRAWING_UNCONFIRMED|EXTERNAL_WEB_PHOTO|HAS_OWNER_REFS",0,3,0,1,10
"suit-3pc|lapel|lapel-style|lapel-notch-73","suit-3pc","Straight Notch 73°",yes,"/images/blueprints/baoxiniao/jacket/REQCL/BG.jpg","drawing-unverified","DRAWING_UNCONFIRMED|EXTERNAL_WEB_PHOTO|HAS_OWNER_REFS",0,3,0,1,6
"suit-3pc|lapel|lapel-style|lapel-notch-tab","suit-3pc","Notch + Pointed Tab",yes,"/images/blueprints/baoxiniao/jacket/REQCL/26.jpg","drawing-unverified","DRAWING_UNCONFIRMED|EXTERNAL_WEB_PHOTO",0,4,0,0,10
"suit-3pc|lapel|lapel-style|lapel-notch-tab-basic","suit-3pc","Notch + Basic Tab",yes,"/images/blueprints/baoxiniao/jacket/REQCL/13.jpg","drawing-unverified","DRAWING_UNCONFIRMED",0,2,0,0,0
"suit-3pc|lapel|lapel-style|lapel-peak-99","suit-3pc","Peak 99°",yes,"/images/blueprints/baoxiniao/jacket/REQCL/21.jpg","drawing-unverified","DRAWING_UNCONFIRMED|EXTERNAL_WEB_PHOTO|HAS_OWNER_REFS",0,3,0,1,6
"suit-3pc|lapel|lapel-style|lapel-peak-101","suit-3pc","Peak 101°",yes,"","missing","DRAWING_IS_PHOTO|NO_DRAWING|EXTERNAL_WEB_PHOTO|HAS_OWNER_REFS",0,3,0,1,6
"suit-3pc|lapel|lapel-style|lapel-peak-102","suit-3pc","Peak 102°",yes,"/images/blueprints/baoxiniao/jacket/REQCL/22.jpg","drawing-unverified","DRAWING_UNCONFIRMED|EXTERNAL_WEB_PHOTO|HAS_OWNER_REFS",0,3,0,1,4
"suit-3pc|lapel|lapel-style|lapel-peak-102-rl","suit-3pc","Peak 102° RL",yes,"/images/blueprints/baoxiniao/jacket/REQCL/BJ.jpg","drawing-unverified","DRAWING_UNCONFIRMED|EXTERNAL_WEB_PHOTO|HAS_OWNER_REFS",0,3,0,2,2
"suit-3pc|lapel|lapel-style|lapel-peak-103-curved","suit-3pc","Curved Peak 103°",yes,"/images/blueprints/baoxiniao/jacket/REQCL/23.jpg","drawing-unverified","DRAWING_UNCONFIRMED|EXTERNAL_WEB_PHOTO|HAS_OWNER_REFS",0,3,0,1,2
"suit-3pc|lapel|lapel-style|lapel-peak-105","suit-3pc","Peak 105°",yes,"/images/blueprints/supplier/ec013dda688e__0002__Peak.jpg","drawing-unverified","DRAWING_UNCONFIRMED|HAS_OWNER_REFS",0,3,0,1,0
"suit-3pc|lapel|lapel-style|lapel-peak-107","suit-3pc","Peak 107° (Normal Curve)",yes,"/images/blueprints/baoxiniao/jacket/REQCL/20.jpg","drawing-unverified","DRAWING_UNCONFIRMED|EXTERNAL_WEB_PHOTO|HAS_OWNER_REFS",0,3,0,1,4
"suit-3pc|lapel|lapel-style|lapel-peak-108","suit-3pc","Straight Peak 108°",yes,"/images/blueprints/baoxiniao/jacket/REQCL/19.jpg","drawing-unverified","DRAWING_UNCONFIRMED|EXTERNAL_WEB_PHOTO|HAS_OWNER_REFS",0,3,0,1,2
"suit-3pc|lapel|lapel-style|lapel-peak-110","suit-3pc","Peak 110°",yes,"/images/blueprints/baoxiniao/jacket/REQCL/15.jpg","drawing-unverified","DRAWING_UNCONFIRMED|HAS_OWNER_REFS",0,3,0,1,0
"suit-3pc|lapel|lapel-style|lapel-peak-110-low","suit-3pc","Low Peak 110°",yes,"/images/blueprints/baoxiniao/jacket/REQCL/17.jpg","drawing-unverified","DRAWING_UNCONFIRMED|HAS_OWNER_REFS",0,3,0,1,0
"suit-3pc|lapel|lapel-style|lapel-peak-114","suit-3pc","Peak 114° (Semi-peak)",yes,"/images/blueprints/supplier/e914d0a71607__0004__Semi-peak.jpg","drawing-unverified","DRAWING_UNCONFIRMED|EXTERNAL_WEB_PHOTO|HAS_OWNER_REFS",0,3,0,1,8
"suit-3pc|lapel|lapel-style|lapel-peak-115","suit-3pc","Peak 115°",yes,"/images/blueprints/baoxiniao/jacket/REQCL/12.jpg","drawing-unverified","DRAWING_UNCONFIRMED|EXTERNAL_WEB_PHOTO|HAS_OWNER_REFS",0,3,0,2,8
"suit-3pc|lapel|lapel-style|lapel-peak-120-curved","suit-3pc","Curved Peak 120°",yes,"/images/blueprints/baoxiniao/jacket/REQCL/AD.jpg","drawing-unverified","DRAWING_UNCONFIRMED|HAS_OWNER_REFS",0,5,0,1,0
"suit-3pc|lapel|lapel-style|lapel-shawl","suit-3pc","Shawl Lapel",yes,"/images/blueprints/baoxiniao/jacket/REQCL/D.jpg","drawing-unverified","DRAWING_UNCONFIRMED|EXTERNAL_WEB_PHOTO|HAS_OWNER_REFS",0,2,0,1,6
"suit-3pc|lapel|lapel-style|lapel-shawl-d","suit-3pc","D-Shawl Lapel",yes,"/images/blueprints/baoxiniao/jacket/REQCL/24.jpg","drawing-unverified","DRAWING_UNCONFIRMED|HAS_OWNER_REFS",0,2,0,1,0
"suit-3pc|lapel|lapel-style|lapel-shawl-0a","suit-3pc","Shawl 0A",yes,"/images/blueprints/supplier/d3b9f523a49d__090A__A_shawl.jpg","drawing-unverified","DRAWING_UNCONFIRMED|EXTERNAL_WEB_PHOTO|HAS_OWNER_REFS",0,3,0,1,6
"suit-3pc|lapel|lapel-style|lapel-shawl-0e","suit-3pc","Shawl 0E",yes,"/images/blueprints/supplier/41b79662304b__090E__E_shawl.png","drawing-unverified","DRAWING_UNCONFIRMED|EXTERNAL_WEB_PHOTO",0,3,0,0,6
"suit-3pc|lapel|lapel-style|lapel-shawl-0005","suit-3pc","Shawl 0005",yes,"/images/blueprints/supplier/9345e8ee9d9a__0005__Shawl.jpg","drawing-unverified","DRAWING_UNCONFIRMED|EXTERNAL_WEB_PHOTO",0,3,0,0,8
"suit-3pc|lapel|lapel-style|lapel-shawl-asymmetric","suit-3pc","Asymmetric Shawl Collar",yes,"/images/blueprints/baoxiniao/jacket/REQCL/216.jpg","drawing-unverified","DRAWING_UNCONFIRMED|EXTERNAL_WEB_PHOTO|HAS_OWNER_REFS",0,2,0,1,10
"suit-3pc|lapel|lapel-style|lapel-peak-removable-shawl","suit-3pc","Peak + Removable Shawl",yes,"/images/lapel/lapel-peak-removable-shawl-c0da5bee-6fbe-4c1e-aed8-21f230f21126.png","drawing-unverified","DRAWING_UNCONFIRMED|EXTERNAL_WEB_PHOTO",0,1,0,0,6
"suit-3pc|lapel|lapel-style|lapel-notch-removable-shawl","suit-3pc","Notch + Removable Shawl",yes,"/images/lapel/lapel-notch-removable-shawl-989419bb-11e9-4688-b750-4c7ae20e6609.png","drawing-unverified","DRAWING_UNCONFIRMED|EXTERNAL_WEB_PHOTO",0,1,0,0,4
"suit-3pc|lapel|lapel-style|lapel-fishtail","suit-3pc","Italian Fishtail Lapel",yes,"/images/blueprints/supplier/9aca8479eb97__0006__Fish_mouth.jpg","drawing-unverified","DRAWING_UNCONFIRMED|EXTERNAL_WEB_PHOTO",0,3,0,0,10
"suit-3pc|lapel|lapel-width|lw-45","suit-3pc","4.5 cm",yes,"/images/blueprints/baoxiniao/jacket/KFABL/L.jpg","drawing-unverified","DRAWING_UNCONFIRMED",0,2,0,0,0
"suit-3pc|lapel|lapel-width|lw-50","suit-3pc","5.0 cm",yes,"/images/blueprints/baoxiniao/jacket/KFABL/A.jpg","drawing-unverified","DRAWING_UNCONFIRMED",0,2,0,0,0
"suit-3pc|lapel|lapel-width|lw-55","suit-3pc","5.5 cm",yes,"/images/blueprints/baoxiniao/jacket/KFABL/B.jpg","drawing-unverified","DRAWING_UNCONFIRMED",0,2,0,0,0
"suit-3pc|lapel|lapel-width|lw-60","suit-3pc","6.0 cm",yes,"/images/blueprints/baoxiniao/jacket/KFABL/C.jpg","drawing-unverified","DRAWING_UNCONFIRMED",0,2,0,0,0
"suit-3pc|lapel|lapel-width|lw-65","suit-3pc","6.5 cm",yes,"/images/blueprints/baoxiniao/jacket/KFABL/O.jpg","drawing-unverified","DRAWING_UNCONFIRMED",0,2,0,0,0
"suit-3pc|lapel|lapel-width|lw-70","suit-3pc","7.0 cm",yes,"/images/blueprints/baoxiniao/jacket/KFABL/D.jpg","drawing-unverified","DRAWING_UNCONFIRMED",0,2,0,0,0
"suit-3pc|lapel|lapel-width|lw-75","suit-3pc","7.5 cm",yes,"/images/blueprints/baoxiniao/jacket/KFABL/P.jpg","drawing-unverified","DRAWING_UNCONFIRMED",0,2,0,0,0
"suit-3pc|lapel|lapel-width|lw-80","suit-3pc","8.0 cm",yes,"/images/blueprints/baoxiniao/jacket/KFABL/E.jpg","drawing-unverified","DRAWING_UNCONFIRMED",0,2,0,0,0
"suit-3pc|lapel|lapel-width|lw-85","suit-3pc","8.5 cm",yes,"/images/blueprints/baoxiniao/jacket/KFABL/Q.jpg","drawing-unverified","DRAWING_UNCONFIRMED",0,2,0,0,0
"suit-3pc|lapel|lapel-width|lw-90","suit-3pc","9.0 cm",yes,"/images/blueprints/baoxiniao/jacket/KFABL/F.jpg","drawing-unverified","DRAWING_UNCONFIRMED",0,2,0,0,0
"suit-3pc|lapel|lapel-width|lw-95","suit-3pc","9.5 cm",yes,"/images/blueprints/baoxiniao/jacket/KFABL/S.jpg","drawing-unverified","DRAWING_UNCONFIRMED",0,2,0,0,0
"suit-3pc|lapel|lapel-width|lw-100","suit-3pc","10.0 cm",yes,"/images/blueprints/baoxiniao/jacket/KFABL/M.jpg","drawing-unverified","DRAWING_UNCONFIRMED",0,2,0,0,0
"suit-3pc|lapel|lapel-width|lw-105","suit-3pc","10.5 cm",yes,"/images/blueprints/baoxiniao/jacket/KFABL/R.jpg","drawing-unverified","DRAWING_UNCONFIRMED",0,2,0,0,0
"suit-3pc|lapel|lapel-width|lw-110","suit-3pc","11.0 cm",yes,"/images/blueprints/baoxiniao/jacket/KFABL/1.jpg","drawing-unverified","DRAWING_UNCONFIRMED",0,2,0,0,0
"suit-3pc|lapel|lapel-width|lw-115","suit-3pc","11.5 cm",yes,"/images/blueprints/baoxiniao/jacket/KFABL/218.jpg","drawing-unverified","DRAWING_UNCONFIRMED",0,2,0,0,0
"suit-3pc|lapel|lapel-width|lw-120","suit-3pc","12.0 cm",yes,"/images/blueprints/baoxiniao/jacket/KFABL/219.jpg","drawing-unverified","DRAWING_UNCONFIRMED",0,2,0,0,0
"suit-3pc|lapel|lapel-width|lw-125","suit-3pc","12.5 cm",yes,"/images/blueprints/baoxiniao/jacket/KFABL/221.jpg","drawing-unverified","DRAWING_UNCONFIRMED",0,2,0,0,0
"suit-3pc|lapel|lapel-bh-style|lbh-none","suit-3pc","None",yes,"/images/blueprints/baoxiniao/jacket/GTECH/A.jpg","drawing-unverified","DRAWING_UNCONFIRMED",0,1,0,0,0
"suit-3pc|lapel|lapel-bh-style|lbh-real","suit-3pc","Real (M)",yes,"/images/blueprints/baoxiniao/jacket/GTECH/B.jpg","drawing-unverified","DRAWING_UNCONFIRMED|NO_USABLE_PHOTO",0,0,0,0,0
"suit-3pc|lapel|lapel-bh-style|lbh-fake-round","suit-3pc","Fake round (M)",yes,"/images/blueprints/baoxiniao/jacket/GTECH/D.jpg","drawing-unverified","DRAWING_UNCONFIRMED|NO_USABLE_PHOTO",0,0,0,0,0
"suit-3pc|lapel|lapel-bh-style|lbh-fake-square","suit-3pc","Fake Square-end",yes,"/images/blueprints/baoxiniao/jacket/GTECH/C.jpg","drawing-unverified","DRAWING_UNCONFIRMED|NO_USABLE_PHOTO",0,0,0,0,0
"suit-3pc|lapel|lapel-bh-style|lbh-005-hand","suit-3pc","005 by hands",yes,"/images/blueprints/supplier/b851d6364229__064Q__Handmade_lapel_buttonhole.jpg","drawing-unverified","DRAWING_UNCONFIRMED",0,2,0,0,0
"suit-3pc|lapel|lapel-bh-style|lbh-006-hand","suit-3pc","006 by hands",yes,"/images/blueprints/supplier/d4719ac11935__035C__Handmade_bttnhole_with_knot_but_no_seal.png","drawing-unverified","DRAWING_UNCONFIRMED",0,2,0,0,0
"suit-3pc|lapel|lapel-bh-style|lbh-pinpoint","suit-3pc","Pinpoint(one color)",yes,"/images/blueprints/supplier/368d0bf51259__00ED__Handmade_straight_lapel_buttonhole.jpg","drawing-unverified","DRAWING_UNCONFIRMED",0,2,0,0,0
"suit-3pc|lapel|lapel-bh-style|lbh-017-hand","suit-3pc","017 by hands",yes,"/images/blueprints/supplier/27237af58b3c__00EC__Handmade_lapel_buttonhole_Round_head_lapel_buttonhole_.jpg","drawing-unverified","DRAWING_UNCONFIRMED",0,2,0,0,0
"suit-3pc|lapel|lapel-bh-style|lbh-smoking-pipe","suit-3pc","Smoking Pipe",yes,"/images/blueprints/supplier/52a51791a929__00EF__Barge_head_manual_keyhole_round_head_without_sealing_w.jpg","drawing-unverified","DRAWING_UNCONFIRMED",0,2,0,0,0
"suit-3pc|lapel|lapel-bh-style|lbh-lumi","suit-3pc","Lumi",yes,"/images/blueprints/supplier/54c5667bf68e__055F__Arc_upwards_Handmade_Only.jpg","drawing-unverified","DRAWING_UNCONFIRMED",0,2,0,0,0
"suit-3pc|lapel|lapel-bh-style|lbh-milanese-curved","suit-3pc","Curved Milanese(one color)",yes,"/images/blueprints/supplier/43375234ca09__06EG__Arc_slight_downwards_Handmade_Only.jpg","drawing-unverified","DRAWING_UNCONFIRMED",0,2,0,0,0
"suit-3pc|lapel|lapel-bh-style|lbh-milanese-20","suit-3pc","Milanese 2CM",yes,"/images/blueprints/supplier/0939eb8f539f__055U__Triple_color_arc_handmade_only_appoint_color_order_1-2.jpg","drawing-unverified","DRAWING_UNCONFIRMED",0,2,0,0,0
"suit-3pc|lapel|lapel-bh-style|lbh-milanese-23","suit-3pc","Milanese 2.3CM",yes,"/images/blueprints/supplier/299c65473f47__055J__Triple_color_arc_upwardswards_handmade_only_appoint_co.jpg","drawing-unverified","DRAWING_UNCONFIRMED",0,2,0,0,0
"suit-3pc|lapel|lapel-bh-style|lbh-milanese-25","suit-3pc","Milanese 2.5CM",yes,"/images/blueprints/supplier/f229e25092e8__06EJ__Triple_color_arc_downwards_handmade_only_appoint_color.jpg","drawing-unverified","DRAWING_UNCONFIRMED",0,2,0,0,0
"suit-3pc|lapel|lapel-bh-style|lbh-arc-double","suit-3pc","Arc Double-Color",yes,"/images/blueprints/supplier/cb00502491f7__055H__Double_color_arc_Handmade_only_appoint_color_order_1-3.jpg","drawing-unverified","DRAWING_UNCONFIRMED",0,2,0,0,0
"suit-3pc|lapel|lapel-bh-style|lbh-rome-18","suit-3pc","Triple-Color Straight",yes,"/images/blueprints/supplier/be4eecb2eeff__055V__Triple_color_straight_handmade_only_appoint_color_orde.jpg","drawing-unverified","DRAWING_UNCONFIRMED",0,2,0,0,0
"suit-3pc|lapel|lapel-bh-style|lbh-rome-18m","suit-3pc","Rome 1.8CM (M)",yes,"/images/blueprints/baoxiniao/jacket/GTECH/7.jpg","drawing-unverified","DRAWING_UNCONFIRMED",0,2,0,0,0
"suit-3pc|lapel|lapel-bh-style|lbh-rome-23m","suit-3pc","Rome 2.3CM (M)",yes,"/images/blueprints/baoxiniao/jacket/GTECH/4.jpg","drawing-unverified","DRAWING_UNCONFIRMED",0,2,0,0,0
"suit-3pc|lapel|lapel-bh-style|lbh-008-hand","suit-3pc","008 by hand",yes,"/images/blueprints/baoxiniao/jacket/GTECH/34.jpg","drawing-unverified","DRAWING_UNCONFIRMED",0,2,0,0,0
"suit-3pc|lapel|lapel-bh-style|lbh-no1-dc-straight","suit-3pc","No.1 Double-Color Straight",yes,"/images/blueprints/supplier/e346a69313a8__055R__No.1_Double_color_handmade_straight_lapel_buttonhole_H.jpg","drawing-unverified","DRAWING_UNCONFIRMED",0,3,0,0,0
"suit-3pc|lapel|lapel-bh-style|lbh-no1-dc-half","suit-3pc","No.1 ½ Double-Color Straight",yes,"","missing","NO_DRAWING",0,2,0,0,0
"suit-3pc|lapel|lapel-bh-style|lbh-no1-tc-arc","suit-3pc","No.1 Triple-Color Arc",yes,"/images/blueprints/supplier/a1cc16870a6b__055Y__No.1_Triple_color_arc_lapel_buttonhole_Handmade_Only_a.jpg","drawing-unverified","DRAWING_UNCONFIRMED",0,3,0,0,0
"suit-3pc|lapel|lapel-bh-style|lbh-rome-round-h","suit-3pc","Roman Pie Round Head (Hand)",yes,"/images/blueprints/remote/9d4e8f89bffb__176343656456196.jpg","drawing-unverified","DRAWING_UNCONFIRMED",0,2,0,0,0
"suit-3pc|lapel|lapel-bh-style|lbh-rome-point-m","suit-3pc","Roman Pie Pointed (Manual)",yes,"/images/blueprints/remote/1c04488ca8c7__176343656451544.jpg","drawing-unverified","DRAWING_UNCONFIRMED",0,2,0,0,0
"suit-3pc|lapel|lapel-bh-style|lbh-undivided","suit-3pc","Undivided Attention",yes,"/images/blueprints/remote/e040c5d47a70__176343668889258.jpg","drawing-unverified","DRAWING_UNCONFIRMED",0,2,0,0,0
"suit-3pc|lapel|lapel-bh-style|lbh-glory-rays","suit-3pc","Glory Rays",yes,"/images/blueprints/remote/0328997b9427__176343668886623.jpg","drawing-unverified","DRAWING_UNCONFIRMED",0,2,0,0,0
"suit-3pc|lapel|lapel-bh-style|lbh-cloud","suit-3pc","Cloud",yes,"/images/blueprints/remote/d316bedda294__176343668880055.jpg","drawing-unverified","DRAWING_UNCONFIRMED",0,2,0,0,0
"suit-3pc|lapel|lapel-bh-style|lbh-victory","suit-3pc","The Light of Victory",yes,"/images/blueprints/remote/92e0463abf20__176343668894457.jpg","drawing-unverified","DRAWING_UNCONFIRMED",0,2,0,0,0
"suit-3pc|lapel|lapel-bh-style|lbh-wings","suit-3pc","Spread Your Wings",yes,"/images/blueprints/remote/db35a7d8f690__176343653133967.jpg","drawing-unverified","DRAWING_UNCONFIRMED",0,2,0,0,0
"suit-3pc|lapel|lapel-bh-style|lbh-rose-round","suit-3pc","Rose Round Shape",yes,"/images/blueprints/remote/a6f5f6c52bde__176343669707150.jpg","drawing-unverified","DRAWING_UNCONFIRMED",0,2,0,0,0
"suit-3pc|lapel|lapel-bh-style|lbh-rose-shaped","suit-3pc","Rose Shaped Round",yes,"/images/blueprints/remote/89b2b64caaaf__176343667388607.jpg","drawing-unverified","DRAWING_UNCONFIRMED",0,1,0,0,0
"suit-3pc|lapel|lapel-bh-style|lbh-vertical-flower","suit-3pc","Vertical Flower",yes,"/images/blueprints/remote/a183925329a0__176343666089199.jpg","drawing-unverified","DRAWING_UNCONFIRMED",0,2,0,0,0
"suit-3pc|lapel|lapel-bh-style|lbh-antler","suit-3pc","Antler Shape",yes,"/images/blueprints/remote/99750d83529c__176343656461112.jpg","drawing-unverified","DRAWING_UNCONFIRMED",0,2,0,0,0
"suit-3pc|lapel|lapel-bh-style|lbh-brilliance-2","suit-3pc","Add Brilliance (2-Color)",yes,"/images/blueprints/remote/436b65e6fa14__176343667399028.jpg","drawing-unverified","DRAWING_UNCONFIRMED",0,2,0,0,0
"suit-3pc|lapel|lapel-bh-style|lbh-bright-future","suit-3pc","Bright Future",yes,"/images/blueprints/remote/20f54a48fc5a__176343668892081.jpg","drawing-unverified","DRAWING_UNCONFIRMED",0,2,0,0,0
"suit-3pc|lapel|lapel-bh-style|lbh-rising-sun","suit-3pc","Rising Sun",yes,"/images/blueprints/remote/0e25fdd9d8ac__176343668883730.jpg","drawing-unverified","DRAWING_UNCONFIRMED",0,2,0,0,0
"suit-3pc|lapel|lapel-bh-style|lbh-musical-note","suit-3pc","Musical Note",yes,"/images/blueprints/remote/24d6dbc11ded__176474515675704.jpg","drawing-unverified","DRAWING_UNCONFIRMED",0,2,0,0,0
"suit-3pc|lapel|lapel-bh-style|lbh-brilliance-4","suit-3pc","Add Brilliance (4-Color)",yes,"/images/blueprints/remote/a7230fc9f3da__176343653141900.jpg","drawing-unverified","DRAWING_UNCONFIRMED",0,2,0,0,0
"suit-3pc|lapel|lapel-bh-style|lbh-grateful-heart","suit-3pc","Grateful Heart",yes,"/images/blueprints/remote/d0b30f2759b5__176343669704240.jpg","drawing-unverified","DRAWING_UNCONFIRMED",0,2,0,0,0
"suit-3pc|lapel|lapel-bh-style|lbh-dragon-horn","suit-3pc","Dragon Horn",yes,"/images/blueprints/remote/a91bdb322444__176343661938854.jpg","drawing-unverified","DRAWING_UNCONFIRMED",0,2,0,0,0
"suit-3pc|lapel|lapel-bh-style|lbh-brave-winds","suit-3pc","Brave Winds, Break Waves",yes,"/images/blueprints/remote/4dd971d81d42__176343661951216.jpg","drawing-unverified","DRAWING_UNCONFIRMED",0,2,0,0,0
"suit-3pc|lapel|lapel-bh-style|lbh-happiness","suit-3pc","Happiness & Prosperity",yes,"/images/blueprints/remote/c734c7a2656a__176343650968601.jpg","drawing-unverified","DRAWING_UNCONFIRMED",0,2,0,0,0
"suit-3pc|lapel|lapel-bh-style|lbh-work-as-one","suit-3pc","Work as One",yes,"/images/blueprints/remote/c991a31e00f2__176343650974514.jpg","drawing-unverified","DRAWING_UNCONFIRMED",0,2,0,0,0
"suit-3pc|lapel|lapel-bh-style|lbh-christmas-antler","suit-3pc","Christmas Antler",yes,"/images/blueprints/remote/db0544c0ddce__176343667396427.jpg","drawing-unverified","DRAWING_UNCONFIRMED",0,2,0,0,0
"suit-3pc|lapel|lapel-bh-style|lbh-angel","suit-3pc","Angel of Happiness",yes,"/images/blueprints/remote/2127690a601f__176344755957323.jpg","drawing-unverified","DRAWING_UNCONFIRMED",0,2,0,0,0
"suit-3pc|lapel|lapel-bh-style|lbh-open-minded","suit-3pc","Open-Minded & Inclusive",yes,"/images/blueprints/remote/ab745fd9cdc0__176344755936037.jpg","drawing-unverified","DRAWING_UNCONFIRMED",0,2,0,0,0
"suit-3pc|lapel|lapel-bh-style|lbh-heart-to-heart","suit-3pc","Heart to Heart",yes,"/images/blueprints/remote/d4fe8a2988a5__176343659515277.jpg","drawing-unverified","DRAWING_UNCONFIRMED",0,2,0,0,0
"suit-3pc|lapel|lapel-bh-style|lbh-2c-curved-barge","suit-3pc","2-Color Curved Barge Eye",yes,"/images/blueprints/remote/aade400dac52__176343650977368.jpg","drawing-unverified","DRAWING_UNCONFIRMED",0,2,0,0,0
"suit-3pc|lapel|lapel-bh-style|lbh-3c-curved-barge","suit-3pc","3-Color Curved Barge Eye",yes,"/images/blueprints/remote/6c9601646cde__176343650979935.jpg","drawing-unverified","DRAWING_UNCONFIRMED",0,2,0,0,0
"suit-3pc|lapel|lapel-bh-style|lbh-head-eye","suit-3pc","Handmade Head & Eye",yes,"/images/blueprints/remote/12e397cc0297__176343650982652.jpg","drawing-unverified","DRAWING_UNCONFIRMED",0,2,0,0,0
"suit-3pc|lapel|lapel-bh-style|lbh-dark-fragrance","suit-3pc","Dark Fragrance & Shadow",no,"/images/blueprints/remote/5bcde6559cb8__176343653144810.jpg","drawing-unverified","DRAWING_UNCONFIRMED",0,1,0,0,0
"suit-3pc|lapel|lapel-bh-style|lbh-drop-shape","suit-3pc","Drop Shape",no,"/images/blueprints/remote/6c6394e0a23b__176343656463556.jpg","drawing-unverified","DRAWING_UNCONFIRMED",0,1,0,0,0
"suit-3pc|lapel|lapel-bh-style|lbh-qingyun","suit-3pc","Qingyun Straight Up",yes,"/images/blueprints/remote/e42f2984bce0__176343656466195.jpg","drawing-unverified","DRAWING_UNCONFIRMED",0,2,0,0,0
"suit-3pc|lapel|lapel-bh-style|lbh-butt-eye","suit-3pc","Handmade Butt Eye",yes,"/images/blueprints/remote/9021c432cc38__176343659481498.jpg","drawing-unverified","DRAWING_UNCONFIRMED",0,2,0,0,0
"suit-3pc|lapel|lapel-bh-style|lbh-cow-air","suit-3pc","Cow Air to the Sky",yes,"/images/blueprints/remote/e11d49972d38__176343661931675.jpg","drawing-unverified","DRAWING_UNCONFIRMED",0,2,0,0,0
"suit-3pc|lapel|lapel-bh-style|lbh-water-drop","suit-3pc","Water Drop Butt Eye",yes,"/images/blueprints/remote/051abf203c29__176343656458701.jpg","drawing-unverified","DRAWING_UNCONFIRMED",0,2,0,0,0
"suit-3pc|lapel|lapel-bh-position|lbp-left","suit-3pc","Left Lapel",yes,"/images/blueprints/supplier/9e99ee8084ba__0541__Left_bttn_hole.jpg","drawing-unverified","DRAWING_UNCONFIRMED",0,1,0,0,0
"suit-3pc|lapel|lapel-bh-position|lbp-right","suit-3pc","Right Lapel",yes,"/images/blueprints/baoxiniao/jacket/GTECP/B.jpg","drawing-unverified","DRAWING_UNCONFIRMED|NO_USABLE_PHOTO",0,0,0,0,0
"suit-3pc|lapel|lapel-bh-position|lbp-left-double","suit-3pc","Left Double",yes,"/images/blueprints/supplier/fd7769c12fc9__0545__Double_left_bttn_hole.jpg","drawing-unverified","DRAWING_UNCONFIRMED",1,1,0,0,0
"suit-3pc|lapel|lapel-bh-position|lbp-both","suit-3pc","Both Sides",yes,"/images/blueprints/supplier/68b420f69832__0543__Right_Left_bttn_hole.jpg","drawing-unverified","DRAWING_UNCONFIRMED",0,1,0,0,0
"suit-3pc|lapel|lapel-bh-position|lbp-both-double","suit-3pc","Each Side Double",yes,"/images/supplier-bb/GTECP/E.jpg","drawing-unverified","DRAWING_UNCONFIRMED",0,1,0,0,0
"suit-3pc|lapel|lapel-bh-position|lbp-3l-2r","suit-3pc","Three Left / Two Right",yes,"/images/blueprints/supplier/b92433d52b1a__0549__Left_three_right_two.png","verified-match","",0,1,0,0,0
"suit-3pc|lapel|lapel-bh-position|lbp-3l-1r","suit-3pc","Three Left / One Right",yes,"/images/blueprints/supplier/9ccd5722c833__054Y__3_left_bttn_hole_1_right_bttn_hole.jpg","drawing-unverified","DRAWING_UNCONFIRMED",0,1,0,0,0
"suit-3pc|lapel|collar-felt|felt-matching","suit-3pc","Matching to Fabric",yes,"/images/blueprints/factory/5bd354dec911__0671__Matched_fabric_color.jpg","drawing-unverified","DRAWING_UNCONFIRMED|SHARED_DRAWING",0,1,0,0,0
"suit-3pc|lapel|collar-felt|felt-self","suit-3pc","Same as Self-fabric",yes,"/images/blueprints/factory/debfdcd7d9ad__0673__Same_fabric.jpg","drawing-unverified","DRAWING_UNCONFIRMED",0,1,0,0,0
"suit-3pc|lapel|collar-felt|felt-custom","suit-3pc","Specify Code at Order",yes,"/images/blueprints/factory/5bd354dec911__0671__Matched_fabric_color.jpg","drawing-unverified","DRAWING_UNCONFIRMED|SHARED_DRAWING",0,1,0,0,0
"suit-3pc|lapel|collar-interlining|ci-regular","suit-3pc","Regular (with Linen)",yes,"/images/blueprints/baoxiniao/jacket/GTEDC/A.jpg","drawing-unverified","DRAWING_UNCONFIRMED|NO_USABLE_PHOTO",0,0,0,0,0
"suit-3pc|lapel|collar-interlining|ci-no-linen","suit-3pc","No Linen",yes,"/images/blueprints/baoxiniao/jacket/GTEDC/NFC00054.jpg","drawing-unverified","DRAWING_UNCONFIRMED|NO_USABLE_PHOTO",0,0,0,0,0
"suit-3pc|lapel|folded-collar-craft|fcc-normal","suit-3pc","Normal",yes,"/images/blueprints/baoxiniao/jacket/KALTP/A.jpg","drawing-unverified","DRAWING_UNCONFIRMED|NO_USABLE_PHOTO",0,0,0,0,0
"suit-3pc|lapel|folded-collar-craft|fcc-turnback","suit-3pc","Turn Back at the End",yes,"/images/blueprints/baoxiniao/jacket/KALTP/B.jpg","drawing-unverified","DRAWING_UNCONFIRMED|NO_USABLE_PHOTO",0,0,0,0,0
"suit-3pc|suit-pockets|chest-pocket|cp-none","suit-3pc","None",yes,"/images/blueprints/baoxiniao/jacket/REQPU/H.jpg","drawing-unverified","DRAWING_UNCONFIRMED|EXTERNAL_WEB_PHOTO|NO_USABLE_PHOTO",0,0,0,0,10
"suit-3pc|suit-pockets|chest-pocket|cp-welt-23","suit-3pc","Straight Welt 2.3 cm",yes,"/images/blueprints/baoxiniao/jacket/REQPU/A.jpg","drawing-unverified","DRAWING_UNCONFIRMED|EXTERNAL_WEB_PHOTO|HAS_OWNER_REFS",0,3,0,1,10
"suit-3pc|suit-pockets|chest-pocket|cp-welt-25","suit-3pc","Straight Welt 2.5 cm",yes,"/images/blueprints/baoxiniao/jacket/REQPU/B.jpg","drawing-unverified","DRAWING_UNCONFIRMED|EXTERNAL_WEB_PHOTO",0,3,0,0,2
"suit-3pc|suit-pockets|chest-pocket|cp-welt-27","suit-3pc","Straight Welt 2.7 cm",yes,"/images/blueprints/baoxiniao/jacket/REQPU/C.jpg","drawing-unverified","DRAWING_UNCONFIRMED|HAS_OWNER_REFS",0,3,0,3,0
"suit-3pc|suit-pockets|chest-pocket|cp-welt-curved-23","suit-3pc","Curved Welt 2.3 cm",yes,"/images/blueprints/baoxiniao/jacket/REQPU/D.jpg","drawing-unverified","DRAWING_UNCONFIRMED",0,3,0,0,0
"suit-3pc|suit-pockets|chest-pocket|cp-welt-curved-25","suit-3pc","Curved Welt 2.5 cm",yes,"/images/blueprints/baoxiniao/jacket/REQPU/E.jpg","drawing-unverified","DRAWING_UNCONFIRMED",0,3,0,0,0
"suit-3pc|suit-pockets|chest-pocket|cp-welt-curved-27","suit-3pc","Curved Welt 2.7 cm",yes,"/images/blueprints/baoxiniao/jacket/REQPU/F.jpg","drawing-unverified","DRAWING_UNCONFIRMED",0,3,0,0,0
"suit-3pc|suit-pockets|chest-pocket|cp-welt-curved-29","suit-3pc","Curved Welt 2.9 cm",yes,"/images/blueprints/baoxiniao/jacket/REQPU/J.jpg","drawing-unverified","DRAWING_UNCONFIRMED",0,3,0,0,0
"suit-3pc|suit-pockets|chest-pocket|cp-jetted","suit-3pc","Jetted Chest Pocket",no,"/images/blueprints/supplier/96a644fd3df9__0110__Besom.jpg","drawing-unverified","DRAWING_UNCONFIRMED",0,3,0,0,0
"suit-3pc|suit-pockets|chest-pocket|cp-patch","suit-3pc","Patch Pocket",yes,"/images/blueprints/supplier/05a23ba11482__0150__Patch.jpg","drawing-unverified","DRAWING_UNCONFIRMED|EXTERNAL_WEB_PHOTO",0,3,0,0,4
"suit-3pc|suit-pockets|chest-pocket|cp-patch-round","suit-3pc","Round Patch",yes,"/images/blueprints/baoxiniao/jacket/REQPU/HXD.jpg","drawing-unverified","DRAWING_UNCONFIRMED|EXTERNAL_WEB_PHOTO|NO_USABLE_PHOTO",0,0,0,0,10
"suit-3pc|suit-pockets|chest-pocket|cp-patch-tulip","suit-3pc","Tulip Shape Patch",yes,"/images/blueprints/baoxiniao/jacket/REQPU/233.jpg","drawing-unverified","DRAWING_UNCONFIRMED|NO_USABLE_PHOTO",0,0,0,0,0
"suit-3pc|suit-pockets|chest-pocket|cp-patch-angled","suit-3pc","Angled Box Pleat Patch",yes,"/images/blueprints/baoxiniao/jacket/REQPU/BE.jpg","drawing-unverified","DRAWING_UNCONFIRMED|EXTERNAL_WEB_PHOTO",0,2,0,0,2
"suit-3pc|suit-pockets|chest-pocket|cp-patch-multi","suit-3pc","Multi-Pleated Patch",yes,"/images/blueprints/baoxiniao/jacket/REQPU/C1.jpg","drawing-unverified","DRAWING_UNCONFIRMED",0,2,0,0,0
"suit-3pc|suit-pockets|chest-pocket|cp-boat-28","suit-3pc","Boat-shaped 2.8 cm",yes,"/images/blueprints/baoxiniao/jacket/REQPU/238.jpg","drawing-unverified","DRAWING_UNCONFIRMED|EXTERNAL_WEB_PHOTO",0,3,0,0,2
"suit-3pc|suit-pockets|chest-pocket|cp-boat-30","suit-3pc","Boat-shaped 3.0 cm",yes,"/images/blueprints/baoxiniao/jacket/REQPU/237.jpg","drawing-unverified","DRAWING_UNCONFIRMED|EXTERNAL_WEB_PHOTO|HAS_OWNER_REFS",0,3,0,3,4
"suit-3pc|suit-pockets|chest-pocket|cp-trapezoid","suit-3pc","Trapezoid Pocket",yes,"/images/blueprints/supplier/9dc885487d07__00J2__Trapezoid.jpg","drawing-unverified","DRAWING_UNCONFIRMED|EXTERNAL_WEB_PHOTO",0,3,0,0,4
"suit-3pc|suit-pockets|chest-pocket|cp-inverted-pleat-2flap","suit-3pc","Two Inverted Pleated + Flaps",yes,"/images/blueprints/baoxiniao/jacket/REQPU/234.jpg","drawing-unverified","DRAWING_UNCONFIRMED",0,2,0,0,0
"suit-3pc|suit-pockets|chest-pocket|cp-inverted-pleat-flap","suit-3pc","Inverted Pleated + Flap",yes,"/images/blueprints/baoxiniao/jacket/REQPU/235.jpg","drawing-unverified","DRAWING_UNCONFIRMED|EXTERNAL_WEB_PHOTO",0,2,0,0,4
"suit-3pc|suit-pockets|lower-pocket|lp-slanted-flap-40","suit-3pc","Slanted Flap 4.0 cm",yes,"/images/blueprints/baoxiniao/jacket/REQPD/G.jpg","drawing-unverified","DRAWING_UNCONFIRMED|EXTERNAL_WEB_PHOTO",0,3,0,0,10
"suit-3pc|suit-pockets|lower-pocket|lp-slanted-flap-45","suit-3pc","Slanted Flap 4.5 cm",yes,"/images/blueprints/baoxiniao/jacket/REQPD/H.jpg","drawing-unverified","DRAWING_UNCONFIRMED|EXTERNAL_WEB_PHOTO",0,3,0,0,10
"suit-3pc|suit-pockets|lower-pocket|lp-slanted-flap-50","suit-3pc","Slanted Flap 5.0 cm",yes,"/images/blueprints/baoxiniao/jacket/REQPD/I.jpg","drawing-unverified","DRAWING_UNCONFIRMED|EXTERNAL_WEB_PHOTO",0,3,0,0,10
"suit-3pc|suit-pockets|lower-pocket|lp-slanted-flap-55","suit-3pc","Slanted Flap 5.5 cm",yes,"/images/blueprints/supplier/b795127dc02f__02A1__Regular_slanted.jpg","verified-match","EXTERNAL_WEB_PHOTO",0,2,0,0,10
"suit-3pc|suit-pockets|lower-pocket|lp-slanted-flap-60","suit-3pc","Slanted Flap 6.0 cm",yes,"/images/blueprints/baoxiniao/jacket/REQPD/10.jpg","drawing-unverified","DRAWING_UNCONFIRMED|EXTERNAL_WEB_PHOTO",0,3,0,0,10
"suit-3pc|suit-pockets|lower-pocket|lp-slanted-flap-65","suit-3pc","Slanted Flap 6.5 cm",yes,"/images/blueprints/baoxiniao/jacket/REQPD/23.jpg","drawing-unverified","DRAWING_UNCONFIRMED|EXTERNAL_WEB_PHOTO",0,3,0,0,6
"suit-3pc|suit-pockets|lower-pocket|lp-large-slanted-40","suit-3pc","Large Slanted Flap 4.0 cm",yes,"/images/blueprints/baoxiniao/jacket/REQPD/O.jpg","drawing-unverified","DRAWING_UNCONFIRMED|EXTERNAL_WEB_PHOTO",0,2,0,0,10
"suit-3pc|suit-pockets|lower-pocket|lp-large-slanted-45","suit-3pc","Large Slanted Flap 4.5 cm",yes,"/images/blueprints/baoxiniao/jacket/REQPD/Q.jpg","drawing-unverified","DRAWING_UNCONFIRMED|EXTERNAL_WEB_PHOTO",0,2,0,0,10
"suit-3pc|suit-pockets|lower-pocket|lp-large-slanted-50","suit-3pc","Large Slanted Flap 5.0 cm",yes,"/images/blueprints/baoxiniao/jacket/REQPD/R.jpg","drawing-unverified","DRAWING_UNCONFIRMED|EXTERNAL_WEB_PHOTO",0,2,0,0,10
"suit-3pc|suit-pockets|lower-pocket|lp-large-slanted-55","suit-3pc","Large Slanted Flap 5.5 cm",yes,"/images/blueprints/baoxiniao/jacket/REQPD/13.jpg","drawing-unverified","DRAWING_UNCONFIRMED|EXTERNAL_WEB_PHOTO",0,2,0,0,10
"suit-3pc|suit-pockets|lower-pocket|lp-large-slanted-60","suit-3pc","Large Slanted Flap 6.0 cm",yes,"/images/blueprints/baoxiniao/jacket/REQPD/14.jpg","drawing-unverified","DRAWING_UNCONFIRMED|EXTERNAL_WEB_PHOTO",0,2,0,0,10
"suit-3pc|suit-pockets|lower-pocket|lp-large-slanted-65","suit-3pc","Large Slanted Flap 6.5 cm",yes,"/images/blueprints/baoxiniao/jacket/REQPD/24.jpg","drawing-unverified","DRAWING_UNCONFIRMED|EXTERNAL_WEB_PHOTO",0,2,0,0,10
"suit-3pc|suit-pockets|lower-pocket|lp-straight-jetted-40","suit-3pc","Straight Jetted Flap 4.0 cm",yes,"/images/blueprints/baoxiniao/jacket/REQPD/A.jpg","drawing-unverified","DRAWING_UNCONFIRMED|EXTERNAL_WEB_PHOTO",0,3,0,0,10
"suit-3pc|suit-pockets|lower-pocket|lp-straight-jetted-45","suit-3pc","Straight Jetted Flap 4.5 cm",yes,"/images/blueprints/baoxiniao/jacket/REQPD/B.jpg","drawing-unverified","DRAWING_UNCONFIRMED",0,3,0,0,0
"suit-3pc|suit-pockets|lower-pocket|lp-straight-jetted-50","suit-3pc","Straight Jetted Flap 5.0 cm",yes,"/images/blueprints/baoxiniao/jacket/REQPD/C.jpg","drawing-unverified","DRAWING_UNCONFIRMED",0,2,0,0,0
"suit-3pc|suit-pockets|lower-pocket|lp-straight-jetted-55","suit-3pc","Straight Jetted Flap 5.5 cm",yes,"/images/blueprints/baoxiniao/jacket/REQPD/11.jpg","drawing-unverified","DRAWING_UNCONFIRMED",0,3,0,0,0
"suit-3pc|suit-pockets|lower-pocket|lp-straight-jetted-60","suit-3pc","Straight Jetted Flap 6.0 cm",yes,"/images/blueprints/baoxiniao/jacket/REQPD/12.jpg","drawing-unverified","DRAWING_UNCONFIRMED|EXTERNAL_WEB_PHOTO",0,2,0,0,4
"suit-3pc|suit-pockets|lower-pocket|lp-straight-jetted-65","suit-3pc","Straight Jetted Flap 6.5 cm",yes,"/images/blueprints/baoxiniao/jacket/REQPD/22.jpg","drawing-unverified","DRAWING_UNCONFIRMED|EXTERNAL_WEB_PHOTO",0,3,0,0,8
"suit-3pc|suit-pockets|lower-pocket|lp-jetted-4","suit-3pc","Straight Jetted Pocket 4 cm",yes,"/images/blueprints/supplier/f97bc3d4910c__0231__Besom.jpg","verified-match","EXTERNAL_WEB_PHOTO",0,3,0,0,6
"suit-3pc|suit-pockets|lower-pocket|lp-straight-jetted","suit-3pc","Straight Jetted Pocket",yes,"/images/blueprints/baoxiniao/jacket/REQPD/D.jpg","drawing-unverified","DRAWING_UNCONFIRMED",0,9,0,0,0
"suit-3pc|suit-pockets|lower-pocket|lp-slanted-jetted","suit-3pc","Slanted Jetted Pocket",yes,"/images/blueprints/baoxiniao/jacket/REQPD/J.jpg","drawing-unverified","DRAWING_UNCONFIRMED",0,2,0,0,0
"suit-3pc|suit-pockets|lower-pocket|lp-large-slanted-jetted","suit-3pc","Large Slanted Jetted Pocket",yes,"/images/blueprints/baoxiniao/jacket/REQPD/S.jpg","drawing-unverified","DRAWING_UNCONFIRMED|EXTERNAL_WEB_PHOTO",0,2,0,0,2
"suit-3pc|suit-pockets|lower-pocket|lp-welt-10","suit-3pc","Welt Pocket 1.0 cm",yes,"","missing","NO_DRAWING",0,2,0,0,0
"suit-3pc|suit-pockets|lower-pocket|lp-welt-12","suit-3pc","Welt Pocket 1.2 cm",yes,"","missing","NO_DRAWING",0,2,0,0,0
"suit-3pc|suit-pockets|lower-pocket|lp-welt-15","suit-3pc","Welt Pocket 1.5 cm",yes,"","missing","NO_DRAWING",0,2,0,0,0
"suit-3pc|suit-pockets|lower-pocket|lp-rl-flat-55","suit-3pc","RL Flat Dress Pocket 5.5 cm",yes,"/images/blueprints/baoxiniao/jacket/REQPD/SA.jpg","drawing-unverified","DRAWING_UNCONFIRMED",0,2,0,0,0
"suit-3pc|suit-pockets|lower-pocket|lp-patch","suit-3pc","Patch Pocket",yes,"/images/blueprints/supplier/59c3e6007dd6__02J1__Patch.jpg","drawing-unverified","DRAWING_UNCONFIRMED|EXTERNAL_WEB_PHOTO",0,3,0,0,8
"suit-3pc|suit-pockets|lower-pocket|lp-patch-rounded","suit-3pc","Rounded Patch",yes,"/images/blueprints/supplier/a8da948466fd__02K0__Curved_patch.jpg","drawing-unverified","DRAWING_UNCONFIRMED|EXTERNAL_WEB_PHOTO",0,3,0,0,10
"suit-3pc|suit-pockets|lower-pocket|lp-patch-flap","suit-3pc","Patch with Basic Flap",yes,"/images/blueprints/supplier/dedd5aef23db__02L2__Patch_with_flap.jpg","drawing-unverified","DRAWING_UNCONFIRMED|EXTERNAL_WEB_PHOTO",0,3,0,0,10
"suit-3pc|suit-pockets|lower-pocket|lp-patch-flap-btn","suit-3pc","Patch with Flap & Button",yes,"/images/blueprints/baoxiniao/jacket/REQPD/237.jpg","drawing-unverified","DRAWING_UNCONFIRMED",0,2,0,0,0
"suit-3pc|suit-pockets|lower-pocket|lp-patch-btn-tab-round","suit-3pc","Patch + Rounded Button Tab",yes,"/images/blueprints/baoxiniao/jacket/REQPD/7.jpg","drawing-unverified","DRAWING_UNCONFIRMED",0,2,0,0,0
"suit-3pc|suit-pockets|lower-pocket|lp-patch-btn-tab-straight","suit-3pc","Patch + Straight Button Tab",yes,"/images/blueprints/baoxiniao/jacket/REQPD/6.jpg","drawing-unverified","DRAWING_UNCONFIRMED",0,2,0,0,0
"suit-3pc|suit-pockets|lower-pocket|lp-patch-btn-tab-angled","suit-3pc","Patch + Angled Button Tab",yes,"/images/blueprints/baoxiniao/jacket/REQPD/5.jpg","drawing-unverified","DRAWING_UNCONFIRMED",0,2,0,0,0
"suit-3pc|suit-pockets|lower-pocket|lp-inverted-flap","suit-3pc","Inverted Pleated + Basic Flap",yes,"/images/blueprints/baoxiniao/jacket/REQPD/20.jpg","drawing-unverified","DRAWING_UNCONFIRMED|EXTERNAL_WEB_PHOTO",0,2,0,0,2
"suit-3pc|suit-pockets|lower-pocket|lp-inverted-flap-btn","suit-3pc","Inverted Pleated + Flap & Button",yes,"/images/blueprints/baoxiniao/jacket/REQPD/236.jpg","drawing-unverified","DRAWING_UNCONFIRMED",0,2,0,0,0
"suit-3pc|suit-pockets|lower-pocket|lp-inverted-angled-flap-btn","suit-3pc","Inverted Pleated + Angled Flap & Button",yes,"/images/blueprints/baoxiniao/jacket/REQPD/19.jpg","drawing-unverified","DRAWING_UNCONFIRMED",0,2,0,0,0
"suit-3pc|suit-pockets|lower-pocket|lp-jetted-btn-tab","suit-3pc","Jetted + Button Tab",yes,"/images/blueprints/supplier/b390170669a3__02M1__Besom_with_tab_and_button.jpg","drawing-unverified","DRAWING_UNCONFIRMED",0,3,0,0,0
"suit-3pc|suit-pockets|lower-pocket|lp-box-pleat-flap","suit-3pc","Box Patch Pocket + Flap",yes,"/images/blueprints/baoxiniao/jacket/REQPD/234.jpg","drawing-unverified","DRAWING_UNCONFIRMED",0,2,0,0,0
"suit-3pc|suit-pockets|lower-pocket|lp-angled-box-pleat","suit-3pc","Angled Box Pleat Patch",yes,"/images/blueprints/baoxiniao/jacket/REQPD/BE.jpg","drawing-unverified","DRAWING_UNCONFIRMED",0,2,0,0,0
"suit-3pc|suit-pockets|lower-pocket|lp-multi-pleat","suit-3pc","Multi-Pleat Patch",yes,"/images/blueprints/baoxiniao/jacket/REQPD/S1.jpg","drawing-unverified","DRAWING_UNCONFIRMED",0,2,0,0,0
"suit-3pc|suit-pockets|lower-pocket|lp-water-drop","suit-3pc","Water-drop Shape Patch",yes,"/images/blueprints/baoxiniao/jacket/REQPD/HMD.jpg","drawing-unverified","DRAWING_UNCONFIRMED|EXTERNAL_WEB_PHOTO",0,2,0,0,4
"suit-3pc|suit-pockets|lower-pocket-bartack|bartack-none","suit-3pc","None",yes,"/images/blueprints/baoxiniao/jacket/REKPO/D.jpg","drawing-unverified","DRAWING_UNCONFIRMED|UNPLACEABLE_DECISION|EXTERNAL_WEB_PHOTO|NO_USABLE_PHOTO",0,0,0,0,10
"suit-3pc|suit-pockets|lower-pocket-bartack|bartack-d","suit-3pc","D-Bartack",yes,"/images/blueprints/baoxiniao/jacket/REKPO/A.jpg","drawing-unverified","DRAWING_UNCONFIRMED|EXTERNAL_WEB_PHOTO|NO_USABLE_PHOTO",0,0,0,0,10
"suit-3pc|suit-pockets|lower-pocket-bartack|bartack-i","suit-3pc","I-Bartack",yes,"/images/blueprints/baoxiniao/jacket/REKPO/B.jpg","drawing-unverified","DRAWING_UNCONFIRMED|EXTERNAL_WEB_PHOTO|NO_USABLE_PHOTO",0,0,0,0,2
"suit-3pc|suit-pockets|lower-pocket-bartack|bartack-x","suit-3pc","X-Bartack",yes,"/images/blueprints/baoxiniao/jacket/REKPO/C.jpg","drawing-unverified","DRAWING_UNCONFIRMED|EXTERNAL_WEB_PHOTO|NO_USABLE_PHOTO",0,0,0,0,10
"suit-3pc|suit-pockets|lower-pocket-bartack|bartack-1","suit-3pc","1-Bartack",yes,"/images/blueprints/baoxiniao/jacket/REKPO/E.jpg","drawing-unverified","DRAWING_UNCONFIRMED|NO_USABLE_PHOTO",0,0,0,0,0
"suit-3pc|suit-pockets|ticket-pocket|tp-none","suit-3pc","None",yes,"/images/blueprints/baoxiniao/jacket/KPOKD/D.jpg","drawing-unverified","DRAWING_UNCONFIRMED|NO_USABLE_PHOTO",0,0,0,0,0
"suit-3pc|suit-pockets|ticket-pocket|tp-jetted","suit-3pc","Jetted Ticket Pocket",yes,"/images/blueprints/baoxiniao/jacket/KPOKD/B.jpg","drawing-unverified","DRAWING_UNCONFIRMED|EXTERNAL_WEB_PHOTO",0,2,0,0,4
"suit-3pc|suit-pockets|ticket-pocket|tp-welt","suit-3pc","Welt Ticket Pocket",yes,"/images/blueprints/baoxiniao/jacket/KPOKD/C.jpg","drawing-unverified","DRAWING_UNCONFIRMED",0,2,0,0,0
"suit-3pc|suit-pockets|ticket-pocket|tp-card-italian","suit-3pc","Italian Card Slot",yes,"/images/blueprints/baoxiniao/jacket/KPOKD/25K.jpg","drawing-unverified","DRAWING_UNCONFIRMED|EXTERNAL_WEB_PHOTO|NO_USABLE_PHOTO",0,0,0,0,4
"suit-3pc|suit-pockets|ticket-pocket|tp-card-formal","suit-3pc","Formal Card Holder",no,"/images/blueprints/baoxiniao/jacket/KPOKD/25Q.jpg","drawing-unverified","DRAWING_UNCONFIRMED|EXTERNAL_WEB_PHOTO",0,0,0,0,4
"suit-3pc|suit-pockets|ticket-pocket|tp-rl-card","suit-3pc","RL Card Pocket",yes,"/images/blueprints/baoxiniao/jacket/KPOKD/EG.jpg","drawing-unverified","DRAWING_UNCONFIRMED|NO_USABLE_PHOTO",0,0,0,0,0
"suit-3pc|suit-pockets|ticket-pocket|tp-flap-40","suit-3pc","Flap 4.0 cm",yes,"/images/blueprints/baoxiniao/jacket/KPOKD/J.jpg","drawing-unverified","DRAWING_UNCONFIRMED|EXTERNAL_WEB_PHOTO|NO_USABLE_PHOTO",0,0,0,0,10
"suit-3pc|suit-pockets|ticket-pocket|tp-flap-45","suit-3pc","Flap 4.5 cm",yes,"/images/blueprints/baoxiniao/jacket/KPOKD/F.jpg","drawing-unverified","DRAWING_UNCONFIRMED|NO_USABLE_PHOTO",0,0,0,0,0
"suit-3pc|suit-pockets|ticket-pocket|tp-flap-50","suit-3pc","Flap 5.0 cm",yes,"/images/blueprints/baoxiniao/jacket/KPOKD/G.jpg","drawing-unverified","DRAWING_UNCONFIRMED|NO_USABLE_PHOTO",0,0,0,0,0
"suit-3pc|suit-pockets|ticket-pocket|tp-flap-55","suit-3pc","Flap 5.5 cm",yes,"/images/blueprints/baoxiniao/jacket/KPOKD/H.jpg","drawing-unverified","DRAWING_UNCONFIRMED|NO_USABLE_PHOTO",0,0,0,0,0
"suit-3pc|suit-pockets|ticket-pocket|tp-flap-60","suit-3pc","Flap 6.0 cm",yes,"/images/blueprints/baoxiniao/jacket/KPOKD/I.jpg","drawing-unverified","DRAWING_UNCONFIRMED|NO_USABLE_PHOTO",0,0,0,0,0
"suit-3pc|suit-pockets|coin-pocket|coin-none","suit-3pc","None",yes,"/images/blueprints/baoxiniao/jacket/KAXDK/Z.jpg","drawing-unverified","DRAWING_UNCONFIRMED|UNPLACEABLE_DECISION",0,2,0,0,0
"suit-3pc|suit-pockets|coin-pocket|coin-left","suit-3pc","Left Side",yes,"/images/blueprints/baoxiniao/jacket/KAXDK/A.jpg","drawing-unverified","DRAWING_UNCONFIRMED|HAS_OWNER_REFS",0,4,0,1,0
"suit-3pc|suit-pockets|coin-pocket|coin-right","suit-3pc","Right Side",yes,"/images/blueprints/baoxiniao/jacket/KAXDK/B.jpg","drawing-unverified","DRAWING_UNCONFIRMED|UNPLACEABLE_DECISION",0,2,0,0,0
"suit-3pc|suit-pockets|coin-pocket|coin-both","suit-3pc","Both Sides",yes,"/images/blueprints/baoxiniao/jacket/KAXDK/C.jpg","drawing-unverified","DRAWING_UNCONFIRMED|UNPLACEABLE_DECISION|NO_USABLE_PHOTO",0,0,0,0,0
"suit-3pc|front-style|button-config|sb-1","suit-3pc","SB 1 Button",yes,"/images/supplier-bb/REQBT/1.jpg","drawing-unverified","DRAWING_UNCONFIRMED|EXTERNAL_WEB_PHOTO",0,2,0,0,10
"suit-3pc|front-style|button-config|sb-2","suit-3pc","SB 2 Buttons",yes,"/images/supplier-bb/REQBT/2.jpg","drawing-unverified","DRAWING_UNCONFIRMED|EXTERNAL_WEB_PHOTO",0,2,0,0,10
"suit-3pc|front-style|button-config|sb-3","suit-3pc","SB 3 Buttons",yes,"/images/supplier-bb/REQBT/3.jpg","drawing-unverified","DRAWING_UNCONFIRMED|EXTERNAL_WEB_PHOTO",0,9,0,0,10
"suit-3pc|front-style|button-config|sb-4","suit-3pc","SB 4 Buttons",yes,"/images/supplier-bb/REQBT/4.jpg","drawing-unverified","DRAWING_UNCONFIRMED",0,7,0,0,0
"suit-3pc|front-style|button-config|sb-3-roll-2","suit-3pc","SB 3 Roll 2",yes,"/images/supplier-bb/REQBT/5.jpg","drawing-unverified","DRAWING_UNCONFIRMED|EXTERNAL_WEB_PHOTO",0,2,0,0,10
"suit-3pc|front-style|button-config|sb-4-roll-3","suit-3pc","SB 4 Roll 3",yes,"/images/supplier-bb/REQBT/6.jpg","drawing-unverified","DRAWING_UNCONFIRMED|EXTERNAL_WEB_PHOTO",0,2,0,0,10
"suit-3pc|front-style|button-config|sb-5-hidden","suit-3pc","SB 5 Hidden Button",yes,"/images/supplier-bb/REQBT/26.jpg","drawing-unverified","DRAWING_UNCONFIRMED|EXTERNAL_WEB_PHOTO",0,2,0,0,10
"suit-3pc|front-style|button-config|sb-5","suit-3pc","SB 5 Buttons",yes,"/images/blueprints/baoxiniao/jacket/REQBT/27.jpg","drawing-unverified","DRAWING_UNCONFIRMED",0,5,0,0,0
"suit-3pc|front-style|button-config|db-2x1","suit-3pc","DB 2 × 1",yes,"/images/blueprints/baoxiniao/jacket/REQBT/8.jpg","drawing-unverified","DRAWING_UNCONFIRMED|EXTERNAL_WEB_PHOTO",0,2,0,0,10
"suit-3pc|front-style|button-config|db-4x1","suit-3pc","DB 4 × 1",yes,"/images/blueprints/baoxiniao/jacket/REQBT/9.jpg","drawing-unverified","DRAWING_UNCONFIRMED|EXTERNAL_WEB_PHOTO",0,2,0,0,10
"suit-3pc|front-style|button-config|db-4x2","suit-3pc","DB 4 × 2",yes,"/images/blueprints/baoxiniao/jacket/REQBT/11.jpg","drawing-unverified","DRAWING_UNCONFIRMED|EXTERNAL_WEB_PHOTO",0,7,0,0,10
"suit-3pc|front-style|button-config|db-6x1","suit-3pc","DB 6 × 1",yes,"/images/blueprints/baoxiniao/jacket/REQBT/10.jpg","drawing-unverified","DRAWING_UNCONFIRMED|EXTERNAL_WEB_PHOTO",0,2,0,0,10
"suit-3pc|front-style|button-config|db-6x2","suit-3pc","DB 6 × 2",yes,"/images/blueprints/baoxiniao/jacket/REQBT/12.jpg","drawing-unverified","DRAWING_UNCONFIRMED|EXTERNAL_WEB_PHOTO|HAS_OWNER_REFS",0,5,0,3,10
"suit-3pc|front-style|button-config|db-6x3","suit-3pc","DB 6 × 3",yes,"/images/blueprints/baoxiniao/jacket/REQBT/13.jpg","drawing-unverified","DRAWING_UNCONFIRMED|EXTERNAL_WEB_PHOTO|HAS_OWNER_REFS",0,5,0,1,10
"suit-3pc|front-style|front-buttonhole|fbh-machine","suit-3pc","By Machine",yes,"/images/blueprints/baoxiniao/jacket/GLKMO/A.jpg","drawing-unverified","DRAWING_UNCONFIRMED|NO_USABLE_PHOTO",0,0,0,0,0
"suit-3pc|front-style|front-buttonhole|fbh-hands","suit-3pc","By Hand",yes,"/images/blueprints/baoxiniao/jacket/GLKMO/H.jpg","drawing-unverified","DRAWING_UNCONFIRMED|NO_USABLE_PHOTO",0,0,0,0,0
"suit-3pc|front-style|chest-dart|cd-minus-2","suit-3pc","-2 cm",yes,"/images/supplier-bb/KWAML/A.jpg","drawing-unverified","DRAWING_UNCONFIRMED|SHARED_DRAWING",0,2,0,0,0
"suit-3pc|front-style|chest-dart|cd-minus-3","suit-3pc","-3 cm",yes,"/images/supplier-bb/KWAML/B.jpg","drawing-unverified","DRAWING_UNCONFIRMED|SHARED_DRAWING",0,2,0,0,0
"suit-3pc|front-style|chest-dart|cd-standard","suit-3pc","Standard",yes,"/images/supplier-bb/KWAML/Z.jpg","drawing-unverified","DRAWING_UNCONFIRMED",0,3,0,0,0
"suit-3pc|front-style|chest-dart|cd-plus-2","suit-3pc","+2 cm",yes,"/images/supplier-bb/KWAML/A.jpg","drawing-unverified","DRAWING_UNCONFIRMED|SHARED_DRAWING",0,1,0,0,0
"suit-3pc|front-style|chest-dart|cd-plus-3","suit-3pc","+3 cm",yes,"/images/supplier-bb/KWAML/B.jpg","drawing-unverified","DRAWING_UNCONFIRMED|SHARED_DRAWING",0,1,0,0,0
"suit-3pc|front-style|hem-gusset|hem-round","suit-3pc","Round Hem",yes,"/images/supplier-bb/REQXB/P.jpg","drawing-unverified","DRAWING_UNCONFIRMED",0,2,0,0,0
"suit-3pc|front-style|hem-gusset|hem-round-06","suit-3pc","Round Hem +0.6 cm",yes,"/images/supplier-bb/REQXB/M.jpg","drawing-unverified","DRAWING_UNCONFIRMED",0,2,0,0,0
"suit-3pc|front-style|hem-gusset|hem-squared","suit-3pc","Squared Bottom",yes,"/images/supplier-bb/REQXB/Q.jpg","drawing-unverified","DRAWING_UNCONFIRMED",0,1,0,0,0
"suit-3pc|front-style|hem-gusset|hem-small-curve","suit-3pc","Small Curved Bottom",yes,"","missing","NO_DRAWING|NO_USABLE_PHOTO",0,0,0,0,0
"suit-3pc|front-style|hem-gusset|hem-big-curve","suit-3pc","Large Curved Bottom",yes,"","missing","NO_DRAWING|NO_USABLE_PHOTO",0,0,0,0,0
"suit-3pc|front-style|hem-gusset|hem-dr-round","suit-3pc","DR Round Hem",yes,"/images/supplier-bb/REQXB/D.jpg","drawing-unverified","DRAWING_UNCONFIRMED|NO_USABLE_PHOTO",0,0,0,0,0
"suit-3pc|sleeves-cuffs|sleeve-vent|sv-none","suit-3pc","None",yes,"/images/blueprints/baoxiniao/jacket/GCOXC/N.jpg","drawing-unverified","DRAWING_UNCONFIRMED|EXTERNAL_WEB_PHOTO|NO_USABLE_PHOTO",0,0,0,0,10
"suit-3pc|sleeves-cuffs|sleeve-vent|sv-mock","suit-3pc","Mock / Show Vent",yes,"/images/blueprints/baoxiniao/jacket/GCOXC/B.jpg","drawing-unverified","DRAWING_UNCONFIRMED|EXTERNAL_WEB_PHOTO|NO_USABLE_PHOTO",0,0,0,0,10
"suit-3pc|sleeves-cuffs|sleeve-vent|sv-functional","suit-3pc","Functional (Working)",no,"/images/blueprints/baoxiniao/jacket/GCOXC/A.jpg","drawing-unverified","DRAWING_UNCONFIRMED|EXTERNAL_WEB_PHOTO",0,0,0,0,10
"suit-3pc|sleeves-cuffs|sleeve-vent|sv-functional-mock","suit-3pc","Functional + Mock Vent",yes,"/images/blueprints/baoxiniao/jacket/GCOXC/C.jpg","drawing-unverified","DRAWING_UNCONFIRMED|EXTERNAL_WEB_PHOTO|NO_USABLE_PHOTO",0,0,0,0,10
"suit-3pc|sleeves-cuffs|sleeve-vent|sv-functional-no-bh","suit-3pc","Functional (No Buttonhole)",yes,"/images/blueprints/baoxiniao/jacket/GCOXC/D.jpg","drawing-unverified","DRAWING_UNCONFIRMED|EXTERNAL_WEB_PHOTO|NO_USABLE_PHOTO",0,0,0,0,10
"suit-3pc|sleeves-cuffs|cuff-style|cuff-angled","suit-3pc","Angled Vent Cuff",yes,"/images/blueprints/baoxiniao/jacket/KFAXK/X.jpg","drawing-unverified","DRAWING_UNCONFIRMED|EXTERNAL_WEB_PHOTO",0,2,0,0,2
"suit-3pc|sleeves-cuffs|cuff-style|cuff-square","suit-3pc","Square Cuff",yes,"/images/blueprints/baoxiniao/jacket/KFAXK/A.jpg","drawing-unverified","DRAWING_UNCONFIRMED",0,2,0,0,0
"suit-3pc|sleeves-cuffs|cuff-style|cuff-round","suit-3pc","Round Cuff",yes,"/images/blueprints/baoxiniao/jacket/KFAXK/B.jpg","drawing-unverified","DRAWING_UNCONFIRMED|EXTERNAL_WEB_PHOTO",0,2,0,0,10
"suit-3pc|sleeves-cuffs|cuff-style|cuff-british","suit-3pc","British Turn-up",yes,"/images/blueprints/baoxiniao/jacket/KFAXK/C.jpg","drawing-unverified","DRAWING_UNCONFIRMED|EXTERNAL_WEB_PHOTO",0,2,0,0,2
"suit-3pc|sleeves-cuffs|cuff-style|cuff-turnback-35","suit-3pc","Turn-back 3.5 cm",yes,"/images/blueprints/baoxiniao/jacket/KFAXK/C2.jpg","drawing-unverified","DRAWING_UNCONFIRMED",0,2,0,0,0
"suit-3pc|sleeves-cuffs|cuff-style|cuff-turnback-40","suit-3pc","Turn-back 4.0 cm",yes,"/images/blueprints/baoxiniao/jacket/KFAXK/C3.jpg","drawing-unverified","DRAWING_UNCONFIRMED",0,2,0,0,0
"suit-3pc|sleeves-cuffs|cuff-button-number|cb-none","suit-3pc","None",yes,"/images/blueprints/supplier/2115e257c4a1__0626__No.jpg","drawing-unverified","DRAWING_UNCONFIRMED",0,1,0,0,0
"suit-3pc|sleeves-cuffs|cuff-button-number|cb-1","suit-3pc","1 Button",yes,"/images/blueprints/supplier/71e4a88d0f42__0623__1_button_32L.jpg","drawing-unverified","DRAWING_UNCONFIRMED",0,1,0,0,0
"suit-3pc|sleeves-cuffs|cuff-button-number|cb-2","suit-3pc","2 Buttons",yes,"/images/blueprints/supplier/36f9c9757607__0629__2_flat.jpg","drawing-unverified","DRAWING_UNCONFIRMED",0,1,0,0,0
"suit-3pc|sleeves-cuffs|cuff-button-number|cb-3","suit-3pc","3 Buttons",yes,"/images/blueprints/supplier/394fbc5e5ce3__0624__3_flat.jpg","drawing-unverified","DRAWING_UNCONFIRMED",0,1,0,0,0
"suit-3pc|sleeves-cuffs|cuff-button-number|cb-4","suit-3pc","4 Buttons",yes,"/images/blueprints/baoxiniao/jacket/GTEXK/4.jpg","drawing-unverified","DRAWING_UNCONFIRMED|NO_USABLE_PHOTO",0,0,0,0,0
"suit-3pc|sleeves-cuffs|cuff-button-number|cb-5","suit-3pc","5 Buttons",yes,"/images/blueprints/supplier/91d5e77db9c2__0627__5_flat.jpg","drawing-unverified","DRAWING_UNCONFIRMED",0,1,0,0,0
"suit-3pc|sleeves-cuffs|cuff-button-number|cb-6","suit-3pc","6 Buttons",yes,"/images/blueprints/supplier/c356ed45a535__06X1__6_flat.jpg","drawing-unverified","DRAWING_UNCONFIRMED",0,1,0,0,0
"suit-3pc|sleeves-cuffs|cuff-button-spacing|bs-no-kiss","suit-3pc","No Kissing (Standard)",yes,"/images/blueprints/baoxiniao/jacket/GTEXJ/B.jpg","drawing-unverified","DRAWING_UNCONFIRMED|NO_USABLE_PHOTO",0,0,0,0,0
"suit-3pc|sleeves-cuffs|cuff-button-spacing|bs-kissing","suit-3pc","Kissing Buttons",yes,"/images/blueprints/factory/0cd41e2fb0ea__0630__2_kissing.jpg","verified-match","",0,1,0,0,0
"suit-3pc|sleeves-cuffs|sleeve-buttonhole-dir|sbh-straight","suit-3pc","Straight",yes,"/images/blueprints/factory/2002f8a736e6__AAAM__Normal.jpg","drawing-unverified","DRAWING_UNCONFIRMED",0,1,0,0,0
"suit-3pc|sleeves-cuffs|sleeve-buttonhole-dir|sbh-slant","suit-3pc","Slanted",yes,"/images/blueprints/factory/fdbc0cbb0bb5__AAAN__Normal_slanted.jpg","drawing-unverified","DRAWING_UNCONFIRMED",0,1,0,0,0
"suit-3pc|back-vents|back-vent-style|bv-none","suit-3pc","No Vent",yes,"/images/blueprints/baoxiniao/jacket/REQAP/A.jpg","drawing-unverified","DRAWING_UNCONFIRMED|EXTERNAL_WEB_PHOTO|NO_USABLE_PHOTO",0,0,0,0,10
"suit-3pc|back-vents|back-vent-style|bv-center","suit-3pc","Center Vent",yes,"/images/supplier-bb/REQAP/B.jpg","drawing-unverified","DRAWING_UNCONFIRMED|EXTERNAL_WEB_PHOTO",0,1,0,0,10
"suit-3pc|back-vents|back-vent-style|bv-side","suit-3pc","Side Vents",yes,"/images/supplier-bb/REQAP/C.jpg","drawing-unverified","DRAWING_UNCONFIRMED|EXTERNAL_WEB_PHOTO",0,1,0,0,10
"suit-3pc|back-vents|back-vent-style|bv-side-belt","suit-3pc","Side Vents + Inner Belt",yes,"/images/blueprints/baoxiniao/jacket/REQAP/D.jpg","drawing-unverified","DRAWING_UNCONFIRMED|EXTERNAL_WEB_PHOTO|NO_USABLE_PHOTO",0,0,0,0,10
"suit-3pc|back-vents|back-vent-style|bv-side-fixed-belt","suit-3pc","Side Vents + Fixed Belt",yes,"/images/supplier-bb/REQAP/F.jpg","drawing-unverified","DRAWING_UNCONFIRMED|EXTERNAL_WEB_PHOTO",0,1,0,0,10
"suit-3pc|back-vents|elbow-patch|ep-none","suit-3pc","None",no,"","missing","NO_DRAWING|EXTERNAL_WEB_PHOTO",0,0,0,0,10
"suit-3pc|back-vents|elbow-patch|ep-round","suit-3pc","Round Elbow Patch",no,"/images/blueprints/factory/8cb87a0ca11c__0609__Round.png","drawing-unverified","DRAWING_UNCONFIRMED|EXTERNAL_WEB_PHOTO",0,3,0,0,10
"suit-3pc|back-vents|elbow-patch|ep-round-sleeve","suit-3pc","Round Sleeve Patch",yes,"/images/blueprints/factory/311c9fe6f45a__0610__Oval.png","drawing-unverified","DRAWING_UNCONFIRMED|EXTERNAL_WEB_PHOTO",0,1,0,0,10
"suit-3pc|back-vents|external-decoration|ext-none","suit-3pc","None",yes,"/images/blueprints/baoxiniao/jacket/JWBZS/Z.jpg","drawing-unverified","DRAWING_UNCONFIRMED|NO_USABLE_PHOTO",0,0,0,0,0
"suit-3pc|back-vents|external-decoration|ext-loop-flat","suit-3pc","Front Chest Horizontal Button Loop",yes,"/images/blueprints/baoxiniao/jacket/JWBZS/D.jpg","drawing-unverified","DRAWING_UNCONFIRMED",0,2,0,0,0
"suit-3pc|back-vents|external-decoration|ext-loop-slanted","suit-3pc","Front Chest Slanted Button Loop",yes,"/images/blueprints/baoxiniao/jacket/JWBZS/XD.jpg","drawing-unverified","DRAWING_UNCONFIRMED",0,2,0,0,0
"suit-3pc|handmade|handmade-type|hm-none","suit-3pc","Standard Machine",yes,"/images/blueprints/factory/13c1b88ec1cb__0570__No.png","drawing-unverified","DRAWING_UNCONFIRMED|EXTERNAL_WEB_PHOTO",0,1,0,0,10
"suit-3pc|handmade|handmade-type|hm-individual","suit-3pc","Individual Handmade Parts",yes,"/images/blueprints/factory/01c43a2f9084__08C0__Manually_sewing_lapel.png","drawing-unverified","DRAWING_UNCONFIRMED|SHARED_DRAWING",0,1,0,0,0
"suit-3pc|handmade|handmade-type|hm-full","suit-3pc","Full Hand-made",yes,"/images/blueprints/factory/01c43a2f9084__08C0__Manually_sewing_lapel.png","drawing-unverified","DRAWING_UNCONFIRMED|EXTERNAL_WEB_PHOTO|SHARED_DRAWING",0,1,0,0,10
"suit-3pc|handmade|handmade-decorative|hmd-none","suit-3pc","None",yes,"","missing","NO_DRAWING|EXTERNAL_WEB_PHOTO|NO_USABLE_PHOTO",0,0,0,0,10
"suit-3pc|handmade|handmade-decorative|hmd-shoulder","suit-3pc","Shoulder Seam Only",yes,"/images/blueprints/baoxiniao/jacket/REFUO/B.jpg","drawing-unverified","DRAWING_UNCONFIRMED|EXTERNAL_WEB_PHOTO|NO_USABLE_PHOTO",0,0,0,0,10
"suit-3pc|handmade|handmade-decorative|hmd-shoulder-vent","suit-3pc","Shoulder + Sleeve/Back Vent",yes,"/images/blueprints/baoxiniao/jacket/REFUO/A.jpg","drawing-unverified","DRAWING_UNCONFIRMED|EXTERNAL_WEB_PHOTO|NO_USABLE_PHOTO",0,0,0,0,10
"suit-3pc|handmade|handmade-decorative|hmd-full","suit-3pc","Full — Shoulder, Vents, Chest Pocket, Buttonholes",yes,"/images/blueprints/baoxiniao/jacket/REFUO/D.jpg","drawing-unverified","DRAWING_UNCONFIRMED|EXTERNAL_WEB_PHOTO|NO_USABLE_PHOTO",0,0,0,0,10
"suit-3pc|handmade|sewing-button-style|sbs-machine","suit-3pc","Regular Machine Sewing",no,"","missing","NO_DRAWING|EXTERNAL_WEB_PHOTO",0,0,0,0,10
"suit-3pc|handmade|sewing-button-style|sbs-cross-hand","suit-3pc","Crossing Stitch by Hand (X)",no,"","missing","NO_DRAWING|EXTERNAL_WEB_PHOTO",0,0,0,0,10
"suit-3pc|handmade|sewing-button-style|sbs-down-hand","suit-3pc","""↓"" Stitch by Hand",no,"","missing","NO_DRAWING|EXTERNAL_WEB_PHOTO",0,0,0,0,2
"suit-3pc|handmade|sewing-button-style|sbs-eq-hand","suit-3pc","""="" Stitch by Hand",no,"","missing","NO_DRAWING",0,0,0,0,0
"suit-3pc|handmade|sewing-button-style|sbs-sq-hand","suit-3pc","""□"" Stitch by Hand",no,"","missing","NO_DRAWING",0,0,0,0,0
"suit-3pc|handmade|sewing-button-style|sbs-under-hand","suit-3pc","Button Under Layer by Hand",no,"","missing","NO_DRAWING|EXTERNAL_WEB_PHOTO",0,0,0,0,10
"suit-3pc|handmade|sleeve-buttonhole-type|slbh-machine","suit-3pc","By Machine",yes,"/images/blueprints/baoxiniao/jacket/GXKMO/A.jpg","drawing-unverified","DRAWING_UNCONFIRMED|NO_USABLE_PHOTO",0,0,0,0,0
"suit-3pc|handmade|sleeve-buttonhole-type|slbh-hands","suit-3pc","By Hand",yes,"/images/blueprints/baoxiniao/jacket/GXKMO/H.jpg","drawing-unverified","DRAWING_UNCONFIRMED|NO_USABLE_PHOTO",0,0,0,0,0
"suit-3pc|suit-details|pick-stitching|ps-none","suit-3pc","None",yes,"/images/blueprints/baoxiniao/jacket/GTEGZ/A.jpg","drawing-unverified","DRAWING_UNCONFIRMED|EXTERNAL_WEB_PHOTO|NO_USABLE_PHOTO",0,0,0,0,10
"suit-3pc|suit-details|pick-stitching|ps-015-machine","suit-3pc","0.15 cm Machine",yes,"/images/blueprints/baoxiniao/jacket/GTEGZ/B.jpg","drawing-unverified","DRAWING_UNCONFIRMED|EXTERNAL_WEB_PHOTO",0,2,0,0,10
"suit-3pc|suit-details|pick-stitching|ps-06-machine","suit-3pc","0.6 cm Machine",yes,"/images/blueprints/baoxiniao/jacket/GTEGZ/C.jpg","drawing-unverified","DRAWING_UNCONFIRMED|EXTERNAL_WEB_PHOTO",0,2,0,0,10
"suit-3pc|suit-details|pick-stitching|ps-top-06","suit-3pc","Top Stitch 0.6 cm",yes,"/images/blueprints/baoxiniao/jacket/GTEGZ/G.jpg","drawing-unverified","DRAWING_UNCONFIRMED|NO_USABLE_PHOTO",0,0,0,0,0
"suit-3pc|suit-details|pick-stitching|ps-top-4cm","suit-3pc","Top Stitch 4 cm from Edge",yes,"/images/blueprints/baoxiniao/jacket/GTEGZ/H.jpg","drawing-unverified","DRAWING_UNCONFIRMED",0,2,0,0,0
"suit-3pc|suit-details|pick-stitching|ps-015-hand","suit-3pc","0.15 cm by Hand",yes,"/images/blueprints/baoxiniao/jacket/GTEGZ/D.jpg","drawing-unverified","DRAWING_UNCONFIRMED|NO_USABLE_PHOTO",0,0,0,0,0
"suit-3pc|suit-details|pick-stitching|ps-06-hand","suit-3pc","0.6 cm by Hand",yes,"/images/blueprints/baoxiniao/jacket/GTEGZ/E.jpg","drawing-unverified","DRAWING_UNCONFIRMED|NO_USABLE_PHOTO",0,0,0,0,0
"suit-3pc|suit-details|pick-stitching|ps-double","suit-3pc","Double (0.15 + 0.6 cm)",yes,"/images/blueprints/baoxiniao/jacket/GTEGZ/F.jpg","drawing-unverified","DRAWING_UNCONFIRMED|EXTERNAL_WEB_PHOTO",0,2,0,0,2
"suit-3pc|suit-details|pick-stitching-position|psp-lapel-front","suit-3pc","Lapel, Collar, Front, Pocket, Sleeve Vent",yes,"/images/blueprints/baoxiniao/jacket/REQGZ/C.jpg","drawing-unverified","DRAWING_UNCONFIRMED",0,2,0,0,0
"suit-3pc|suit-details|pick-stitching-position|psp-plus-back","suit-3pc","+ Back Vent",yes,"/images/blueprints/baoxiniao/jacket/REQGZ/B.jpg","drawing-unverified","DRAWING_UNCONFIRMED|NO_USABLE_PHOTO",0,0,0,0,0
"suit-3pc|suit-details|pick-stitching-position|psp-all-seams","suit-3pc","All Seams",yes,"/images/blueprints/baoxiniao/jacket/REQGZ/J.jpg","drawing-unverified","DRAWING_UNCONFIRMED|NO_USABLE_PHOTO",0,0,0,0,0
"suit-3pc|suit-details|contrast-position|contrast-none","suit-3pc","No Contrast",no,"","missing","NO_DRAWING|EXTERNAL_WEB_PHOTO",0,0,0,0,10
"suit-3pc|suit-details|contrast-position|contrast-collar","suit-3pc","Top Collar",no,"/images/supplier-bb/GCOPA/A.jpg","drawing-unverified","DRAWING_UNCONFIRMED|EXTERNAL_WEB_PHOTO",0,1,0,0,10
"suit-3pc|suit-details|contrast-position|contrast-lapel","suit-3pc","Lapel",no,"/images/supplier-bb/GCOPA/B.jpg","drawing-unverified","DRAWING_UNCONFIRMED|EXTERNAL_WEB_PHOTO",0,1,0,0,10
"suit-3pc|suit-details|contrast-position|contrast-chest-pocket","suit-3pc","Chest Pocket Trim",yes,"/images/blueprints/baoxiniao/jacket/GCOPA/D.jpg","drawing-unverified","DRAWING_UNCONFIRMED",0,1,0,0,0
"suit-3pc|suit-details|contrast-position|contrast-lower-besom","suit-3pc","Lower Pocket Besom",yes,"/images/supplier-bb/GCOPA/E.jpg","drawing-unverified","DRAWING_UNCONFIRMED",0,2,0,0,0
"suit-3pc|suit-details|contrast-position|contrast-lower-flap","suit-3pc","Lower Pocket Flap",yes,"/images/supplier-bb/GCOPA/Q.jpg","drawing-unverified","DRAWING_UNCONFIRMED",0,3,0,0,0
"suit-3pc|suit-details|contrast-position|contrast-ticket-flap","suit-3pc","Ticket Pocket Flap",yes,"/images/supplier-bb/GCOPA/P.jpg","drawing-unverified","DRAWING_UNCONFIRMED",0,3,0,0,0
"suit-3pc|suit-details|contrast-position|contrast-ticket-besom","suit-3pc","Ticket Pocket Besom",yes,"/images/supplier-bb/GCOPA/U.jpg","drawing-unverified","DRAWING_UNCONFIRMED",0,3,0,0,0
"suit-3pc|suit-details|contrast-position|contrast-satin-lapel","suit-3pc","Satin Piping on Lapel",no,"/images/blueprints/baoxiniao/jacket/GCOPA/W.jpg","drawing-unverified","DRAWING_UNCONFIRMED|EXTERNAL_WEB_PHOTO",0,1,0,0,10
"suit-3pc|suit-details|columbia-piping|cp-none","suit-3pc","None",yes,"/images/blueprints/baoxiniao/jacket/GTEZB/A.jpg","drawing-unverified","DRAWING_UNCONFIRMED|NO_USABLE_PHOTO",0,0,0,0,0
"suit-3pc|suit-details|columbia-piping|cp-columbia","suit-3pc","Columbia Stitching",yes,"/images/blueprints/baoxiniao/jacket/GTEZB/B.jpg","drawing-unverified","DRAWING_UNCONFIRMED|NO_USABLE_PHOTO",0,0,0,0,0
"suit-3pc|suit-details|columbia-piping|cp-piping","suit-3pc","Piping",yes,"/images/blueprints/baoxiniao/jacket/GTEZB/C.jpg","drawing-unverified","DRAWING_UNCONFIRMED|NO_USABLE_PHOTO",0,0,0,0,0
"suit-3pc|suit-details|columbia-piping|cp-both","suit-3pc","Columbia + Piping",yes,"/images/blueprints/baoxiniao/jacket/GTEZB/D.jpg","drawing-unverified","DRAWING_UNCONFIRMED|NO_USABLE_PHOTO",0,0,0,0,0
"suit-3pc|interior|facing-style|facing-1","suit-3pc","Facing 1",yes,"/images/blueprints/baoxiniao/jacket/KINGM/F.jpg","drawing-unverified","DRAWING_UNCONFIRMED|NO_USABLE_PHOTO",0,0,0,0,0
"suit-3pc|interior|facing-style|facing-2","suit-3pc","Facing 2",yes,"/images/blueprints/baoxiniao/jacket/KINGM/E.jpg","drawing-unverified","DRAWING_UNCONFIRMED|NO_USABLE_PHOTO",0,0,0,0,0
"suit-3pc|interior|facing-style|facing-4","suit-3pc","Facing 4",yes,"/images/blueprints/baoxiniao/jacket/KINGM/B.jpg","drawing-unverified","DRAWING_UNCONFIRMED|NO_USABLE_PHOTO",0,0,0,0,0
"suit-3pc|interior|facing-style|facing-5","suit-3pc","Facing 5",yes,"/images/blueprints/baoxiniao/jacket/KINGM/A.jpg","drawing-unverified","DRAWING_UNCONFIRMED|NO_USABLE_PHOTO",0,0,0,0,0
"suit-3pc|interior|facing-style|facing-7","suit-3pc","Facing 7",yes,"/images/blueprints/baoxiniao/jacket/KINGM/US66.jpg","drawing-unverified","DRAWING_UNCONFIRMED|NO_USABLE_PHOTO",0,0,0,0,0
"suit-3pc|interior|facing-style|facing-9","suit-3pc","Facing 9",yes,"/images/blueprints/baoxiniao/jacket/KINGM/DGG.jpg","drawing-unverified","DRAWING_UNCONFIRMED|NO_USABLE_PHOTO",0,0,0,0,0
"suit-3pc|interior|facing-style|facing-half","suit-3pc","For Half Lining",yes,"/images/blueprints/baoxiniao/jacket/KINGM/G.jpg","drawing-unverified","DRAWING_UNCONFIRMED|NO_USABLE_PHOTO",0,0,0,0,0
"suit-3pc|interior|facing-style|facing-none","suit-3pc","For No Lining",yes,"/images/blueprints/baoxiniao/jacket/KINGM/G03.jpg","drawing-unverified","DRAWING_UNCONFIRMED|NO_USABLE_PHOTO",0,0,0,0,0
"suit-3pc|interior|pen-pocket|pen-none","suit-3pc","None",yes,"/images/blueprints/baoxiniao/jacket/KPEND/Z.jpg","drawing-unverified","DRAWING_UNCONFIRMED",0,1,0,0,0
"suit-3pc|interior|pen-pocket|pen-left-jetted","suit-3pc","Left Jetted",yes,"/images/blueprints/baoxiniao/jacket/KPEND/A.jpg","drawing-unverified","DRAWING_UNCONFIRMED|NO_USABLE_PHOTO",0,0,0,0,0
"suit-3pc|interior|pen-pocket|pen-left-drop","suit-3pc","Left Drop-shape",yes,"/images/blueprints/baoxiniao/jacket/KPEND/B.jpg","drawing-unverified","DRAWING_UNCONFIRMED|NO_USABLE_PHOTO",0,0,0,0,0
"suit-3pc|interior|pen-pocket|pen-left-diamond","suit-3pc","Left Diamond",yes,"/images/blueprints/baoxiniao/jacket/KPEND/C.jpg","drawing-unverified","DRAWING_UNCONFIRMED|NO_USABLE_PHOTO",0,0,0,0,0
"suit-3pc|interior|pen-pocket|pen-right-jetted","suit-3pc","Right Jetted",yes,"/images/blueprints/baoxiniao/jacket/KPEND/D.jpg","drawing-unverified","DRAWING_UNCONFIRMED|NO_USABLE_PHOTO",0,0,0,0,0
"suit-3pc|interior|pen-pocket|pen-right-drop","suit-3pc","Right Drop-shape",yes,"/images/blueprints/baoxiniao/jacket/KPEND/E.jpg","drawing-unverified","DRAWING_UNCONFIRMED|NO_USABLE_PHOTO",0,0,0,0,0
"suit-3pc|interior|pen-pocket|pen-right-diamond","suit-3pc","Right Diamond",yes,"/images/blueprints/baoxiniao/jacket/KPEND/F.jpg","drawing-unverified","DRAWING_UNCONFIRMED|NO_USABLE_PHOTO",0,0,0,0,0
"suit-3pc|interior|namecard-pocket|nc-none","suit-3pc","None",yes,"/images/blueprints/baoxiniao/jacket/KNAMD/D.jpg","drawing-unverified","DRAWING_UNCONFIRMED|NO_USABLE_PHOTO",0,0,0,0,0
"suit-3pc|interior|namecard-pocket|nc-left","suit-3pc","Left Inner",yes,"/images/blueprints/baoxiniao/jacket/KNAMD/A.jpg","drawing-unverified","DRAWING_UNCONFIRMED|NO_USABLE_PHOTO",0,0,0,0,0
"suit-3pc|interior|namecard-pocket|nc-right","suit-3pc","Right Inner",yes,"/images/blueprints/baoxiniao/jacket/KNAMD/B.jpg","drawing-unverified","DRAWING_UNCONFIRMED|NO_USABLE_PHOTO",0,0,0,0,0
"suit-3pc|interior|namecard-pocket|nc-both","suit-3pc","Both Sides",yes,"/images/blueprints/baoxiniao/jacket/KNAMD/C.jpg","drawing-unverified","DRAWING_UNCONFIRMED|NO_USABLE_PHOTO",0,0,0,0,0
"suit-3pc|interior|inner-ticket-pocket|itp-none","suit-3pc","None",yes,"/images/blueprints/baoxiniao/jacket/REAPB/C.jpg","drawing-unverified","DRAWING_UNCONFIRMED|NO_USABLE_PHOTO",0,0,0,0,0
"suit-3pc|interior|inner-ticket-pocket|itp-left","suit-3pc","Left",yes,"/images/blueprints/baoxiniao/jacket/REAPB/A.jpg","drawing-unverified","DRAWING_UNCONFIRMED|NO_USABLE_PHOTO",0,0,0,0,0
"suit-3pc|interior|inner-ticket-pocket|itp-right","suit-3pc","Right",yes,"/images/blueprints/baoxiniao/jacket/REAPB/B.jpg","drawing-unverified","DRAWING_UNCONFIRMED|NO_USABLE_PHOTO",0,0,0,0,0
"suit-3pc|interior|inner-ticket-pocket|itp-both","suit-3pc","Left & Right",yes,"/images/blueprints/baoxiniao/jacket/REAPB/D.jpg","drawing-unverified","DRAWING_UNCONFIRMED|NO_USABLE_PHOTO",0,0,0,0,0
"suit-3pc|interior|mp3-pocket|mp3-none","suit-3pc","None",yes,"/images/blueprints/baoxiniao/jacket/KMPCD/A.jpg","drawing-unverified","DRAWING_UNCONFIRMED|NO_USABLE_PHOTO",0,0,0,0,0
"suit-3pc|interior|mp3-pocket|mp3-left","suit-3pc","Left Inner",yes,"/images/blueprints/baoxiniao/jacket/KMPCD/B.jpg","drawing-unverified","DRAWING_UNCONFIRMED|NO_USABLE_PHOTO",0,0,0,0,0
"suit-3pc|interior|mp3-pocket|mp3-right","suit-3pc","Right Inner",yes,"/images/blueprints/baoxiniao/jacket/KMPCD/C.jpg","drawing-unverified","DRAWING_UNCONFIRMED|NO_USABLE_PHOTO",0,0,0,0,0
"suit-3pc|interior|inner-pocket-closure|ipc-none","suit-3pc","None (Open)",yes,"/images/blueprints/baoxiniao/jacket/KALDF/D.jpg","drawing-unverified","DRAWING_UNCONFIRMED|NO_USABLE_PHOTO",0,0,0,0,0
"suit-3pc|interior|inner-pocket-closure|ipc-d","suit-3pc","D-Bartack",yes,"/images/supplier-bb/REKPO/A.jpg","drawing-unverified","DRAWING_UNCONFIRMED|NO_USABLE_PHOTO",0,0,0,0,0
"suit-3pc|interior|inner-pocket-closure|ipc-i","suit-3pc","I-Bartack",yes,"/images/supplier-bb/REKPO/B.jpg","drawing-unverified","DRAWING_UNCONFIRMED",0,2,0,0,0
"suit-3pc|interior|inner-pocket-closure|ipc-x","suit-3pc","X-Bartack",yes,"/images/supplier-bb/REKPO/C.jpg","drawing-unverified","DRAWING_UNCONFIRMED",0,2,0,0,0
"suit-3pc|interior|perfume-pad|pp-none","suit-3pc","None",yes,"/images/blueprints/baoxiniao/jacket/KIMOD/F.jpg","drawing-unverified","DRAWING_UNCONFIRMED|NO_USABLE_PHOTO",0,0,0,0,0
"suit-3pc|interior|perfume-pad|pp-triangle","suit-3pc","Triangle Underarm Shield",yes,"/images/blueprints/baoxiniao/jacket/KIMOD/E.jpg","drawing-unverified","DRAWING_UNCONFIRMED|NO_USABLE_PHOTO",0,0,0,0,0
"suit-3pc|interior|perfume-pad|pp-round-1","suit-3pc","Round Shield 1",yes,"/images/blueprints/baoxiniao/jacket/KIMOD/B.jpg","drawing-unverified","DRAWING_UNCONFIRMED|NO_USABLE_PHOTO",0,0,0,0,0
"suit-3pc|interior|perfume-pad|pp-round-2","suit-3pc","Round Shield 2",yes,"/images/blueprints/baoxiniao/jacket/KIMOD/A.jpg","drawing-unverified","DRAWING_UNCONFIRMED|NO_USABLE_PHOTO",0,0,0,0,0
"suit-3pc|interior|perfume-pad|pp-round-3","suit-3pc","Round Shield 3",yes,"/images/blueprints/baoxiniao/jacket/KIMOD/H.jpg","drawing-unverified","DRAWING_UNCONFIRMED|NO_USABLE_PHOTO",0,0,0,0,0
"suit-3pc|interior|perfume-pad|pp-u-1","suit-3pc","U-Shield 1",yes,"/images/blueprints/baoxiniao/jacket/KIMOD/D.jpg","drawing-unverified","DRAWING_UNCONFIRMED|NO_USABLE_PHOTO",0,0,0,0,0
"suit-3pc|interior|perfume-pad|pp-u-2","suit-3pc","U-Shield 2",yes,"/images/blueprints/baoxiniao/jacket/KIMOD/C.jpg","drawing-unverified","DRAWING_UNCONFIRMED|NO_USABLE_PHOTO",0,0,0,0,0
"suit-3pc|interior|perfume-pad|pp-u-3","suit-3pc","U-Shield 3",yes,"/images/blueprints/baoxiniao/jacket/KIMOD/G.jpg","drawing-unverified","DRAWING_UNCONFIRMED|NO_USABLE_PHOTO",0,0,0,0,0
"suit-3pc|suit-lining|lining-coverage|lc-full","suit-3pc","Full Lining",no,"/images/blueprints/baoxiniao/jacket/KHALI/A.jpg","drawing-unverified","DRAWING_UNCONFIRMED|EXTERNAL_WEB_PHOTO",0,0,0,0,10
"suit-3pc|suit-lining|lining-coverage|lc-half","suit-3pc","Half Lining",yes,"/images/blueprints/baoxiniao/jacket/KHALI/B.jpg","drawing-unverified","DRAWING_UNCONFIRMED|NO_USABLE_PHOTO",0,0,0,0,0
"suit-3pc|suit-lining|lining-coverage|lc-quarter","suit-3pc","Quarter Lining",yes,"","missing","NO_DRAWING|NO_USABLE_PHOTO",0,0,0,0,0
"suit-3pc|suit-lining|lining-coverage|lc-none","suit-3pc","Unlined",yes,"/images/blueprints/baoxiniao/jacket/KHALI/C.jpg","drawing-unverified","DRAWING_UNCONFIRMED|NO_USABLE_PHOTO",0,0,0,0,0
"suit-3pc|suit-lining|half-lining-shape|hls-standard","suit-3pc","Standard Half Lining",yes,"","missing","NO_DRAWING|NO_USABLE_PHOTO",0,0,0,0,0
"suit-3pc|suit-lining|half-lining-shape|hls-small-cutaway","suit-3pc","Small Cut-away",yes,"","missing","NO_DRAWING|NO_USABLE_PHOTO",0,0,0,0,0
"suit-3pc|suit-lining|half-lining-shape|hls-half","suit-3pc","1/2 Lining",yes,"/images/blueprints/baoxiniao/jacket/KINBL/C.jpg","drawing-unverified","DRAWING_UNCONFIRMED",0,2,0,0,0
"suit-3pc|suit-lining|half-lining-shape|hls-third-cutaway","suit-3pc","1/3 Cut-away",yes,"/images/blueprints/baoxiniao/jacket/KINBL/D.jpg","drawing-unverified","DRAWING_UNCONFIRMED",0,2,0,0,0
"suit-3pc|suit-lining|half-lining-shape|hls-third","suit-3pc","1/3 Lining",yes,"/images/blueprints/baoxiniao/jacket/KINBL/G.jpg","drawing-unverified","DRAWING_UNCONFIRMED",0,2,0,0,0
"suit-3pc|suit-lining|half-lining-shape|hls-quarter-cutaway","suit-3pc","1/4 Cut-away",yes,"/images/blueprints/baoxiniao/jacket/KINBL/H.jpg","drawing-unverified","DRAWING_UNCONFIRMED",0,2,0,0,0
"suit-3pc|suit-lining|half-lining-craft|hlc-binding","suit-3pc","Binding Seam",yes,"/images/blueprints/baoxiniao/jacket/KIPRO/A.jpg","drawing-unverified","DRAWING_UNCONFIRMED|NO_USABLE_PHOTO",0,0,0,0,0
"suit-3pc|suit-lining|half-lining-craft|hlc-french","suit-3pc","French Seam",yes,"/images/blueprints/baoxiniao/jacket/KIPRO/B.jpg","drawing-unverified","DRAWING_UNCONFIRMED|NO_USABLE_PHOTO",0,0,0,0,0
"suit-3pc|suit-lining|half-lining-craft|hlc-joining","suit-3pc","Joining Seam",yes,"/images/blueprints/baoxiniao/jacket/KIPRO/C.jpg","drawing-unverified","DRAWING_UNCONFIRMED|NO_USABLE_PHOTO",0,0,0,0,0
"suit-3pc|suit-lining|lining-color|bl-matching","suit-3pc","Matching to Fabric",no,"/images/blueprints/factory/d3eb9a6df665__0711__Match_fabric.webp","drawing-unverified","DRAWING_UNCONFIRMED|SHARED_DRAWING",0,1,0,0,0
"suit-3pc|suit-lining|lining-color|bl-navy","suit-3pc","Navy Solid",yes,"/images/blueprints/factory/d3eb9a6df665__0711__Match_fabric.webp","drawing-unverified","DRAWING_UNCONFIRMED|SHARED_DRAWING",0,1,0,0,0
"suit-3pc|suit-lining|lining-color|bl-black","suit-3pc","Black",yes,"/images/blueprints/factory/d3eb9a6df665__0711__Match_fabric.webp","drawing-unverified","DRAWING_UNCONFIRMED|SHARED_DRAWING",0,1,0,0,0
"suit-3pc|suit-lining|lining-color|bl-cream","suit-3pc","Cream / Ivory",yes,"/images/blueprints/factory/d3eb9a6df665__0711__Match_fabric.webp","drawing-unverified","DRAWING_UNCONFIRMED|SHARED_DRAWING",0,1,0,0,0
"suit-3pc|suit-lining|lining-color|bl-charcoal","suit-3pc","Dark Charcoal",yes,"/images/blueprints/factory/d3eb9a6df665__0711__Match_fabric.webp","drawing-unverified","DRAWING_UNCONFIRMED|SHARED_DRAWING",0,1,0,0,0
"suit-3pc|suit-lining|lining-color|bl-burgundy","suit-3pc","Burgundy",yes,"/images/blueprints/factory/d3eb9a6df665__0711__Match_fabric.webp","drawing-unverified","DRAWING_UNCONFIRMED|SHARED_DRAWING",0,1,0,0,0
"suit-3pc|suit-lining|lining-color|bl-gold-paisley","suit-3pc","Gold Paisley Pattern",yes,"/images/blueprints/factory/d3eb9a6df665__0711__Match_fabric.webp","drawing-unverified","DRAWING_UNCONFIRMED|SHARED_DRAWING",0,1,0,0,0
"suit-3pc|suit-lining|lining-color|bl-pattern","suit-3pc","Patterned (Designer)",yes,"/images/blueprints/factory/b83b169d24cd__072D__Appointed_DIY_Printing.png","drawing-unverified","DRAWING_UNCONFIRMED|SHARED_DRAWING",0,1,0,0,0
"suit-3pc|suit-lining|lining-color|bl-custom","suit-3pc","Custom (Specify Code)",yes,"/images/blueprints/factory/b83b169d24cd__072D__Appointed_DIY_Printing.png","drawing-unverified","DRAWING_UNCONFIRMED|SHARED_DRAWING",0,1,0,0,0
"suit-3pc|suit-lining|sleeve-lining-color|sl-matching","suit-3pc","Match Body Lining",yes,"/images/blueprints/factory/b3a4547408a3__0721__Match_body_lining_color.jpg","drawing-unverified","DRAWING_UNCONFIRMED|SHARED_DRAWING",0,1,0,0,0
"suit-3pc|suit-lining|sleeve-lining-color|sl-stripe","suit-3pc","White + Red/Black Stripe",yes,"/images/blueprints/factory/0b6aab7c4ddb__0723__White_stripe_sleeve_lining.jpg","drawing-unverified","DRAWING_UNCONFIRMED",0,1,0,0,0
"suit-3pc|suit-lining|sleeve-lining-color|sl-navy","suit-3pc","Navy",yes,"/images/blueprints/factory/b3a4547408a3__0721__Match_body_lining_color.jpg","drawing-unverified","DRAWING_UNCONFIRMED|SHARED_DRAWING",0,1,0,0,0
"suit-3pc|suit-lining|sleeve-lining-color|sl-black","suit-3pc","Black",yes,"/images/blueprints/factory/b3a4547408a3__0721__Match_body_lining_color.jpg","drawing-unverified","DRAWING_UNCONFIRMED|SHARED_DRAWING",0,1,0,0,0
"suit-3pc|suit-lining|sleeve-lining-color|sl-custom","suit-3pc","Custom (Specify Code)",yes,"/images/blueprints/factory/b83b169d24cd__072D__Appointed_DIY_Printing.png","drawing-unverified","DRAWING_UNCONFIRMED",0,1,0,0,0
"suit-3pc|Vest-front-style|button-stance|sb-3","suit-3pc","SB 3 Buttons",yes,"/images/options/vest/sb-3.jpg","verified-match","",1,8,0,0,0
"suit-3pc|Vest-front-style|button-stance|sb-4","suit-3pc","SB 4 Buttons",yes,"/images/options/vest/sb-4.jpg","verified-match","",1,6,0,0,0
"suit-3pc|Vest-front-style|button-stance|sb-5","suit-3pc","SB 5 Buttons",yes,"/images/options/vest/sb-5.jpg","verified-match","",1,4,0,0,0
"suit-3pc|Vest-front-style|button-stance|sb-6","suit-3pc","SB 6 Buttons",yes,"/images/options/vest/sb-6.jpg","verified-match","",1,3,0,0,0
"suit-3pc|Vest-front-style|button-stance|db-4x2","suit-3pc","DB 4 × 2",yes,"/images/options/vest/db-4x2.jpg","verified-match","",1,6,0,0,0
"suit-3pc|Vest-front-style|button-stance|db-6x2","suit-3pc","DB 6 × 2",yes,"/images/options/vest/db-6x2.png","verified-match","HAS_OWNER_REFS",0,4,1,3,0
"suit-3pc|Vest-front-style|button-stance|db-6x3","suit-3pc","DB 6 × 3",yes,"/images/options/vest/db-6x3.jpg","verified-match","HAS_OWNER_REFS",0,4,1,1,0
"suit-3pc|Vest-front-style|button-stance|db-8x4","suit-3pc","DB 8 × 4",yes,"/images/options/vest/db-8x4.jpg","verified-match","",1,2,0,0,0
"suit-3pc|Vest-front-style|bottom-shape-vest|vest-bottom-regular","suit-3pc","Regular",yes,"/images/options/vest/vest-bottom-regular.jpg","verified-match","",1,2,0,0,0
"suit-3pc|Vest-front-style|bottom-shape-vest|vest-bottom-small","suit-3pc","Small Point",yes,"/images/options/vest/vest-bottom-small.jpg","verified-match","",1,3,0,0,0
"suit-3pc|Vest-front-style|bottom-shape-vest|vest-bottom-straight","suit-3pc","Square / Flat",yes,"/images/options/vest/vest-bottom-straight.jpg","verified-match","",1,2,0,0,0
"suit-3pc|Vest-front-style|bottom-shape-vest|vest-bottom-round","suit-3pc","Round",yes,"/images/options/vest/vest-bottom-round.jpg","verified-match","",1,2,0,0,0
"suit-3pc|Vest-front-style|bottom-shape-vest|vest-bottom-point","suit-3pc","Slant / Point",yes,"/images/options/vest/vest-bottom-point.jpg","verified-match","",0,1,0,0,0
"suit-3pc|Vest-front-style|buttonhole-type-vest|vest-bh-machine","suit-3pc","Machine Stitched",yes,"","missing","NO_DRAWING|NO_USABLE_PHOTO",0,0,0,0,0
"suit-3pc|Vest-front-style|buttonhole-type-vest|vest-bh-hand","suit-3pc","Handmade Buttonholes",yes,"/images/options/vest/vest-bh-hand.jpg","verified-match","",0,1,0,0,0
"suit-3pc|Vest-front-style|buttonhole-type-vest|vest-bh-round","suit-3pc","Handmade Round Buttonholes",yes,"","missing","NO_DRAWING|NO_USABLE_PHOTO",0,0,0,0,0
"suit-3pc|Vest-front-style|placket-direction|vest-left-over-right","suit-3pc","Left over Right",yes,"/images/options/vest/vest-left-over-right.jpg","verified-match","",1,2,0,0,0
"suit-3pc|Vest-front-style|placket-direction|vest-right-over-left","suit-3pc","Right over Left",yes,"/images/options/vest/vest-right-over-left.jpg","verified-match","",0,5,1,0,0
"suit-3pc|Vest-front-style|canvas-vest|vest-canvas-full","suit-3pc","Full Canvas",yes,"/images/options/vest/vest-canvas-full.jpg","verified-match","",0,1,0,0,0
"suit-3pc|Vest-front-style|canvas-vest|vest-canvas-half","suit-3pc","Half Canvas",yes,"/images/options/vest/vest-canvas-half.jpg","verified-match","",0,1,0,0,0
"suit-3pc|Vest-front-style|canvas-vest|vest-canvas-uncon","suit-3pc","Unconstructed Chest",yes,"/images/options/vest/vest-canvas-uncon.jpg","verified-match","",0,1,0,0,0
"suit-3pc|Vest-front-style|canvas-vest|vest-canvas-single","suit-3pc","Single Layer Chest Fusing",yes,"/images/options/vest/vest-canvas-single.jpg","verified-match","",0,1,0,0,0
"suit-3pc|Vest-front-style|canvas-vest|vest-canvas-fused","suit-3pc","Fused Canvas",yes,"/images/options/vest/vest-canvas-fused.jpg","verified-match","",0,1,0,0,0
"suit-3pc|Vest-lapel-neckline|neckline-style|v-neckline","suit-3pc","V-Neckline",yes,"/images/options/vest/v-neckline.jpg","verified-match","",1,2,0,0,0
"suit-3pc|Vest-lapel-neckline|neckline-style|u-neckline","suit-3pc","U-Neckline",yes,"/images/options/vest/u-neckline.jpg","verified-match","HAS_OWNER_REFS",0,4,1,1,0
"suit-3pc|Vest-lapel-neckline|neckline-style|notch-lapel-vest","suit-3pc","Notch without Collar Band",yes,"/images/options/vest/notch-lapel-vest.jpg","verified-match","",0,2,0,0,0
"suit-3pc|Vest-lapel-neckline|neckline-style|peak-lapel-vest","suit-3pc","Peak without Collar Band",yes,"/images/options/vest/peak-lapel-vest.jpg","verified-match","",0,2,0,0,0
"suit-3pc|Vest-lapel-neckline|neckline-style|shawl-lapel-vest","suit-3pc","Shawl without Collar Band",yes,"/images/options/vest/shawl-lapel-vest.jpg","verified-match","",0,3,0,0,0
"suit-3pc|Vest-lapel-neckline|neckline-style|lapel-collar-stand","suit-3pc","Notch with Collar Band",yes,"/images/options/vest/lapel-collar-stand.jpg","verified-match","",0,4,1,0,0
"suit-3pc|Vest-lapel-neckline|neckline-style|peak-collar-stand","suit-3pc","Peak with Collar Band",yes,"/images/options/vest/peak-collar-stand.jpg","verified-match","",1,4,0,0,0
"suit-3pc|Vest-lapel-neckline|neckline-style|shawl-collar-stand","suit-3pc","Shawl with Collar Band",yes,"/images/options/vest/shawl-collar-stand.jpg","verified-match","",0,4,1,0,0
"suit-3pc|Vest-lapel-neckline|lapel-width|vest-lapel-narrow","suit-3pc","Narrow 6 cm",yes,"/images/blueprints/baoxiniao/vest/KFABL/C.jpg","drawing-unverified","DRAWING_UNCONFIRMED|NO_USABLE_PHOTO",0,0,0,0,0
"suit-3pc|Vest-lapel-neckline|lapel-width|vest-lapel-standard","suit-3pc","Standard 7.5 cm",yes,"/images/blueprints/baoxiniao/vest/KFABL/F.jpg","drawing-unverified","DRAWING_UNCONFIRMED|NO_USABLE_PHOTO",0,0,0,0,0
"suit-3pc|Vest-lapel-neckline|lapel-width|vest-lapel-wide","suit-3pc","Wide 9 cm",yes,"","missing","NO_DRAWING|NO_USABLE_PHOTO",0,0,0,0,0
"suit-3pc|Vest-lapel-neckline|lapel-buttonhole-vest|vest-lapel-bh-none","suit-3pc","No Buttonhole",yes,"/images/blueprints/remote/b9f00f176e89__4544.jpg","verified-match","",0,1,0,0,0
"suit-3pc|Vest-lapel-neckline|lapel-buttonhole-vest|vest-lapel-bh-left","suit-3pc","Left",yes,"/images/options/vest/vest-lapel-bh-left.jpg","verified-match","",0,1,0,0,0
"suit-3pc|Vest-lapel-neckline|lapel-buttonhole-vest|vest-lapel-bh-left-two","suit-3pc","Left Two",yes,"/images/options/vest/vest-lapel-bh-left-two.jpg","verified-match","",0,1,0,0,0
"suit-3pc|Vest-lapel-neckline|lapel-buttonhole-vest|vest-lapel-bh-both","suit-3pc","Right & Left",yes,"/images/options/vest/vest-lapel-bh-both.jpg","verified-match","",0,1,0,0,0
"suit-3pc|Vest-lapel-neckline|lapel-hole-style|vest-hole-regular-straight","suit-3pc","Regular Straight",yes,"/images/options/vest/vest-hole-regular-straight.jpg","verified-match","",0,1,0,0,0
"suit-3pc|Vest-lapel-neckline|lapel-hole-style|vest-hole-regular-round","suit-3pc","Regular Round",yes,"/images/options/vest/vest-hole-regular-round.jpg","verified-match","",0,1,0,0,0
"suit-3pc|Vest-lapel-neckline|lapel-hole-style|vest-hole-real-straight","suit-3pc","Real Straight",yes,"/images/options/vest/vest-hole-real-straight.jpg","verified-match","",0,3,0,0,0
"suit-3pc|Vest-lapel-neckline|lapel-hole-style|vest-hole-real-straight-05","suit-3pc","Real Straight 0.5 cm",yes,"/images/options/vest/vest-hole-real-straight-05.jpg","verified-match","HAS_OWNER_REFS",0,5,1,1,0
"suit-3pc|Vest-lapel-neckline|collar-felt|vest-collar-felt-match","suit-3pc","Matched Collar Felt",yes,"/images/options/vest/vest-collar-felt-match.jpg","verified-match","",0,1,0,0,0
"suit-3pc|Vest-lapel-neckline|collar-felt|vest-collar-felt-body","suit-3pc","Match Body Fabric",yes,"/images/options/vest/vest-collar-felt-body.jpg","verified-match","",0,1,0,0,0
"suit-3pc|Vest-pockets|chest-pocket-vest|vest-chest-none","suit-3pc","No Chest Pocket",yes,"/images/options/vest/vest-chest-none.jpg","verified-match","",0,2,0,0,0
"suit-3pc|Vest-pockets|chest-pocket-vest|vest-chest-left-welt","suit-3pc","Left Welt",yes,"/images/options/vest/vest-chest-left-welt.jpg","verified-match","",0,1,0,0,0
"suit-3pc|Vest-pockets|chest-pocket-vest|vest-chest-left-besom","suit-3pc","Left Besom",yes,"/images/options/vest/vest-chest-left-besom.jpg","verified-match","",0,1,0,0,0
"suit-3pc|Vest-pockets|chest-pocket-vest|vest-chest-besom-flap","suit-3pc","Left Besom with Flap",yes,"/images/options/vest/vest-chest-besom-flap.jpg","verified-match","",1,3,0,0,0
"suit-3pc|Vest-pockets|chest-pocket-vest|vest-chest-left-patch","suit-3pc","Left Patch",yes,"/images/options/vest/vest-chest-left-patch.jpg","verified-match","",1,3,0,0,0
"suit-3pc|Vest-pockets|chest-pocket-vest|vest-chest-both-welt","suit-3pc","Right & Left Welt",yes,"/images/options/vest/vest-chest-both-welt.jpg","verified-match","",1,2,0,0,0
"suit-3pc|Vest-pockets|chest-pocket-vest|vest-chest-both-besom","suit-3pc","Right & Left Besom",yes,"/images/options/vest/vest-chest-both-besom.jpg","verified-match","",1,7,0,0,0
"suit-3pc|Vest-pockets|chest-pocket-vest|vest-chest-both-besom-flap","suit-3pc","R&L Besom with Flap",yes,"/images/options/vest/vest-chest-both-besom-flap.jpg","verified-match","",1,3,0,0,0
"suit-3pc|Vest-pockets|chest-pocket-vest|vest-chest-both-patch","suit-3pc","Right & Left Patch",yes,"/images/options/vest/vest-chest-both-patch.jpg","verified-match","HAS_OWNER_REFS",0,4,1,1,0
"suit-3pc|Vest-pockets|lower-pockets-vest|vest-lower-none","suit-3pc","No Lower Pockets",yes,"/images/options/vest/vest-lower-none.jpg","verified-match","",0,2,0,0,0
"suit-3pc|Vest-pockets|lower-pockets-vest|vest-lower-welt","suit-3pc","Regular Welt",yes,"/images/options/vest/vest-lower-welt.jpg","verified-match","",0,3,0,0,0
"suit-3pc|Vest-pockets|lower-pockets-vest|vest-lower-welt-1cm","suit-3pc","1.0 cm Width Welt",yes,"/images/options/vest/vest-lower-welt-1cm.jpg","verified-match","",1,3,0,0,0
"suit-3pc|Vest-pockets|lower-pockets-vest|vest-lower-jetted","suit-3pc","Besom",yes,"/images/options/vest/vest-lower-jetted.jpg","verified-match","",1,2,0,0,0
"suit-3pc|Vest-pockets|lower-pockets-vest|vest-lower-besom-flap","suit-3pc","Besom with Flap",yes,"/images/options/vest/vest-lower-besom-flap.jpg","verified-match","",1,3,0,0,0
"suit-3pc|Vest-pockets|lower-pockets-vest|vest-lower-patch","suit-3pc","Patch",yes,"/images/options/vest/vest-lower-patch.jpg","verified-match","",1,2,0,0,0
"suit-3pc|Vest-pockets|lower-pockets-vest|vest-lower-slanted","suit-3pc","Slant Welt",yes,"/images/options/vest/vest-lower-slanted.jpg","verified-match","",1,2,0,0,0
"suit-3pc|Vest-pockets|lower-pockets-vest|vest-lower-slant-besom","suit-3pc","Slant Besom",yes,"/images/options/vest/vest-lower-slant-besom.jpg","verified-match","",1,3,0,0,0
"suit-3pc|Vest-pockets|lower-pockets-vest|vest-lower-slant-flap","suit-3pc","Slant Besom with Flap",yes,"/images/options/vest/vest-lower-slant-flap.jpg","verified-match","",1,4,0,0,0
"suit-3pc|Vest-pockets|ticket-pocket-vest|vest-ticket-none","suit-3pc","None",yes,"/images/options/vest/vest-ticket-none.jpg","verified-match","",0,2,0,0,0
"suit-3pc|Vest-pockets|ticket-pocket-vest|vest-ticket-besom","suit-3pc","Besom",yes,"/images/options/vest/vest-ticket-besom.jpg","verified-match","",1,5,0,0,0
"suit-3pc|Vest-pockets|ticket-pocket-vest|vest-ticket-right","suit-3pc","Right Welt",yes,"/images/options/vest/vest-ticket-right.jpg","verified-match","",1,4,0,0,0
"suit-3pc|Vest-pockets|ticket-pocket-vest|vest-ticket-left","suit-3pc","Left Welt",yes,"/images/options/vest/vest-ticket-left.jpg","verified-match","",1,4,0,0,0
"suit-3pc|Vest-pockets|ticket-pocket-vest|vest-ticket-besom-flap","suit-3pc","Besom with Flap",yes,"/images/options/vest/vest-ticket-besom-flap.jpg","verified-match","",1,2,0,0,0
"suit-3pc|Vest-pockets|ticket-pocket-vest|vest-ticket-diamond-flap","suit-3pc","Besom with Diamond Flap",yes,"/images/options/vest/vest-ticket-diamond-flap.jpg","verified-match","",0,5,1,0,0
"suit-3pc|Vest-pockets|ticket-pocket-vest|vest-ticket-slant-besom","suit-3pc","Slant Besom",yes,"/images/options/vest/vest-ticket-slant-besom.jpg","verified-match","",1,4,0,0,0
"suit-3pc|Vest-pockets|ticket-pocket-vest|vest-ticket-lr-slant-welt","suit-3pc","Left & Right Slant Welt",yes,"/images/options/vest/vest-ticket-lr-slant-welt.jpg","verified-match","",1,2,0,0,0
"suit-3pc|Vest-back-fit|back-style-vest|back-fabric-vest","suit-3pc","Standard with Strap",yes,"/images/options/vest/back-fabric-vest.png","verified-match","",0,1,0,0,0
"suit-3pc|Vest-back-fit|back-style-vest|back-stretch-vest","suit-3pc","Without Belt",yes,"/images/options/vest/back-stretch-vest.jpg","verified-match","",0,2,0,0,0
"suit-3pc|Vest-back-fit|back-fabric-code|vest-back-match","suit-3pc","Matched Lining",no,"/images/options/vest/vest-back-match.jpg","verified-match","",0,1,0,0,0
"suit-3pc|Vest-back-fit|back-fabric-code|vest-back-fabric","suit-3pc","Fabric",no,"/images/options/vest/vest-back-fabric.jpg","verified-match","",0,1,0,0,0
"suit-3pc|Vest-back-fit|back-fabric-code|vest-back-specify","suit-3pc","Specify Fabric",yes,"/images/options/vest/vest-back-specify.jpg","verified-match","",0,1,0,0,0
"suit-3pc|Vest-back-fit|back-fabric-code|vest-back-lining","suit-3pc","Specify Lining",no,"/images/options/vest/vest-back-lining.png","verified-match","",0,1,0,0,0
"suit-3pc|Vest-back-fit|back-fabric-code|vest-back-diy","suit-3pc","DIY Printing",yes,"/images/options/vest/vest-back-diy.jpg","verified-match","",0,1,0,0,0
"suit-3pc|Vest-back-fit|back-waist-belt-fabric|vest-waist-belt-fabric","suit-3pc","Fabric",yes,"/images/options/vest/vest-waist-belt-fabric.png","verified-match","",0,1,0,0,0
"suit-3pc|Vest-back-fit|back-waist-belt-fabric|vest-waist-belt-lining","suit-3pc","Appointed Lining",no,"/images/options/vest/vest-waist-belt-lining.png","verified-match","",0,1,0,0,0
"suit-3pc|Vest-back-fit|back-detail-design|vest-back-strap-buckle","suit-3pc","With Strap & Buckle",yes,"/images/options/vest/vest-back-strap-buckle.jpg","verified-match","",1,4,0,0,0
"suit-3pc|Vest-back-fit|back-detail-design|vest-back-belt-3cm","suit-3pc","Back Belt 3 cm Width + Buckle",yes,"/images/options/vest/vest-back-belt-3cm.jpg","verified-match","",1,3,0,0,0
"suit-3pc|Vest-contrast-vest|contrast-lapel-collar|vest-contrast-lapel-none","suit-3pc","None",yes,"","missing","NO_DRAWING|NO_USABLE_PHOTO",0,0,0,0,0
"suit-3pc|Vest-contrast-vest|contrast-lapel-collar|vest-contrast-lapel-diy","suit-3pc","DIY Contrast Lapel & Collar",yes,"/images/options/vest/vest-contrast-lapel-diy.jpg","verified-match","",0,1,0,0,0
"suit-3pc|Vest-contrast-vest|contrast-lapel-collar|vest-contrast-lapel-diy-1cm","suit-3pc","DIY 1.0 cm Edging",yes,"/images/options/vest/vest-contrast-lapel-diy-1cm.jpg","verified-match","",0,1,0,0,0
"suit-3pc|Vest-contrast-vest|contrast-lapel-collar|vest-contrast-lapel-specify","suit-3pc","Specify Lapel",yes,"/images/options/vest/vest-contrast-lapel-specify.jpg","verified-match","",0,1,0,0,0
"suit-3pc|Vest-contrast-vest|contrast-lapel-collar|vest-contrast-lapel-1cm-specify","suit-3pc","Specify 1.0 cm Edging Lapel",yes,"/images/options/vest/vest-contrast-lapel-1cm-specify.jpg","verified-match","",0,1,0,0,0
"suit-3pc|Vest-contrast-vest|contrast-lapel-collar|vest-contrast-collar-specify","suit-3pc","Specify Collar",yes,"/images/options/vest/vest-contrast-collar-specify.jpg","verified-match","",0,1,0,0,0
"suit-3pc|Vest-contrast-vest|contrast-lapel-collar|vest-contrast-collar-1cm-specify","suit-3pc","Specify 1.0 cm Edging Collar",yes,"/images/options/vest/vest-contrast-collar-1cm-specify.jpg","verified-match","",1,4,0,0,0
"suit-3pc|Vest-contrast-vest|contrast-pocket-vest|vest-contrast-pocket-none","suit-3pc","None",yes,"","missing","NO_DRAWING|NO_USABLE_PHOTO",0,0,0,0,0
"suit-3pc|Vest-contrast-vest|contrast-pocket-vest|vest-contrast-diy-flap","suit-3pc","DIY Flap Surface",yes,"/images/options/vest/vest-contrast-diy-flap.jpg","verified-match","",0,1,0,0,0
"suit-3pc|Vest-contrast-vest|contrast-pocket-vest|vest-contrast-diy-seam","suit-3pc","DIY Seam",yes,"/images/options/vest/vest-contrast-diy-seam.jpg","verified-match","",0,1,0,0,0
"suit-3pc|Vest-contrast-vest|contrast-pocket-vest|vest-contrast-diy-1cm","suit-3pc","DIY 1.0 cm Contrast",yes,"/images/options/vest/vest-contrast-diy-1cm.jpg","verified-match","",0,1,0,0,0
"suit-3pc|Vest-contrast-vest|contrast-pocket-vest|vest-contrast-diy-seam-bottom","suit-3pc","DIY Seam and Bottom",yes,"/images/options/vest/vest-contrast-diy-seam-bottom.jpg","verified-match","",0,1,0,0,0
"suit-3pc|Vest-contrast-vest|contrast-pocket-vest|vest-contrast-specify-seam-bottom","suit-3pc","Specify Seam and Bottom",yes,"/images/options/vest/vest-contrast-specify-seam-bottom.jpg","verified-match","",0,1,0,0,0
"suit-3pc|Vest-contrast-vest|contrast-pocket-vest|vest-contrast-specify-patch","suit-3pc","Specify Patch",yes,"/images/options/vest/vest-contrast-specify-patch.jpg","verified-match","",0,1,0,0,0
"suit-3pc|Vest-contrast-vest|contrast-pocket-vest|vest-contrast-specify-patch-surface","suit-3pc","Specify Patch Surface",yes,"/images/options/vest/vest-contrast-specify-patch-surface.jpg","verified-match","",0,1,0,0,0
"suit-3pc|Vest-contrast-vest|contrast-pocket-vest|vest-contrast-specify-seam","suit-3pc","Specify Seam",yes,"/images/options/vest/vest-contrast-specify-seam.jpg","verified-match","",0,1,0,0,0
"suit-3pc|Vest-contrast-vest|covered-button-vest|vest-button-match","suit-3pc","Match Fabric",yes,"/images/options/vest/vest-button-match.jpg","verified-match","",0,1,0,0,0
"suit-3pc|Vest-contrast-vest|covered-button-vest|vest-button-diy","suit-3pc","DIY Fabric Covered Button",yes,"/images/options/vest/vest-button-diy.jpg","verified-match","",0,1,0,0,0
"suit-3pc|Vest-lining-vest|vest-lining-color|vest-bl-match","suit-3pc","Match Fabric",no,"/images/options/vest/vest-bl-match.jpg","verified-match","",0,1,0,0,0
"suit-3pc|Vest-lining-vest|vest-lining-color|vest-bl-navy","suit-3pc","Navy Solid",yes,"/images/options/vest/vest-bl-navy.jpg","verified-match","",0,1,0,0,0
"suit-3pc|Vest-lining-vest|vest-lining-color|vest-bl-black","suit-3pc","Black Solid",yes,"/images/options/vest/vest-bl-black.jpg","verified-match","",0,1,0,0,0
"suit-3pc|Vest-lining-vest|vest-lining-color|vest-bl-cream","suit-3pc","Cream / Ivory",yes,"/images/options/vest/vest-bl-cream.jpg","verified-match","",0,1,0,0,0
"suit-3pc|Vest-lining-vest|vest-lining-color|vest-bl-gold-paisley","suit-3pc","Gold Paisley",yes,"/images/options/vest/vest-bl-gold-paisley.jpg","verified-match","",0,1,0,0,0
"suit-3pc|Vest-lining-vest|vest-lining-color|vest-bl-custom","suit-3pc","Custom Lining (Provide Code)",yes,"/images/options/vest/vest-bl-custom.jpg","verified-match","",0,1,0,0,0
"suit-3pc|Vest-lining-vest|vest-lining-type|vest-lining-regular","suit-3pc","Regular Lining",yes,"","missing","NO_DRAWING|NO_USABLE_PHOTO",0,0,0,0,0
"suit-3pc|Vest-lining-vest|vest-lining-type|vest-lining-artistic","suit-3pc","Artistic Lining (Placement)",yes,"/images/options/vest/vest-lining-artistic.jpg","verified-match","",1,6,0,3,0
"suit-3pc|Vest-lining-vest|vest-lining-type|vest-lining-diy-print","suit-3pc","DIY Printing",yes,"/images/options/vest/vest-lining-diy-print.jpg","verified-match","",0,1,0,0,0
"suit-3pc|Vest-lining-vest|vest-piping|vest-piping-none","suit-3pc","No Piping",yes,"","missing","NO_DRAWING|NO_USABLE_PHOTO",0,0,0,0,0
"suit-3pc|Vest-lining-vest|vest-piping|vest-piping-diy","suit-3pc","DIY Piping",yes,"/images/options/vest/vest-piping-diy.jpg","verified-match","",0,1,0,0,0
"suit-3pc|Vest-lining-vest|vest-label-placement|vest-label-inner","suit-3pc","Inner Breast Pocket Area",yes,"","missing","NO_DRAWING|NO_USABLE_PHOTO",0,0,0,0,0
"suit-3pc|Vest-lining-vest|vest-label-placement|vest-label-seam","suit-3pc","Side Seam",yes,"","missing","NO_DRAWING|NO_USABLE_PHOTO",0,0,0,0,0
"suit-3pc|Vest-buttons-thread-vest|button-choice-vest|vest-btn-match","suit-3pc","Match Fabric",yes,"/images/options/vest/vest-btn-match.jpg","verified-match","",0,1,0,0,0
"suit-3pc|Vest-buttons-thread-vest|button-choice-vest|vest-btn-appoint","suit-3pc","Appoint Button",yes,"","missing","NO_DRAWING|NO_USABLE_PHOTO",0,0,0,0,0
"suit-3pc|Vest-buttons-thread-vest|button-sewing-style-vest|vest-btn-cross","suit-3pc","Cross",no,"/images/options/vest/vest-btn-cross.jpg","verified-match","",0,1,0,0,0
"suit-3pc|Vest-buttons-thread-vest|button-sewing-style-vest|vest-btn-parallel","suit-3pc","Parallel",no,"/images/options/vest/vest-btn-parallel.jpg","verified-match","",0,1,0,0,0
"suit-3pc|Vest-buttons-thread-vest|button-sewing-style-vest|vest-btn-claw","suit-3pc","Claw",no,"/images/options/vest/vest-btn-claw.jpg","verified-match","",0,1,0,0,0
"suit-3pc|Vest-buttons-thread-vest|button-sewing-style-vest|vest-btn-square","suit-3pc","Square",no,"/images/options/vest/vest-btn-square.jpg","verified-match","",0,1,0,0,0
"suit-3pc|Vest-buttons-thread-vest|button-thread-color-vest|vest-thread-match-bh","suit-3pc","Match Buttonhole",no,"/images/options/vest/vest-thread-match-bh.jpg","verified-match","",0,1,0,0,0
"suit-3pc|Vest-buttons-thread-vest|button-thread-color-vest|vest-thread-diy","suit-3pc","DIY Button Thread",no,"/images/options/vest/vest-thread-diy.jpg","verified-match","",0,1,0,0,0
"suit-3pc|Vest-buttons-thread-vest|button-thread-color-vest|vest-thread-diy-last","suit-3pc","DIY Placket Last Button",no,"/images/options/vest/vest-thread-diy-last.jpg","verified-match","",0,1,0,0,0
"suit-3pc|Vest-buttons-thread-vest|buttonhole-thread-vest|vest-bh-thread-standard","suit-3pc","Standard",yes,"","missing","NO_DRAWING|NO_USABLE_PHOTO",0,0,0,0,0
"suit-3pc|Vest-buttons-thread-vest|buttonhole-thread-vest|vest-bh-thread-diy-last","suit-3pc","DIY Last Buttonhole Thread",yes,"/images/options/vest/vest-bh-thread-diy-last.jpg","verified-match","",0,1,0,0,0
"suit-3pc|Vest-buttons-thread-vest|buttonhole-thread-vest|vest-bh-thread-diy-lapel","suit-3pc","DIY Lapel Buttonhole",yes,"/images/options/vest/vest-bh-thread-diy-lapel.jpg","verified-match","",0,1,0,0,0
"suit-3pc|Vest-buttons-thread-vest|stitch-style-vest|vest-stitch-none","suit-3pc","No Pick Stitching",yes,"/images/options/vest/vest-stitch-none.jpg","verified-match","",0,1,0,0,0
"suit-3pc|Vest-buttons-thread-vest|stitch-style-vest|vest-stitch-pic-06","suit-3pc","0.6 cm Pick Stitch",yes,"/images/options/vest/vest-stitch-pic-06.jpg","verified-match","",0,1,0,0,0
"suit-3pc|Vest-buttons-thread-vest|stitch-style-vest|vest-stitch-top-06","suit-3pc","0.6 cm Top Stitch",yes,"/images/options/vest/vest-stitch-top-06.jpg","verified-match","",1,2,0,0,0
"suit-3pc|Vest-fitting-vest|fitting-adjustment-vest|vest-fit-standard","suit-3pc","Standard",yes,"","missing","NO_DRAWING|NO_USABLE_PHOTO",0,0,0,0,0
"suit-3pc|Vest-fitting-vest|fitting-adjustment-vest|vest-fit-arm-hole-1cm","suit-3pc","-1.0 cm Arm Hole",yes,"","missing","NO_DRAWING|NO_USABLE_PHOTO",0,0,0,0,0
"suit-3pc|Vest-fitting-vest|fitting-adjustment-vest|vest-fit-stomach-dart","suit-3pc","Deep Stomach Dart",yes,"","missing","NO_DRAWING|NO_USABLE_PHOTO",0,0,0,0,0
"suit-3pc|Vest-fitting-vest|vest-extras|vest-extra-none","suit-3pc","None",yes,"","missing","NO_DRAWING|NO_USABLE_PHOTO",0,0,0,0,0
"suit-3pc|Vest-fitting-vest|vest-extras|vest-extra-satin-wrap","suit-3pc","Satin Button Wrapping",yes,"/images/options/vest/vest-extra-satin-wrap.jpg","verified-match","",0,1,0,0,0
"suit-3pc|Vest-fitting-vest|vest-extras|vest-extra-no-seal-stitch","suit-3pc","No Seal Stitch on Pocket",yes,"/images/options/vest/vest-extra-no-seal-stitch.jpg","verified-match","",0,1,0,0,0
"suit-3pc|Vest-fitting-vest|vest-extras|vest-extra-pad-buttons","suit-3pc","Placket with Pad Buttons",yes,"","missing","NO_DRAWING|NO_USABLE_PHOTO",0,0,0,0,0
"suit-3pc|Trousers-front-pockets|front-pocket-style|slant-pockets","suit-3pc","3.2 cm Slant Pocket",yes,"/images/blueprints/factory/fd63bf751c58__3101__3.2cm_slant.jpg","drawing-unverified","DRAWING_UNCONFIRMED",0,2,0,0,0
"suit-3pc|Trousers-front-pockets|front-pocket-style|on-seam-pockets","suit-3pc","On-Seam (Side Seam)",yes,"/images/blueprints/factory/a1a8d4d2842a__3130__Sideseam.jpg","drawing-unverified","DRAWING_UNCONFIRMED",0,2,0,0,0
"suit-3pc|Trousers-front-pockets|front-pocket-style|quarter-top","suit-3pc","2.5 cm Slant Pocket",yes,"/images/blueprints/factory/1c5aed3c1ce4__3104__2.5cm_slant.jpg","suspect-ambiguous","DRAWING_SUSPECT",0,2,0,0,0
"suit-3pc|Trousers-front-pockets|front-pocket-style|no-front-pockets","suit-3pc","No Front Pockets",yes,"/images/blueprints/factory/39618b03fc3d__313C__No.jpg","drawing-unverified","DRAWING_UNCONFIRMED",0,2,0,0,0
"suit-3pc|Trousers-front-pockets|front-pocket-style|jetted-front","suit-3pc","Besom / Jetted Pocket",yes,"/images/blueprints/factory/9092405bd48f__3131__Besom.jpg","verified-match","",0,1,0,0,0
"suit-3pc|Trousers-front-pockets|front-pocket-style|slant-20","suit-3pc","2.0 cm Slant Pocket",yes,"/images/blueprints/remote/4017b96761a3__3100.jpg","drawing-unverified","DRAWING_UNCONFIRMED",0,5,0,0,0
"suit-3pc|Trousers-front-pockets|front-pocket-style|slant-51","suit-3pc","5.1 cm Slant Pocket",yes,"/images/blueprints/remote/76eec2e1b5b7__3102.jpg","drawing-unverified","DRAWING_UNCONFIRMED",0,5,0,0,0
"suit-3pc|Trousers-front-pockets|front-pocket-style|welt-pocket","suit-3pc","Welt Front Pocket",yes,"/images/blueprints/remote/01dc8f37109e__3132.jpg","verified-match","EXTERNAL_WEB_PHOTO",0,2,0,0,2
"suit-3pc|Trousers-front-pockets|front-pocket-style|slant-20-stripe","suit-3pc","2.0 cm Slant with Stripe",yes,"/images/blueprints/remote/cac83d873411__3120.jpg","drawing-unverified","DRAWING_UNCONFIRMED",0,3,0,0,0
"suit-3pc|Trousers-front-pockets|front-pocket-style|slant-25-stripe","suit-3pc","2.5 cm Slant with Stripe",yes,"/images/blueprints/remote/90f739dcde96__3124.jpg","drawing-unverified","DRAWING_UNCONFIRMED",0,2,0,0,0
"suit-3pc|Trousers-front-pockets|front-pocket-style|slant-32-stripe","suit-3pc","3.2 cm Slant with Stripe",yes,"/images/blueprints/remote/ae13c72fb52e__3121.jpg","drawing-unverified","DRAWING_UNCONFIRMED",0,3,0,0,0
"suit-3pc|Trousers-front-pockets|front-pocket-style|slant-51-stripe","suit-3pc","5.1 cm Slant with Stripe",yes,"/images/blueprints/remote/91eb56a23d7e__3122.jpg","drawing-unverified","DRAWING_UNCONFIRMED",0,3,0,0,0
"suit-3pc|Trousers-front-pockets|front-pocket-style|jeans-square","suit-3pc","Square Jeans Pocket",yes,"/images/blueprints/remote/14975407461c__3133.jpg","verified-match","",0,1,0,0,0
"suit-3pc|Trousers-front-pockets|front-pocket-style|jeans-diamond","suit-3pc","Diamond Jeans Pocket",yes,"/images/blueprints/remote/134adbb9c138__3134.jpg","verified-match","",0,1,0,0,0
"suit-3pc|Trousers-front-pockets|front-pocket-style|jeans-arc","suit-3pc","Arc Jeans Pocket",yes,"/images/blueprints/remote/3c70f95c470f__3135.jpg","verified-match","",0,1,0,0,0
"suit-3pc|Trousers-front-pockets|front-pocket-style|jeans-round","suit-3pc","Round Jeans Pocket",yes,"/images/blueprints/remote/1e222211e243__3136.jpg","drawing-unverified","DRAWING_UNCONFIRMED",0,1,0,0,0
"suit-3pc|Trousers-front-pockets|pocket-depth|pocket-shallow","suit-3pc","Shallow (20 cm)",yes,"/images/blueprints/baoxiniao/trousers/KPOKS/F.jpg","drawing-unverified","DRAWING_UNCONFIRMED",0,1,0,0,0
"suit-3pc|Trousers-front-pockets|pocket-depth|pocket-standard","suit-3pc","Standard (23 cm)",yes,"/images/blueprints/baoxiniao/trousers/KPOKS/A.jpg","drawing-unverified","DRAWING_UNCONFIRMED",0,1,0,0,0
"suit-3pc|Trousers-front-pockets|pocket-depth|pocket-deep","suit-3pc","Deep (26 cm)",yes,"/images/blueprints/baoxiniao/trousers/KPOKS/C.jpg","drawing-unverified","DRAWING_UNCONFIRMED",0,1,0,0,0
"suit-3pc|Trousers-front-pockets|pocket-stitching|pocket-stitch-none","suit-3pc","No Topstitch (Hidden Stitch)",yes,"/images/blueprints/factory/10bfe4668d92__31A6__No_top_stitch_hidden_stitch.jpg","suspect-ambiguous","DRAWING_SUSPECT",0,1,0,0,0
"suit-3pc|Trousers-front-pockets|pocket-stitching|pocket-stitch-06","suit-3pc","0.6 cm Topstitch",yes,"","missing","NO_DRAWING",0,1,0,0,0
"suit-3pc|Trousers-front-pockets|pocket-stitching|pocket-stitch-double","suit-3pc","0.1 + 0.7 cm Double Topstitch",yes,"/images/blueprints/factory/79a074c919dd__31A9__With_0.1_0.7_top_stitching.jpg","drawing-unverified","DRAWING_UNCONFIRMED",0,1,0,0,0
"suit-3pc|Trousers-front-pockets|pocket-stitching|pocket-stitch-015","suit-3pc","0.15 cm Topstitch",yes,"/images/blueprints/remote/cefac731f303__31A1.jpg","suspect-ambiguous","DRAWING_SUSPECT",0,2,0,0,0
"suit-3pc|Trousers-front-pockets|pocket-stitching|pocket-stitch-pick-06","suit-3pc","0.6 cm Pick Stitch",yes,"/images/blueprints/remote/0c5cfcfe96d9__165588183495006.jpg","drawing-unverified","DRAWING_UNCONFIRMED|HAS_OWNER_REFS",0,4,1,1,0
"suit-3pc|Trousers-front-pockets|pocket-stitching|pocket-stitch-pick-015","suit-3pc","0.15 cm Pick Stitch",yes,"/images/blueprints/remote/3b3071cbc092__3302.jpg","drawing-unverified","DRAWING_UNCONFIRMED",0,1,0,0,0
"suit-3pc|Trousers-front-pockets|watch-pocket|watch-none","suit-3pc","None",yes,"/images/blueprints/factory/b9c177a1e8c4__3169__No.jpg","drawing-unverified","DRAWING_UNCONFIRMED",0,2,0,0,0
"suit-3pc|Trousers-front-pockets|watch-pocket|watch-right","suit-3pc","Regular Right",yes,"/images/blueprints/factory/449292155f03__3180__Regular_right.jpg","verified-match","",0,5,0,0,0
"suit-3pc|Trousers-front-pockets|watch-pocket|watch-left","suit-3pc","Left Welt",yes,"","missing","NO_DRAWING",0,3,0,0,0
"suit-3pc|Trousers-front-pockets|watch-pocket|watch-both","suit-3pc","Both Sides",yes,"/images/blueprints/factory/88f95280e442__3532__Left_right.jpg","drawing-unverified","DRAWING_UNCONFIRMED",0,3,0,0,0
"suit-3pc|Trousers-front-pockets|watch-pocket|watch-right-welt","suit-3pc","Right Welt",yes,"/images/blueprints/remote/9f85b09eb9d0__3181.jpg","verified-match","",0,3,0,0,0
"suit-3pc|Trousers-front-pockets|watch-pocket|watch-right-besom","suit-3pc","Right Besom",yes,"/images/blueprints/remote/50184b7abbb4__3188.jpg","verified-match","",0,3,0,0,0
"suit-3pc|Trousers-front-pockets|watch-pocket|watch-left-besom","suit-3pc","Left Besom",yes,"/images/blueprints/remote/7d7d99126a50__3178.jpg","drawing-unverified","DRAWING_UNCONFIRMED",0,2,0,0,0
"suit-3pc|Trousers-front-pockets|watch-pocket|watch-diamond-flap","suit-3pc","Right with Diamond Flap",yes,"/images/blueprints/remote/c82dba868d19__3186.jpg","drawing-unverified","DRAWING_UNCONFIRMED",0,3,0,0,0
"suit-3pc|Trousers-front-pockets|coin-pocket|coin-none","suit-3pc","None",yes,"/images/blueprints/remote/1b89d5849265__3533.jpg","drawing-unverified","DRAWING_UNCONFIRMED|UNPLACEABLE_DECISION",0,3,0,0,0
"suit-3pc|Trousers-front-pockets|coin-pocket|coin-right","suit-3pc","Right Side",yes,"/images/blueprints/remote/1d73941a4932__3530.jpg","drawing-unverified","DRAWING_UNCONFIRMED|UNPLACEABLE_DECISION",0,3,0,0,0
"suit-3pc|Trousers-front-pockets|coin-pocket|coin-left","suit-3pc","Left Side",yes,"/images/blueprints/remote/099818025ae9__3531.jpg","drawing-unverified","DRAWING_UNCONFIRMED|HAS_OWNER_REFS",0,4,1,1,0
"suit-3pc|Trousers-front-pockets|coin-pocket|coin-both","suit-3pc","Both Sides",yes,"/images/blueprints/remote/7f475092fe8b__3532.jpg","verified-match","UNPLACEABLE_DECISION",0,1,0,0,0
"suit-3pc|Trousers-front-pockets|pocket-knot|knot-i","suit-3pc","I-Shape Bartack",yes,"/images/blueprints/remote/cc2d765f6c59__167843791093474.png","drawing-unverified","DRAWING_UNCONFIRMED",0,1,0,0,0
"suit-3pc|Trousers-front-pockets|pocket-knot|knot-d","suit-3pc","D-Shape Bartack",yes,"/images/blueprints/remote/4c60eab1740c__169505392660138.png","drawing-unverified","DRAWING_UNCONFIRMED",0,1,0,0,0
"suit-3pc|Trousers-front-pockets|pocket-knot|knot-dash","suit-3pc","Dash (–) Bartack",yes,"/images/blueprints/remote/9638b5fbd394__167843798034583.png","drawing-unverified","DRAWING_UNCONFIRMED",0,1,0,0,0
"suit-3pc|Trousers-front-pockets|pocket-knot|knot-hip-i","suit-3pc","Hip Pocket I-Edge",yes,"/images/blueprints/remote/243038270395__167843782135108.png","drawing-unverified","DRAWING_UNCONFIRMED",0,2,0,0,0
"suit-3pc|Trousers-waistband|waistband-style|waist-standard","suit-3pc","Standard Waistband",yes,"/images/blueprints/baoxiniao/trousers/REQST/A.jpg","drawing-unverified","DRAWING_UNCONFIRMED|EXTERNAL_WEB_PHOTO",0,4,0,0,10
"suit-3pc|Trousers-waistband|waistband-style|waist-extended-tab","suit-3pc","Extended Tab Waistband",yes,"","missing","NO_DRAWING|EXTERNAL_WEB_PHOTO",0,1,0,0,10
"suit-3pc|Trousers-waistband|waistband-style|waist-waistcoat-back","suit-3pc","Waistcoat Back Band",yes,"","missing","NO_DRAWING|EXTERNAL_WEB_PHOTO|NO_USABLE_PHOTO",0,0,0,0,10
"suit-3pc|Trousers-waistband|waistband-style|waist-elasticated","suit-3pc","Elasticated Insert",yes,"","missing","NO_DRAWING|NO_USABLE_PHOTO",0,0,0,0,0
"suit-3pc|Trousers-waistband|waistband-style|waist-double","suit-3pc","Double Waistband",yes,"","missing","NO_DRAWING|EXTERNAL_WEB_PHOTO|NO_USABLE_PHOTO",0,0,0,0,2
"suit-3pc|Trousers-waistband|waistband-style|waist-no-band","suit-3pc","Trouser Waist (No Band)",yes,"","missing","NO_DRAWING|EXTERNAL_WEB_PHOTO|NO_USABLE_PHOTO",0,0,0,0,10
"suit-3pc|Trousers-waistband|waistband-width|wband-35","suit-3pc","3.5 cm",yes,"","missing","NO_DRAWING|NO_USABLE_PHOTO",0,0,0,0,0
"suit-3pc|Trousers-waistband|waistband-width|wband-38","suit-3pc","3.8 cm",yes,"","missing","NO_DRAWING|NO_USABLE_PHOTO",0,0,0,0,0
"suit-3pc|Trousers-waistband|waistband-width|wband-40","suit-3pc","4.0 cm",yes,"","missing","NO_DRAWING|NO_USABLE_PHOTO",0,0,0,0,0
"suit-3pc|Trousers-waistband|waistband-width|wband-45","suit-3pc","4.5 cm",yes,"","missing","NO_DRAWING|NO_USABLE_PHOTO",0,0,0,0,0
"suit-3pc|Trousers-waistband|waistband-width|wband-50","suit-3pc","5.0 cm",yes,"","missing","NO_DRAWING|NO_USABLE_PHOTO",0,0,0,0,0
"suit-3pc|Trousers-waistband|waistband-extension|ext-straight","suit-3pc","Sharp, Hook & Button",yes,"/images/blueprints/factory/30d058bb5e5f__3412__Sharp_hook_btn.png","drawing-unverified","DRAWING_UNCONFIRMED",0,1,0,0,0
"suit-3pc|Trousers-waistband|waistband-extension|ext-pointed","suit-3pc","Round, Hook & Button",yes,"/images/blueprints/factory/b14a71bdfdb9__3413__Round_hook_btn.jpg","verified-match","",0,1,0,0,0
"suit-3pc|Trousers-waistband|waistband-extension|ext-curved","suit-3pc","Square, Hook & Button",yes,"/images/blueprints/factory/83fb9e94e989__342A__Square_hook_btn.png","drawing-unverified","DRAWING_UNCONFIRMED",0,1,0,0,0
"suit-3pc|Trousers-waistband|waistband-extension|ext-no-btn","suit-3pc","No Extension, Button Only",yes,"/images/blueprints/remote/320d8ab0847a__3411.jpg","drawing-unverified","DRAWING_UNCONFIRMED",0,1,0,0,0
"suit-3pc|Trousers-waistband|waistband-extension|ext-no-hook","suit-3pc","No Extension, Hook Only",yes,"/images/blueprints/remote/b87e70d16b98__3410.jpg","drawing-unverified","DRAWING_UNCONFIRMED",0,1,0,0,0
"suit-3pc|Trousers-waistband|waistband-extension|ext-sharp-double","suit-3pc","Double Sharp Extension",yes,"/images/blueprints/remote/c7bf619b903f__3416.jpg","drawing-unverified","DRAWING_UNCONFIRMED",0,1,0,0,0
"suit-3pc|Trousers-waistband|waistband-extension|ext-round-double","suit-3pc","Double Round Extension",yes,"/images/blueprints/remote/4e94d4deb4e9__3415.jpg","drawing-unverified","DRAWING_UNCONFIRMED",0,1,0,0,0
"suit-3pc|Trousers-waistband|waistband-extension|ext-square-double","suit-3pc","Double Square Extension",yes,"/images/blueprints/remote/05e7a7878d0d__3417.jpg","drawing-unverified","DRAWING_UNCONFIRMED",0,1,0,0,0
"suit-3pc|Trousers-waistband|waistband-extension|ext-sharp-dbl-hooks","suit-3pc","Sharp, Double Hooks",yes,"/images/blueprints/remote/b981324a2a86__342T.jpg","drawing-unverified","DRAWING_UNCONFIRMED",0,1,0,0,0
"suit-3pc|Trousers-waistband|waistband-extension|ext-round-dbl-hooks","suit-3pc","Round, Double Hooks",yes,"/images/blueprints/remote/15cce2379001__342R.jpg","drawing-unverified","DRAWING_UNCONFIRMED",0,1,0,0,0
"suit-3pc|Trousers-waistband|waistband-extension|ext-square-dbl-hooks","suit-3pc","Square, Double Hooks",yes,"/images/blueprints/remote/c0b37c986521__3414.jpg","drawing-unverified","DRAWING_UNCONFIRMED",0,1,0,0,0
"suit-3pc|Trousers-waistband|waistband-extension|ext-sharp-dbl-btn-hook","suit-3pc","Sharp, Double Button & Hook",yes,"/images/blueprints/remote/8bab494aa985__342L.jpg","drawing-unverified","DRAWING_UNCONFIRMED",0,1,0,0,0
"suit-3pc|Trousers-waistband|waistband-extension|ext-round-dbl-btn-hook","suit-3pc","Round, Double Button & Hook",yes,"/images/blueprints/remote/8b1333b2d3f1__34AB.jpg","drawing-unverified","DRAWING_UNCONFIRMED",0,1,0,0,0
"suit-3pc|Trousers-waistband|waistband-extension|ext-square-dbl-btn-hook","suit-3pc","Square, Double Button & Hook",yes,"/images/blueprints/remote/cf709e84920a__342D.jpg","drawing-unverified","DRAWING_UNCONFIRMED",0,1,0,0,0
"suit-3pc|Trousers-waistband|waistband-extension|ext-double-ext","suit-3pc","Double Extension, Hook & Button",yes,"/images/blueprints/remote/860ec779f45a__175807368017120.png","drawing-unverified","DRAWING_UNCONFIRMED",0,1,0,0,0
"suit-3pc|Trousers-waistband|waistband-extension|ext-hw-buckle","suit-3pc","HW Pointed Extension with Buckle",yes,"/images/blueprints/remote/c050c51b14db__175912451171820.png","drawing-unverified","DRAWING_UNCONFIRMED",0,1,0,0,0
"suit-3pc|Trousers-waistband|extension-length|ext-len-5","suit-3pc","5 cm",yes,"/images/blueprints/factory/17db92352b9c__A.jpg","verified-match","",0,1,0,0,0
"suit-3pc|Trousers-waistband|extension-length|ext-len-55","suit-3pc","5.5 cm",yes,"/images/blueprints/factory/996d352c9178__B.jpg","verified-match","",0,1,0,0,0
"suit-3pc|Trousers-waistband|extension-length|ext-len-6","suit-3pc","6 cm",yes,"/images/blueprints/factory/ef0fb41e2ad1__C.jpg","verified-match","",0,1,0,0,0
"suit-3pc|Trousers-waistband|extension-length|ext-len-65","suit-3pc","6.5 cm",yes,"/images/blueprints/factory/bd9c06045808__D.jpg","verified-match","",0,1,0,0,0
"suit-3pc|Trousers-waistband|extension-length|ext-len-7","suit-3pc","7 cm",yes,"/images/blueprints/factory/a9b053b81635__E.jpg","verified-match","",0,1,0,0,0
"suit-3pc|Trousers-waistband|extension-length|ext-len-13","suit-3pc","13 cm",yes,"/images/blueprints/factory/8f065c084861__K.jpg","verified-match","",0,1,0,0,0
"suit-3pc|Trousers-waistband|extension-length|ext-len-15","suit-3pc","15 cm",yes,"/images/blueprints/factory/b9c52226e508__L.jpg","verified-match","",0,1,0,0,0
"suit-3pc|Trousers-waistband|metal-adjuster|adjuster-none","suit-3pc","Standard (No Adjuster)",yes,"/images/blueprints/factory/c2cad7a1cab9__3349__Standard.jpg","drawing-unverified","DRAWING_UNCONFIRMED",0,1,0,0,0
"suit-3pc|Trousers-waistband|metal-adjuster|adjuster-both","suit-3pc","Adjust Buckle",yes,"/images/blueprints/factory/f2e0b944fc8f__3352__Adjust_buckle_number.jpg","drawing-unverified","DRAWING_UNCONFIRMED",0,4,0,0,0
"suit-3pc|Trousers-waistband|metal-adjuster|adjuster-left","suit-3pc","Square Side Adjust Button",yes,"/images/blueprints/factory/ffa914420c24__3351__Square_side_adjust_button.jpg","verified-match","",0,1,0,0,0
"suit-3pc|Trousers-waistband|metal-adjuster|adjuster-buckle-loop","suit-3pc","Adjustable Buckle with Belt Loop",yes,"/images/blueprints/remote/57c52816d98c__167108103407726.jpg","drawing-unverified","DRAWING_UNCONFIRMED",0,1,0,0,0
"suit-3pc|Trousers-waistband|belt-loops|loops-standard","suit-3pc","Standard (7 Loops)",yes,"/images/blueprints/factory/88c59601c41a__3330__Regular.jpg","drawing-unverified","DRAWING_UNCONFIRMED|EXTERNAL_WEB_PHOTO",0,1,0,0,2
"suit-3pc|Trousers-waistband|belt-loops|loops-5","suit-3pc","5 Loops",yes,"","missing","NO_DRAWING|NO_USABLE_PHOTO",0,0,0,0,0
"suit-3pc|Trousers-waistband|belt-loops|loops-no","suit-3pc","No Belt Loops",yes,"/images/blueprints/factory/5175739b2f59__3329__No.jpg","drawing-unverified","DRAWING_UNCONFIRMED|EXTERNAL_WEB_PHOTO",0,1,0,0,6
"suit-3pc|Trousers-waistband|belt-loops|loops-passant","suit-3pc","Double / Passant Loops",yes,"/images/blueprints/factory/2deae8e2d693__3331__Double.jpg","drawing-unverified","DRAWING_UNCONFIRMED",0,1,0,0,0
"suit-3pc|Trousers-waistband|belt-loops|loops-20cm","suit-3pc","2.0 cm Width Loops",yes,"/images/blueprints/remote/2270e6ce114e__3332.jpg","drawing-unverified","DRAWING_UNCONFIRMED",0,1,0,0,0
"suit-3pc|Trousers-waistband|belt-loops|loops-one-right","suit-3pc","One Loop Right Front Only",yes,"/images/blueprints/remote/b95c608b8ee6__3618.jpg","drawing-unverified","DRAWING_UNCONFIRMED",0,1,0,0,0
"suit-3pc|Trousers-waistband|belt-loops|loops-x-front","suit-3pc","X-Style Front Loops",yes,"/images/blueprints/remote/da6532e2c066__333E.jpg","drawing-unverified","DRAWING_UNCONFIRMED",0,1,0,0,0
"suit-3pc|Trousers-waistband|waist-detail|waist-detail-none","suit-3pc","No Back Detail",yes,"","missing","NO_DRAWING|NO_USABLE_PHOTO",0,0,0,0,0
"suit-3pc|Trousers-waistband|waist-detail|waist-detail-square-tab","suit-3pc","Square Adjustment Tab with Buckle",yes,"/images/blueprints/remote/82b4ff7adaf2__175912300465620.png","drawing-unverified","DRAWING_UNCONFIRMED",0,1,0,0,0
"suit-3pc|Trousers-waistband|waist-detail|waist-detail-pointed-tab","suit-3pc","Pointed Adjustment Tab with Buttons",yes,"/images/blueprints/remote/ebc6eb805303__175912296025464.png","drawing-unverified","DRAWING_UNCONFIRMED",0,1,0,0,0
"suit-3pc|Trousers-pleats-structure|pleat-style|flat-front","suit-3pc","Flat Front (No Dart)",no,"/images/blueprints/baoxiniao/trousers/KPOQZ/B.jpg","drawing-unverified","DRAWING_UNCONFIRMED",0,3,0,0,0
"suit-3pc|Trousers-pleats-structure|pleat-style|pleat-no-single-dart","suit-3pc","Flat Front, Single Dart",yes,"/images/blueprints/remote/f0e67f33563a__302M.jpg","verified-match","",0,2,0,0,0
"suit-3pc|Trousers-pleats-structure|pleat-style|pleat-no-double-dart","suit-3pc","Flat Front, Double Dart",yes,"/images/blueprints/remote/fcf7c7e892d6__302Y.jpg","drawing-unverified","DRAWING_UNCONFIRMED",0,1,0,0,0
"suit-3pc|Trousers-pleats-structure|pleat-style|single-forward","suit-3pc","Single Forward Pleat",yes,"/images/blueprints/factory/768640315c4d__3022__Single_toward_fly.jpg","drawing-unverified","DRAWING_UNCONFIRMED",0,1,0,0,0
"suit-3pc|Trousers-pleats-structure|pleat-style|double-forward","suit-3pc","Double Forward Pleats",yes,"/images/blueprints/factory/48f3c94b03b0__3024__Double_toward_fly.jpg","verified-match","",0,2,0,0,0
"suit-3pc|Trousers-pleats-structure|pleat-style|single-reverse","suit-3pc","Single Reverse Pleat",yes,"/images/blueprints/factory/600d8568a158__3021__Single_toward_side.jpg","drawing-unverified","DRAWING_UNCONFIRMED",0,1,0,0,0
"suit-3pc|Trousers-pleats-structure|pleat-style|double-reverse","suit-3pc","Double Reverse Pleats",yes,"/images/blueprints/factory/087231c58490__3023__Double_toward_side.jpg","drawing-unverified","DRAWING_UNCONFIRMED|EXTERNAL_WEB_PHOTO",0,1,0,0,2
"suit-3pc|Trousers-pleats-structure|pleat-depth|pleat-15","suit-3pc","1.5 cm",yes,"/images/blueprints/remote/133c130c929d__302Z.jpg","drawing-unverified","DRAWING_UNCONFIRMED",0,1,0,0,0
"suit-3pc|Trousers-pleats-structure|pleat-depth|pleat-20","suit-3pc","2.0 cm",yes,"/images/blueprints/remote/3a8b742009cc__302H.jpg","drawing-unverified","DRAWING_UNCONFIRMED",0,1,0,0,0
"suit-3pc|Trousers-pleats-structure|pleat-depth|pleat-25","suit-3pc","2.5 cm",yes,"/images/blueprints/remote/6c2ecb649616__302E.jpg","drawing-unverified","DRAWING_UNCONFIRMED",0,1,0,0,0
"suit-3pc|Trousers-pleats-structure|pleat-depth|pleat-32","suit-3pc","3.2 cm",yes,"/images/blueprints/remote/370e6e7dc3e8__302F.jpg","drawing-unverified","DRAWING_UNCONFIRMED",0,1,0,0,0
"suit-3pc|Trousers-pleats-structure|pleat-depth|pleat-38","suit-3pc","3.8 cm",yes,"/images/blueprints/remote/6ef57bf870b8__302G.jpg","drawing-unverified","DRAWING_UNCONFIRMED",0,1,0,0,0
"suit-3pc|Trousers-pleats-structure|fly-style|fly-zip","suit-3pc","Zip Fly (Nylon)",yes,"/images/blueprints/factory/99434c44259b__3420__Nylon.jpg","drawing-unverified","DRAWING_UNCONFIRMED",0,1,0,0,0
"suit-3pc|Trousers-pleats-structure|fly-style|fly-metal-zip","suit-3pc","Zip Fly (Metal)",yes,"/images/blueprints/remote/bd442512a412__3421.jpg","drawing-unverified","DRAWING_UNCONFIRMED",0,1,0,0,0
"suit-3pc|Trousers-pleats-structure|fly-style|fly-button","suit-3pc","Button Fly",yes,"/images/blueprints/factory/3fcf22dd779d__3422__Bttns.jpg","drawing-unverified","DRAWING_UNCONFIRMED",0,3,0,0,0
"suit-3pc|Trousers-pleats-structure|fly-style|fly-hook-bar","suit-3pc","Fish-Mouth Fly",yes,"/images/blueprints/factory/2fb4d84bc037__3400__Fish-mouth.jpg","drawing-unverified","DRAWING_UNCONFIRMED",0,1,0,0,0
"suit-3pc|Trousers-pleats-structure|fly-style|fly-fish-claw","suit-3pc","Fish-Claw Fly",yes,"/images/blueprints/remote/0c07e29e9fc5__3402.jpg","drawing-unverified","DRAWING_UNCONFIRMED",0,1,0,0,0
"suit-3pc|Trousers-pleats-structure|fly-style|fly-french","suit-3pc","French Fly",yes,"/images/blueprints/remote/692862b38427__3403.jpg","verified-match","EXTERNAL_WEB_PHOTO",0,1,0,0,2
"suit-3pc|Trousers-pleats-structure|fly-style|fly-straight","suit-3pc","Straight Fly",yes,"/images/blueprints/remote/6a4438c01dcf__3401.jpg","drawing-unverified","DRAWING_UNCONFIRMED",0,1,0,0,0
"suit-3pc|Trousers-pleats-structure|fly-style|fly-pointed","suit-3pc","Pointed Fly",yes,"/images/blueprints/remote/da407a0ce211__3406.jpg","drawing-unverified","DRAWING_UNCONFIRMED",0,1,0,0,0
"suit-3pc|Trousers-pleats-structure|fly-stitching|fly-stitch-curved","suit-3pc","Curved Fly Stitch",yes,"","missing","NO_DRAWING",0,1,0,0,0
"suit-3pc|Trousers-pleats-structure|fly-stitching|fly-stitch-straight","suit-3pc","Straight Fly Stitch",yes,"","missing","NO_DRAWING",0,1,0,0,0
"suit-3pc|Trousers-pleats-structure|fly-stitching|fly-stitch-none","suit-3pc","No Fly Topstitch",yes,"/images/blueprints/factory/10bfe4668d92__31A6__No_top_stitch_hidden_stitch.jpg","suspect-ambiguous","DRAWING_SUSPECT",0,2,0,0,0
"suit-3pc|Trousers-pleats-structure|bar-tack|bartack-standard","suit-3pc","Standard Bar Tacks",yes,"/images/blueprints/factory/4d29fb809a0e__3191__Front_pocket_I_shape_bartack.png","drawing-unverified","DRAWING_UNCONFIRMED",0,3,0,0,0
"suit-3pc|Trousers-pleats-structure|bar-tack|bartack-none","suit-3pc","No Bar Tacks",yes,"/images/blueprints/baoxiniao/trousers/REKPL/C.jpg","drawing-unverified","DRAWING_UNCONFIRMED|UNPLACEABLE_DECISION",0,1,0,0,0
"suit-3pc|Trousers-pleats-structure|center-crease|crease-pressed","suit-3pc","Pressed Crease (Standard)",yes,"","missing","NO_DRAWING|NO_USABLE_PHOTO",0,0,0,0,0
"suit-3pc|Trousers-pleats-structure|center-crease|crease-none","suit-3pc","No Crease",yes,"/images/blueprints/baoxiniao/trousers/KPWAH/B.jpg","drawing-unverified","DRAWING_UNCONFIRMED|NO_USABLE_PHOTO",0,0,0,0,0
"suit-3pc|Trousers-pleats-structure|center-crease|crease-fused","suit-3pc","Fused Crease (Permanent)",yes,"","missing","NO_DRAWING|NO_USABLE_PHOTO",0,0,0,0,0
"suit-3pc|Trousers-back|back-pocket-style|back-none","suit-3pc","No Back Pockets",yes,"/images/blueprints/factory/d1ec6888d1c1__31A0__No.jpg","verified-match","",0,2,0,0,0
"suit-3pc|Trousers-back|back-pocket-style|back-left-welt","suit-3pc","Left Welt with Button",yes,"/images/blueprints/factory/2aaa7a83011b__3221__Welt_with_bttn.jpg","drawing-unverified","DRAWING_UNCONFIRMED",0,1,0,0,0
"suit-3pc|Trousers-back|back-pocket-style|back-both-welt","suit-3pc","Both Welt Pockets (Left Button)",yes,"/images/blueprints/factory/819f9d468b2d__320B__Right_left_besom_left_bttn.jpg","verified-match","",0,1,0,0,0
"suit-3pc|Trousers-back|back-pocket-style|back-left-jetted","suit-3pc","Left Besom with Button & Buttonhole",yes,"/images/blueprints/factory/7e10ed9447af__32C7__Left_besom_bttn_bttnhole.jpg","verified-match","",0,2,0,0,0
"suit-3pc|Trousers-back|back-pocket-style|back-both-jetted","suit-3pc","Double Besom",yes,"/images/blueprints/factory/81163ff25606__3200__Double_besom.jpg","drawing-unverified","DRAWING_UNCONFIRMED",0,1,0,0,0
"suit-3pc|Trousers-back|back-pocket-style|back-left-patch","suit-3pc","Left Pointed Patch Pocket",yes,"/images/blueprints/factory/5e26a3e5997d__3230__Patch_with_pointed.jpg","drawing-unverified","DRAWING_UNCONFIRMED",0,3,0,0,0
"suit-3pc|Trousers-back|back-pocket-style|back-both-patch","suit-3pc","Both Pointed Patch Pockets",yes,"/images/blueprints/factory/ba3e4540b7bb__3231__Point_patch_with_bttn.jpg","drawing-unverified","DRAWING_UNCONFIRMED",0,1,0,0,0
"suit-3pc|Trousers-back|back-pocket-style|back-besom-btn","suit-3pc","Besom with Button",yes,"/images/blueprints/remote/48c65a3a9184__165732923200806.jpg","drawing-unverified","DRAWING_UNCONFIRMED",0,2,0,0,0
"suit-3pc|Trousers-back|back-pocket-style|back-welt-zip","suit-3pc","Welt with Zipper",yes,"/images/blueprints/remote/5ef31838ce8e__165732927877788.jpg","drawing-unverified","DRAWING_UNCONFIRMED",0,2,0,0,0
"suit-3pc|Trousers-back|back-pocket-style|back-welt-plain","suit-3pc","Plain Welt (No Button)",yes,"/images/blueprints/remote/2d96087ff271__165732929300206.jpg","drawing-unverified","DRAWING_UNCONFIRMED",0,2,0,0,0
"suit-3pc|Trousers-back|back-pocket-style|back-right-besom-btn","suit-3pc","Right Besom with Button Only",yes,"/images/blueprints/remote/a4c36785c1cf__165732950101655.jpg","drawing-unverified","DRAWING_UNCONFIRMED",0,2,0,0,0
"suit-3pc|Trousers-back|back-pocket-style|back-both-besom-right-btn","suit-3pc","Both Besom (Right Button)",yes,"/images/blueprints/remote/d11c489532aa__165732942214395.jpg","drawing-unverified","DRAWING_UNCONFIRMED",0,2,0,0,0
"suit-3pc|Trousers-back|back-pocket-style|back-besom-decorative","suit-3pc","Besom Decorative (No Bag)",yes,"/images/blueprints/remote/0eb8c7d082d0__165732940892061.jpg","drawing-unverified","DRAWING_UNCONFIRMED",0,2,0,0,0
"suit-3pc|Trousers-back|back-pocket-style|back-right-besom-only","suit-3pc","Right Besom Only",yes,"/images/blueprints/remote/d0eba06d5db4__165732951339318.jpg","drawing-unverified","DRAWING_UNCONFIRMED",0,2,0,0,0
"suit-3pc|Trousers-back|back-pocket-style|back-besom-no-right","suit-3pc","Left Besom Only (No Right)",yes,"/images/blueprints/remote/ae7613e6e895__165732952700067.jpg","drawing-unverified","DRAWING_UNCONFIRMED",0,2,0,0,0
"suit-3pc|Trousers-back|back-pocket-style|back-with-flap","suit-3pc","Besom with Flap",yes,"/images/blueprints/remote/e5b74bf14b92__165732948712689.jpg","drawing-unverified","DRAWING_UNCONFIRMED",0,1,0,0,0
"suit-3pc|Trousers-back|back-pocket-style|back-regular-flap","suit-3pc","Regular Flap Pocket",yes,"/images/blueprints/remote/e5d0503b3faa__165732946216252.jpg","drawing-unverified","DRAWING_UNCONFIRMED",0,2,0,0,0
"suit-3pc|Trousers-back|back-pocket-style|back-pointed-flap-btn","suit-3pc","Pointed Flap with Button",yes,"/images/blueprints/remote/1a5fc2cf52d7__165732943643000.jpg","drawing-unverified","DRAWING_UNCONFIRMED",0,2,0,0,0
"suit-3pc|Trousers-back|back-pocket-style|back-diamond-flap","suit-3pc","Diamond Flap with Button",yes,"/images/blueprints/remote/46e33d1335dd__165732939375810.jpg","drawing-unverified","DRAWING_UNCONFIRMED",0,2,0,0,0
"suit-3pc|Trousers-back|back-pocket-style|back-besom-round-tab","suit-3pc","Besom with Round Tab & Button",yes,"/images/blueprints/remote/1a7e1f0fb0ec__165732935228519.jpg","drawing-unverified","DRAWING_UNCONFIRMED",0,2,0,0,0
"suit-3pc|Trousers-back|back-pocket-style|back-both-besom-tab","suit-3pc","Both Besom with Tab & Button",yes,"/images/blueprints/remote/d5bc5ba1ec54__165732936598982.jpg","drawing-unverified","DRAWING_UNCONFIRMED",0,2,0,0,0
"suit-3pc|Trousers-back|back-pocket-style|back-besom-tab","suit-3pc","Besom with Tab & Button",yes,"/images/blueprints/remote/22b7a9cee738__165732938026339.jpg","drawing-unverified","DRAWING_UNCONFIRMED",0,2,0,0,0
"suit-3pc|Trousers-back|back-darts|darts-none","suit-3pc","No Darts",yes,"","missing","NO_DRAWING",0,1,0,0,0
"suit-3pc|Trousers-back|back-darts|darts-single","suit-3pc","Single Back Darts",yes,"","missing","NO_DRAWING",0,1,0,0,0
"suit-3pc|Trousers-back|back-darts|darts-double","suit-3pc","Double Back Darts",yes,"","missing","NO_DRAWING",0,1,0,0,0
"suit-3pc|Trousers-back|center-seam|seam-open","suit-3pc","Open Seam",yes,"","missing","NO_DRAWING|NO_USABLE_PHOTO",0,0,0,0,0
"suit-3pc|Trousers-back|center-seam|seam-flat-fell","suit-3pc","Flat-Fell Seam",yes,"","missing","NO_DRAWING|NO_USABLE_PHOTO",0,0,0,0,0
"suit-3pc|Trousers-bottom-hem|hem-style|hem-no-cuff","suit-3pc","Plain Hem 5.0 cm",yes,"/images/blueprints/factory/96e846dfee6b__3600__5.0cm.jpg","drawing-unverified","DRAWING_UNCONFIRMED",0,1,0,0,0
"suit-3pc|Trousers-bottom-hem|hem-style|hem-blind","suit-3pc","Plain Hem 6.4 cm",yes,"/images/blueprints/factory/bad6c1a76bae__3607__6.4cm.jpg","suspect-ambiguous","DRAWING_SUSPECT",0,1,0,0,0
"suit-3pc|Trousers-bottom-hem|hem-style|hem-single-turnup","suit-3pc","4.4 cm Cuff Turn-Up",yes,"/images/blueprints/factory/30517f02c254__3604__4.4cm_cuff.jpg","drawing-unverified","DRAWING_UNCONFIRMED",1,6,0,0,0
"suit-3pc|Trousers-bottom-hem|hem-style|hem-double-turnup","suit-3pc","5.1 cm Cuff Turn-Up",yes,"/images/blueprints/factory/8bcc8e766c5e__3605__5.1cm_cuff.jpg","drawing-unverified","DRAWING_UNCONFIRMED",0,1,0,0,0
"suit-3pc|Trousers-bottom-hem|hem-style|hem-machine-plain","suit-3pc","Plain Hem 7.0 cm",yes,"/images/blueprints/remote/6ddcbc615b71__3608.jpg","suspect-ambiguous","DRAWING_SUSPECT",0,1,0,0,0
"suit-3pc|Trousers-bottom-hem|hem-style|hem-76","suit-3pc","Plain Hem 7.6 cm",yes,"/images/blueprints/remote/87f09a00ddf2__3609.jpg","verified-match","",0,1,0,0,0
"suit-3pc|Trousers-bottom-hem|hem-style|hem-90","suit-3pc","Plain Hem 9.0 cm",yes,"/images/blueprints/remote/9e8b12a7ade9__360H.jpg","drawing-unverified","DRAWING_UNCONFIRMED",0,1,0,0,0
"suit-3pc|Trousers-bottom-hem|hem-style|hem-cuff-32","suit-3pc","3.2 cm Cuff Turn-Up",yes,"/images/blueprints/remote/7eca44df7089__3602.jpg","drawing-unverified","DRAWING_UNCONFIRMED",0,1,0,0,0
"suit-3pc|Trousers-bottom-hem|hem-style|hem-cuff-38","suit-3pc","3.8 cm Cuff Turn-Up",yes,"","missing","NO_DRAWING",0,1,0,0,0
"suit-3pc|Trousers-bottom-hem|hem-style|hem-extra-115","suit-3pc","11.5 cm Extra Fabric (Unfinished)",yes,"/images/blueprints/remote/a350bdebd165__166529847562294.5CM.jpg","drawing-unverified","DRAWING_UNCONFIRMED",0,1,0,0,0
"suit-3pc|Trousers-bottom-hem|hem-style|hem-extra-130","suit-3pc","13.0 cm Extra Fabric (Unfinished)",yes,"/images/blueprints/remote/2e5e80c016b2__166529849186105.jpg","drawing-unverified","DRAWING_UNCONFIRMED",0,1,0,0,0
"suit-3pc|Trousers-bottom-hem|hem-style|hem-inner-fold-40","suit-3pc","4.0 cm Inner Edge Fold (Slanted)",yes,"/images/blueprints/remote/d4b184a45b4b__360K.jpg","drawing-unverified","DRAWING_UNCONFIRMED",0,1,0,0,0
"suit-3pc|Trousers-bottom-hem|hem-style|hem-inner-fold-70","suit-3pc","7.0 cm Inner Edge Fold (Slanted)",yes,"/images/blueprints/remote/b61000e07375__36AF.jpg","drawing-unverified","DRAWING_UNCONFIRMED",0,1,0,0,0
"suit-3pc|Trousers-bottom-hem|hem-style|hem-fixed-topstitch","suit-3pc","Fixed Bottom, 2.5 cm Topstitch",yes,"/images/blueprints/remote/2298a47f90ea__166141804814147.jpg","drawing-unverified","DRAWING_UNCONFIRMED",0,1,0,0,0
"suit-3pc|Trousers-bottom-hem|hem-style|hem-fringe","suit-3pc","Fringe Edge",yes,"","missing","NO_DRAWING|NO_USABLE_PHOTO",0,0,0,0,0
"suit-3pc|Trousers-bottom-hem|hem-style|hem-unfinished","suit-3pc","Unfinished (Raw Edge)",yes,"","missing","NO_DRAWING|NO_USABLE_PHOTO",0,0,0,0,0
"suit-3pc|Trousers-bottom-hem|leg-shape|leg-tapered","suit-3pc","Tapered",yes,"","missing","NO_DRAWING|EXTERNAL_WEB_PHOTO|NO_USABLE_PHOTO",0,0,0,0,10
"suit-3pc|Trousers-bottom-hem|leg-shape|leg-straight","suit-3pc","Straight Cut",yes,"","missing","NO_DRAWING|EXTERNAL_WEB_PHOTO",0,1,0,0,10
"suit-3pc|Trousers-bottom-hem|leg-shape|leg-wide","suit-3pc","Wide Leg",yes,"","missing","NO_DRAWING|EXTERNAL_WEB_PHOTO|NO_USABLE_PHOTO",0,0,0,0,10
"suit-3pc|Trousers-bottom-hem|leg-shape|leg-slim","suit-3pc","Slim",yes,"","missing","NO_DRAWING|EXTERNAL_WEB_PHOTO",0,1,0,0,10
"suit-3pc|Trousers-bottom-hem|heel-guard|heel-none","suit-3pc","No Heel Guard",yes,"/images/blueprints/remote/90c9f9c84002__33BB.jpg","drawing-unverified","DRAWING_UNCONFIRMED",1,3,0,0,0
"suit-3pc|Trousers-bottom-hem|heel-guard|heel-standard","suit-3pc","Heel Guard",yes,"/images/blueprints/remote/17caa8efc528__3611.jpg","drawing-unverified","DRAWING_UNCONFIRMED",0,1,0,0,0
"suit-3pc|Trousers-bottom-hem|heel-guard|heel-whole-circle","suit-3pc","Whole Circle Heel Guard",yes,"/images/blueprints/remote/7a19d9941f5a__3614.jpg","drawing-unverified","DRAWING_UNCONFIRMED",0,2,1,0,0
"suit-3pc|Trousers-bottom-hem|heel-guard|heel-ribbon","suit-3pc","Whole Circle (Finished Ribbon)",yes,"/images/blueprints/remote/efad6677c088__361L.jpg","drawing-unverified","DRAWING_UNCONFIRMED",0,1,0,0,0
"suit-3pc|Trousers-lining-internal|lining-style|lining-none","suit-3pc","No Lining",yes,"/images/blueprints/factory/ff559a0a79f9__3500__No.jpg","drawing-unverified","DRAWING_UNCONFIRMED",0,1,0,0,0
"suit-3pc|Trousers-lining-internal|lining-style|lining-knee","suit-3pc","Front Half (Pocket Inside)",yes,"/images/blueprints/factory/ca44a8b9c6b5__3502__Front_half_pocket_inside.jpg","drawing-unverified","DRAWING_UNCONFIRMED",0,1,0,0,0
"suit-3pc|Trousers-lining-internal|lining-style|lining-full","suit-3pc","Front & Back Full (Pocket Inside)",yes,"/images/blueprints/factory/f5c3161c70b0__3506__Front_back_full_pocket_inside.jpg","drawing-unverified","DRAWING_UNCONFIRMED",0,1,0,0,0
"suit-3pc|Trousers-lining-internal|lining-style|lining-front-back-half-inside","suit-3pc","Front & Back Half (Pocket Inside)",yes,"/images/blueprints/remote/2c0efd965ae6__3504.jpg","drawing-unverified","DRAWING_UNCONFIRMED",0,1,0,0,0
"suit-3pc|Trousers-lining-internal|lining-style|lining-front-half-outside","suit-3pc","Front Half (Pocket Outside)",yes,"/images/blueprints/remote/2b55c4f5e69a__3501.jpg","drawing-unverified","DRAWING_UNCONFIRMED",0,1,0,0,0
"suit-3pc|Trousers-lining-internal|lining-style|lining-front-back-half-outside","suit-3pc","Front & Back Half (Pocket Outside)",yes,"/images/blueprints/remote/150ac03e507c__3503.jpg","drawing-unverified","DRAWING_UNCONFIRMED",0,1,0,0,0
"suit-3pc|Trousers-lining-internal|lining-style|lining-full-outside","suit-3pc","Front & Back Full (Pocket Outside)",yes,"/images/blueprints/remote/ef28f183f3d1__3505.jpg","drawing-unverified","DRAWING_UNCONFIRMED",0,1,0,0,0
"suit-3pc|Trousers-lining-internal|back-crotch-lining|crotch-none","suit-3pc","No Crotch Lining",yes,"/images/blueprints/remote/7cf825d39e76__165396701246859.jpg","drawing-unverified","DRAWING_UNCONFIRMED",0,1,0,0,0
"suit-3pc|Trousers-lining-internal|back-crotch-lining|crotch-fabric","suit-3pc","Fabric",no,"/images/blueprints/remote/1739430bba6e__165396711124919.jpg","drawing-unverified","DRAWING_UNCONFIRMED",0,1,0,0,0
"suit-3pc|Trousers-lining-internal|back-crotch-lining|crotch-matched","suit-3pc","Matched Lining",yes,"/images/blueprints/remote/23402d004780__165396716037322.jpg","drawing-unverified","DRAWING_UNCONFIRMED",0,1,0,0,0
"suit-3pc|Trousers-lining-internal|back-crotch-lining|crotch-lining","suit-3pc","Standard Lining",yes,"/images/blueprints/remote/5f0bf4d338a8__165396714492932.jpg","drawing-unverified","DRAWING_UNCONFIRMED",0,1,0,0,0
"suit-3pc|Trousers-lining-internal|pocket-lining|pocket-lining-standard","suit-3pc","Standard Pocket Lining",yes,"","missing","NO_DRAWING|NO_USABLE_PHOTO",0,0,0,0,0
"suit-3pc|Trousers-lining-internal|pocket-lining|pocket-lining-appoint","suit-3pc","Appointed Pocket Lining",yes,"/images/blueprints/remote/b61831c054bf__35C1.jpg","drawing-unverified","DRAWING_UNCONFIRMED",0,1,0,0,0
"suit-3pc|Trousers-lining-internal|inner-waist|inner-curtain","suit-3pc","Standard Curtain Lining",yes,"/images/blueprints/factory/79ca59f0f330__3430__Standard.jpg","drawing-unverified","DRAWING_UNCONFIRMED",0,1,0,0,0
"suit-3pc|Trousers-lining-internal|inner-waist|inner-french-tack","suit-3pc","Pleated Curtain",yes,"/images/blueprints/factory/2fddd32014a5__3434__Pleated_Curtain.jpg","drawing-unverified","DRAWING_UNCONFIRMED",0,1,0,0,0
"suit-3pc|Trousers-lining-internal|inner-waist|inner-none","suit-3pc","Appointed Waistband Fabric",no,"/images/blueprints/remote/771fa0093157__165396695067711.jpg","drawing-unverified","DRAWING_UNCONFIRMED",0,1,0,0,0
"suit-3pc|Trousers-lining-internal|inner-waist|inner-snugtex","suit-3pc","Standard with Snugtex",yes,"/images/blueprints/remote/aa381a729075__3440.jpg","drawing-unverified","DRAWING_UNCONFIRMED",0,1,0,0,0
"suit-3pc|Trousers-lining-internal|inner-waist|inner-snugtex-btn","suit-3pc","Standard, Snugtex & Button",yes,"/images/blueprints/remote/8df42b0caa2f__3449.jpg","drawing-unverified","DRAWING_UNCONFIRMED",0,1,0,0,0
"suit-3pc|Trousers-lining-internal|inner-waist|inner-gripper","suit-3pc","Gripper Strip",yes,"/images/blueprints/remote/604473969546__3443.jpg","drawing-unverified","DRAWING_UNCONFIRMED",0,1,0,0,0
"suit-3pc|Trousers-lining-internal|inner-waist|inner-piping-snugtex","suit-3pc","Standard, Piping & Snugtex",yes,"","missing","NO_DRAWING",0,1,0,0,0
"suit-3pc|Trousers-lining-internal|inner-waist|inner-lining","suit-3pc","Appointed Lining",yes,"/images/blueprints/remote/f31966b9b208__344E.jpg","drawing-unverified","DRAWING_UNCONFIRMED",0,1,0,0,0
"suit-3pc|Trousers-lining-internal|inner-waist|inner-pleat-snugtex","suit-3pc","Pleat with Snugtex & Button",yes,"/images/blueprints/remote/56ff34969306__3445.jpg","drawing-unverified","DRAWING_UNCONFIRMED",0,1,0,0,0
"suit-3pc|Trousers-lining-internal|inner-waist|inner-pleat-griplets","suit-3pc","Pleat with Griplets",yes,"/images/blueprints/remote/af7276386df5__3435.jpg","drawing-unverified","DRAWING_UNCONFIRMED",0,1,0,0,0
"suit-3pc|Trousers-lining-internal|inner-waist|inner-finished-band","suit-3pc","Appointed Finished Waistband",yes,"/images/blueprints/remote/1bffb62bd1be__344H.jpg","drawing-unverified","DRAWING_UNCONFIRMED",0,1,0,0,0
"suit-3pc|Trousers-lining-internal|label-placement|label-waistband","suit-3pc","Inside Waistband",yes,"","missing","NO_DRAWING|NO_USABLE_PHOTO",0,0,0,0,0
"suit-3pc|Trousers-lining-internal|label-placement|label-care-only","suit-3pc","Care Label Only",yes,"","missing","NO_DRAWING|NO_USABLE_PHOTO",0,0,0,0,0
"suit-3pc|Trousers-details-contrast|contrast-positions|trouser-contrast-none","suit-3pc","No Contrast",yes,"","missing","NO_DRAWING|NO_USABLE_PHOTO",0,0,0,0,0
"suit-3pc|Trousers-details-contrast|contrast-positions|trouser-contrast-side","suit-3pc","Side Seam Satin Stripe",yes,"/images/blueprints/factory/5252459c3a51__3382__Side_seam_with_fabric_1.2cm_width_.jpg","drawing-unverified","DRAWING_UNCONFIRMED",0,1,0,0,0
"suit-3pc|Trousers-details-contrast|contrast-positions|trouser-contrast-pocket","suit-3pc","Contrast Pocket Bags",yes,"/images/blueprints/factory/4087db58c8a3__314A__Cushion_layer_fabrics_appointed.jpg","drawing-unverified","DRAWING_UNCONFIRMED",0,1,0,0,0
"suit-3pc|Trousers-details-contrast|contrast-positions|trouser-contrast-waist","suit-3pc","Contrast Waistband",yes,"/images/blueprints/factory/b16ea7165058__33A2__Appointed_Waistband.jpg","drawing-unverified","DRAWING_UNCONFIRMED",0,1,0,0,0
"suit-3pc|Trousers-details-contrast|contrast-positions|trouser-contrast-front-besom","suit-3pc","Contrast Front Pocket Besom",yes,"/images/blueprints/remote/5c43b55a10d4__3140.jpg","drawing-unverified","DRAWING_UNCONFIRMED",0,3,1,0,0
"suit-3pc|Trousers-details-contrast|contrast-positions|trouser-contrast-back-pocket","suit-3pc","Contrast Back Pocket Besom",yes,"/images/blueprints/remote/a1696cc6abeb__325B.jpg","drawing-unverified","DRAWING_UNCONFIRMED",0,1,0,0,0
"suit-3pc|Trousers-details-contrast|contrast-positions|trouser-contrast-loop","suit-3pc","Contrast Belt Loop Fabric",yes,"/images/blueprints/remote/67e3df566ff6__3348.jpg","drawing-unverified","DRAWING_UNCONFIRMED",0,1,0,0,0
"suit-3pc|Trousers-details-contrast|contrast-positions|trouser-contrast-covered-btn","suit-3pc","Fabric Covered Buttons",yes,"/images/blueprints/remote/763fb7c721e6__169560958482161.jpg","drawing-unverified","DRAWING_UNCONFIRMED",0,3,1,0,0
"suit-3pc|Trousers-details-contrast|buttonhole-type-trouser|tbh-machine","suit-3pc","Machine Stitched",yes,"/images/blueprints/baoxiniao/trousers/GLKMO/H.jpg","drawing-unverified","DRAWING_UNCONFIRMED|NO_USABLE_PHOTO",0,0,0,0,0
"suit-3pc|Trousers-details-contrast|buttonhole-type-trouser|tbh-hand","suit-3pc","Hand-Worked",yes,"/images/blueprints/baoxiniao/trousers/GLKMO/A.jpg","drawing-unverified","DRAWING_UNCONFIRMED|NO_USABLE_PHOTO",0,0,0,0,0
"suit-3pc|Trousers-details-contrast|sewing-button-style-trouser|tbtn-cross","suit-3pc","Cross (+) Stitch",no,"/images/blueprints/factory/f10f2242ae0a__345B__.jpg","drawing-unverified","DRAWING_UNCONFIRMED",0,1,0,0,0
"suit-3pc|Trousers-details-contrast|sewing-button-style-trouser|tbtn-parallel","suit-3pc","Parallel (=) Stitch",no,"/images/blueprints/factory/f70bb9aa36d8__345A__.jpg","drawing-unverified","DRAWING_UNCONFIRMED",0,1,0,0,0
"suit-3pc|Trousers-details-contrast|sewing-button-style-trouser|tbtn-claw","suit-3pc","Claw Stitch",no,"/images/blueprints/remote/2cc6fa76be17__345C.jpg","drawing-unverified","DRAWING_UNCONFIRMED",0,1,0,0,0
"suit-3pc|Trousers-details-contrast|sewing-button-style-trouser|tbtn-square","suit-3pc","Square Stitch",no,"/images/blueprints/remote/59f9f67ace69__34Y1.jpg","drawing-unverified","DRAWING_UNCONFIRMED",0,1,0,0,0
"suit-3pc|Trousers-details-contrast|button-thread|btn-thread-match","suit-3pc","Matched to Fabric",no,"/images/blueprints/remote/6fefdb558f09__165588176962173.jpg","drawing-unverified","DRAWING_UNCONFIRMED",0,1,0,0,0
"suit-3pc|Trousers-details-contrast|button-thread|btn-thread-appoint","suit-3pc","Appointed Thread Color",no,"/images/blueprints/remote/8829b2048044__165588178047321.jpg","drawing-unverified","DRAWING_UNCONFIRMED",0,1,0,0,0
"suit-3pc|Trousers-details-contrast|buttonhole-thread|bh-thread-match","suit-3pc","Match Fabric",no,"/images/blueprints/remote/7a5d412484be__165588174165112.jpg","drawing-unverified","DRAWING_UNCONFIRMED",0,1,0,0,0
"suit-3pc|Trousers-details-contrast|buttonhole-thread|bh-thread-appoint","suit-3pc","Appointed Color",no,"/images/blueprints/remote/bff42961fbe3__165588175293444.jpg","drawing-unverified","DRAWING_UNCONFIRMED",0,1,0,0,0
"suit-3pc|Trousers-extras|waistband-canvas|canvas-fused","suit-3pc","Fused (Standard)",yes,"","missing","NO_DRAWING|NO_USABLE_PHOTO",0,0,0,0,0
"suit-3pc|Trousers-extras|waistband-canvas|canvas-full","suit-3pc","Full Canvas",yes,"","missing","NO_DRAWING|NO_USABLE_PHOTO",0,0,0,0,0
"suit-3pc|Trousers-extras|waistband-canvas|canvas-half","suit-3pc","Half Canvas",yes,"","missing","NO_DRAWING|NO_USABLE_PHOTO",0,0,0,0,0
"suit-3pc|Trousers-extras|waistband-canvas|canvas-single","suit-3pc","Single Layer",yes,"","missing","NO_DRAWING|NO_USABLE_PHOTO",0,0,0,0,0
"suit-3pc|Trousers-extras|suspender-buttons|suspender-none","suit-3pc","No Suspender Buttons",yes,"","missing","NO_DRAWING|NO_USABLE_PHOTO",0,0,0,0,0
"suit-3pc|Trousers-extras|suspender-buttons|suspender-add","suit-3pc","Add Suspender Buttons",yes,"/images/blueprints/remote/fb9584d940b7__169501755108517.jpg","drawing-unverified","DRAWING_UNCONFIRMED",0,1,0,0,0
"suit-3pc|Trousers-extras|extra-inner-button|inner-btn-none","suit-3pc","None",yes,"","missing","NO_DRAWING|NO_USABLE_PHOTO",0,0,0,0,0
"suit-3pc|Trousers-extras|extra-inner-button|inner-btn-add","suit-3pc","Add Inner Button",yes,"/images/blueprints/remote/afc0db224e4c__174590664146501.png","drawing-unverified","DRAWING_UNCONFIRMED",0,1,0,0,0
"suit-3pc|Trousers-extras|waistband-back-seam|back-seam-standard","suit-3pc","With Bartack (Standard)",yes,"","missing","NO_DRAWING|NO_USABLE_PHOTO",0,0,0,0,0
"suit-3pc|Trousers-extras|waistband-back-seam|back-seam-no-bartack","suit-3pc","Without Bartack",yes,"/images/blueprints/remote/8883c883645f__168129382192380.jpg","drawing-unverified","DRAWING_UNCONFIRMED",0,1,0,0,0
"trousers|front-pockets|front-pocket-style|slant-pockets","trousers","3.2 cm Slant Pocket",yes,"/images/blueprints/factory/fd63bf751c58__3101__3.2cm_slant.jpg","drawing-unverified","DRAWING_UNCONFIRMED",1,2,0,0,0
"trousers|front-pockets|front-pocket-style|on-seam-pockets","trousers","On-Seam (Side Seam)",yes,"/images/blueprints/factory/a1a8d4d2842a__3130__Sideseam.jpg","drawing-unverified","DRAWING_UNCONFIRMED",1,4,0,0,0
"trousers|front-pockets|front-pocket-style|quarter-top","trousers","2.5 cm Slant Pocket",yes,"/images/blueprints/factory/1c5aed3c1ce4__3104__2.5cm_slant.jpg","suspect-ambiguous","DRAWING_SUSPECT",0,3,0,0,0
"trousers|front-pockets|front-pocket-style|no-front-pockets","trousers","No Front Pockets",yes,"/images/blueprints/factory/39618b03fc3d__313C__No.jpg","drawing-unverified","DRAWING_UNCONFIRMED",1,2,0,0,0
"trousers|front-pockets|front-pocket-style|jetted-front","trousers","Besom / Jetted Pocket",yes,"/images/blueprints/factory/9092405bd48f__3131__Besom.jpg","verified-match","",0,1,0,0,0
"trousers|front-pockets|front-pocket-style|slant-20","trousers","2.0 cm Slant Pocket",yes,"/images/blueprints/remote/4017b96761a3__3100.jpg","drawing-unverified","DRAWING_UNCONFIRMED",1,4,0,0,0
"trousers|front-pockets|front-pocket-style|slant-51","trousers","5.1 cm Slant Pocket",yes,"/images/blueprints/remote/76eec2e1b5b7__3102.jpg","drawing-unverified","DRAWING_UNCONFIRMED",0,4,0,0,0
"trousers|front-pockets|front-pocket-style|welt-pocket","trousers","Welt Front Pocket",yes,"/images/blueprints/remote/01dc8f37109e__3132.jpg","verified-match","EXTERNAL_WEB_PHOTO",0,3,0,0,2
"trousers|front-pockets|front-pocket-style|slant-20-stripe","trousers","2.0 cm Slant with Stripe",yes,"/images/blueprints/remote/cac83d873411__3120.jpg","drawing-unverified","DRAWING_UNCONFIRMED",1,2,0,0,0
"trousers|front-pockets|front-pocket-style|slant-25-stripe","trousers","2.5 cm Slant with Stripe",yes,"/images/blueprints/remote/90f739dcde96__3124.jpg","drawing-unverified","DRAWING_UNCONFIRMED",1,4,0,0,0
"trousers|front-pockets|front-pocket-style|slant-32-stripe","trousers","3.2 cm Slant with Stripe",yes,"/images/blueprints/remote/ae13c72fb52e__3121.jpg","drawing-unverified","DRAWING_UNCONFIRMED",0,2,0,0,0
"trousers|front-pockets|front-pocket-style|slant-51-stripe","trousers","5.1 cm Slant with Stripe",yes,"/images/blueprints/remote/91eb56a23d7e__3122.jpg","drawing-unverified","DRAWING_UNCONFIRMED",0,3,1,0,0
"trousers|front-pockets|front-pocket-style|jeans-square","trousers","Square Jeans Pocket",yes,"/images/blueprints/remote/14975407461c__3133.jpg","verified-match","",0,3,0,0,0
"trousers|front-pockets|front-pocket-style|jeans-diamond","trousers","Diamond Jeans Pocket",yes,"/images/blueprints/remote/134adbb9c138__3134.jpg","verified-match","HAS_OWNER_REFS",0,5,1,1,0
"trousers|front-pockets|front-pocket-style|jeans-arc","trousers","Arc Jeans Pocket",yes,"/images/blueprints/remote/3c70f95c470f__3135.jpg","verified-match","",0,5,1,0,0
"trousers|front-pockets|front-pocket-style|jeans-round","trousers","Round Jeans Pocket",yes,"/images/blueprints/remote/1e222211e243__3136.jpg","drawing-unverified","DRAWING_UNCONFIRMED",0,3,0,0,0
"trousers|front-pockets|pocket-depth|pocket-shallow","trousers","Shallow (20 cm)",yes,"/images/blueprints/baoxiniao/trousers/KPOKS/F.jpg","drawing-unverified","DRAWING_UNCONFIRMED",1,2,0,0,0
"trousers|front-pockets|pocket-depth|pocket-standard","trousers","Standard (23 cm)",yes,"/images/blueprints/baoxiniao/trousers/KPOKS/A.jpg","drawing-unverified","DRAWING_UNCONFIRMED",1,2,0,0,0
"trousers|front-pockets|pocket-depth|pocket-deep","trousers","Deep (26 cm)",yes,"/images/blueprints/baoxiniao/trousers/KPOKS/C.jpg","drawing-unverified","DRAWING_UNCONFIRMED",1,2,0,0,0
"trousers|front-pockets|pocket-stitching|pocket-stitch-none","trousers","No Topstitch (Hidden Stitch)",yes,"/images/blueprints/factory/10bfe4668d92__31A6__No_top_stitch_hidden_stitch.jpg","suspect-ambiguous","DRAWING_SUSPECT",0,1,0,0,0
"trousers|front-pockets|pocket-stitching|pocket-stitch-06","trousers","0.6 cm Topstitch",yes,"","missing","NO_DRAWING",0,1,0,0,0
"trousers|front-pockets|pocket-stitching|pocket-stitch-double","trousers","0.1 + 0.7 cm Double Topstitch",yes,"/images/blueprints/factory/79a074c919dd__31A9__With_0.1_0.7_top_stitching.jpg","drawing-unverified","DRAWING_UNCONFIRMED",0,1,0,0,0
"trousers|front-pockets|pocket-stitching|pocket-stitch-015","trousers","0.15 cm Topstitch",yes,"/images/blueprints/remote/cefac731f303__31A1.jpg","suspect-ambiguous","DRAWING_SUSPECT",0,3,0,0,0
"trousers|front-pockets|pocket-stitching|pocket-stitch-pick-06","trousers","0.6 cm Pick Stitch",yes,"/images/blueprints/remote/0c5cfcfe96d9__165588183495006.jpg","drawing-unverified","DRAWING_UNCONFIRMED",0,5,0,0,0
"trousers|front-pockets|pocket-stitching|pocket-stitch-pick-015","trousers","0.15 cm Pick Stitch",yes,"/images/blueprints/remote/3b3071cbc092__3302.jpg","drawing-unverified","DRAWING_UNCONFIRMED",0,4,0,0,0
"trousers|front-pockets|watch-pocket|watch-none","trousers","None",yes,"/images/blueprints/factory/b9c177a1e8c4__3169__No.jpg","drawing-unverified","DRAWING_UNCONFIRMED",1,2,0,0,0
"trousers|front-pockets|watch-pocket|watch-right","trousers","Regular Right",yes,"/images/blueprints/factory/449292155f03__3180__Regular_right.jpg","verified-match","",0,5,0,0,0
"trousers|front-pockets|watch-pocket|watch-left","trousers","Left Welt",yes,"","missing","NO_DRAWING|HAS_OWNER_REFS",0,5,1,2,0
"trousers|front-pockets|watch-pocket|watch-both","trousers","Both Sides",yes,"/images/blueprints/factory/88f95280e442__3532__Left_right.jpg","drawing-unverified","DRAWING_UNCONFIRMED",0,3,0,0,0
"trousers|front-pockets|watch-pocket|watch-right-welt","trousers","Right Welt",yes,"/images/blueprints/remote/9f85b09eb9d0__3181.jpg","verified-match","",1,3,0,1,0
"trousers|front-pockets|watch-pocket|watch-right-besom","trousers","Right Besom",yes,"/images/blueprints/remote/50184b7abbb4__3188.jpg","verified-match","",1,3,0,1,0
"trousers|front-pockets|watch-pocket|watch-left-besom","trousers","Left Besom",yes,"/images/blueprints/remote/7d7d99126a50__3178.jpg","drawing-unverified","DRAWING_UNCONFIRMED",0,3,0,0,0
"trousers|front-pockets|watch-pocket|watch-diamond-flap","trousers","Right with Diamond Flap",yes,"/images/blueprints/remote/c82dba868d19__3186.jpg","drawing-unverified","DRAWING_UNCONFIRMED",0,3,0,0,0
"trousers|front-pockets|coin-pocket|coin-none","trousers","None",yes,"/images/blueprints/remote/1b89d5849265__3533.jpg","drawing-unverified","DRAWING_UNCONFIRMED",0,3,0,0,0
"trousers|front-pockets|coin-pocket|coin-right","trousers","Right Side",yes,"/images/blueprints/remote/1d73941a4932__3530.jpg","drawing-unverified","DRAWING_UNCONFIRMED",0,3,0,0,0
"trousers|front-pockets|coin-pocket|coin-left","trousers","Left Side",yes,"/images/blueprints/remote/099818025ae9__3531.jpg","drawing-unverified","DRAWING_UNCONFIRMED",0,3,0,0,0
"trousers|front-pockets|coin-pocket|coin-both","trousers","Both Sides",yes,"/images/blueprints/remote/7f475092fe8b__3532.jpg","verified-match","HAS_OWNER_REFS",0,5,1,1,0
"trousers|front-pockets|pocket-knot|knot-i","trousers","I-Shape Bartack",yes,"/images/blueprints/remote/cc2d765f6c59__167843791093474.png","drawing-unverified","DRAWING_UNCONFIRMED",0,3,0,0,0
"trousers|front-pockets|pocket-knot|knot-d","trousers","D-Shape Bartack",yes,"/images/blueprints/remote/4c60eab1740c__169505392660138.png","drawing-unverified","DRAWING_UNCONFIRMED",0,5,0,0,0
"trousers|front-pockets|pocket-knot|knot-dash","trousers","Dash (–) Bartack",yes,"/images/blueprints/remote/9638b5fbd394__167843798034583.png","drawing-unverified","DRAWING_UNCONFIRMED",0,5,0,0,0
"trousers|front-pockets|pocket-knot|knot-hip-i","trousers","Hip Pocket I-Edge",yes,"/images/blueprints/remote/243038270395__167843782135108.png","drawing-unverified","DRAWING_UNCONFIRMED",0,5,0,0,0
"trousers|waistband|waistband-style|waist-standard","trousers","Standard Waistband",yes,"/images/blueprints/baoxiniao/trousers/REQST/A.jpg","drawing-unverified","DRAWING_UNCONFIRMED|EXTERNAL_WEB_PHOTO",0,4,0,0,10
"trousers|waistband|waistband-style|waist-extended-tab","trousers","Extended Tab Waistband",yes,"","missing","NO_DRAWING|EXTERNAL_WEB_PHOTO|HAS_OWNER_REFS",0,2,1,2,10
"trousers|waistband|waistband-style|waist-waistcoat-back","trousers","Waistcoat Back Band",yes,"","missing","NO_DRAWING|EXTERNAL_WEB_PHOTO|NO_USABLE_PHOTO",0,0,0,0,10
"trousers|waistband|waistband-style|waist-elasticated","trousers","Elasticated Insert",yes,"","missing","NO_DRAWING|HAS_OWNER_REFS",0,2,1,1,0
"trousers|waistband|waistband-style|waist-double","trousers","Double Waistband",yes,"","missing","NO_DRAWING|EXTERNAL_WEB_PHOTO|HAS_OWNER_REFS",0,2,1,3,2
"trousers|waistband|waistband-style|waist-no-band","trousers","Trouser Waist (No Band)",yes,"","missing","NO_DRAWING|EXTERNAL_WEB_PHOTO",0,2,1,0,10
"trousers|waistband|waistband-width|wband-35","trousers","3.5 cm",yes,"","missing","NO_DRAWING|HAS_OWNER_REFS",0,3,1,1,0
"trousers|waistband|waistband-width|wband-38","trousers","3.8 cm",yes,"","missing","NO_DRAWING|HAS_OWNER_REFS",0,3,1,2,0
"trousers|waistband|waistband-width|wband-40","trousers","4.0 cm",yes,"","missing","NO_DRAWING|HAS_OWNER_REFS",0,3,1,2,0
"trousers|waistband|waistband-width|wband-45","trousers","4.5 cm",yes,"","missing","NO_DRAWING|HAS_OWNER_REFS",0,3,1,1,0
"trousers|waistband|waistband-width|wband-50","trousers","5.0 cm",yes,"","missing","NO_DRAWING|HAS_OWNER_REFS",0,3,1,1,0
"trousers|waistband|waistband-extension|ext-straight","trousers","Sharp, Hook & Button",yes,"/images/blueprints/factory/30d058bb5e5f__3412__Sharp_hook_btn.png","drawing-unverified","DRAWING_UNCONFIRMED",0,3,0,0,0
"trousers|waistband|waistband-extension|ext-pointed","trousers","Round, Hook & Button",yes,"/images/blueprints/factory/b14a71bdfdb9__3413__Round_hook_btn.jpg","verified-match","",0,3,0,0,0
"trousers|waistband|waistband-extension|ext-curved","trousers","Square, Hook & Button",yes,"/images/blueprints/factory/83fb9e94e989__342A__Square_hook_btn.png","drawing-unverified","DRAWING_UNCONFIRMED|HAS_OWNER_REFS",0,4,1,4,0
"trousers|waistband|waistband-extension|ext-no-btn","trousers","No Extension, Button Only",yes,"/images/blueprints/remote/320d8ab0847a__3411.jpg","drawing-unverified","DRAWING_UNCONFIRMED",0,2,0,0,0
"trousers|waistband|waistband-extension|ext-no-hook","trousers","No Extension, Hook Only",yes,"/images/blueprints/remote/b87e70d16b98__3410.jpg","drawing-unverified","DRAWING_UNCONFIRMED",0,3,0,0,0
"trousers|waistband|waistband-extension|ext-sharp-double","trousers","Double Sharp Extension",yes,"/images/blueprints/remote/c7bf619b903f__3416.jpg","drawing-unverified","DRAWING_UNCONFIRMED",0,3,0,0,0
"trousers|waistband|waistband-extension|ext-round-double","trousers","Double Round Extension",yes,"/images/blueprints/remote/4e94d4deb4e9__3415.jpg","drawing-unverified","DRAWING_UNCONFIRMED",0,3,0,0,0
"trousers|waistband|waistband-extension|ext-square-double","trousers","Double Square Extension",yes,"/images/blueprints/remote/05e7a7878d0d__3417.jpg","drawing-unverified","DRAWING_UNCONFIRMED",0,3,0,0,0
"trousers|waistband|waistband-extension|ext-sharp-dbl-hooks","trousers","Sharp, Double Hooks",yes,"/images/blueprints/remote/b981324a2a86__342T.jpg","drawing-unverified","DRAWING_UNCONFIRMED",0,3,0,0,0
"trousers|waistband|waistband-extension|ext-round-dbl-hooks","trousers","Round, Double Hooks",yes,"/images/blueprints/remote/15cce2379001__342R.jpg","drawing-unverified","DRAWING_UNCONFIRMED",0,3,0,0,0
"trousers|waistband|waistband-extension|ext-square-dbl-hooks","trousers","Square, Double Hooks",yes,"/images/blueprints/remote/c0b37c986521__3414.jpg","drawing-unverified","DRAWING_UNCONFIRMED",0,3,0,0,0
"trousers|waistband|waistband-extension|ext-sharp-dbl-btn-hook","trousers","Sharp, Double Button & Hook",yes,"/images/blueprints/remote/8bab494aa985__342L.jpg","drawing-unverified","DRAWING_UNCONFIRMED",0,3,0,0,0
"trousers|waistband|waistband-extension|ext-round-dbl-btn-hook","trousers","Round, Double Button & Hook",yes,"/images/blueprints/remote/8b1333b2d3f1__34AB.jpg","drawing-unverified","DRAWING_UNCONFIRMED",0,3,0,0,0
"trousers|waistband|waistband-extension|ext-square-dbl-btn-hook","trousers","Square, Double Button & Hook",yes,"/images/blueprints/remote/cf709e84920a__342D.jpg","drawing-unverified","DRAWING_UNCONFIRMED",0,3,0,0,0
"trousers|waistband|waistband-extension|ext-double-ext","trousers","Double Extension, Hook & Button",yes,"/images/blueprints/remote/860ec779f45a__175807368017120.png","drawing-unverified","DRAWING_UNCONFIRMED",0,3,0,0,0
"trousers|waistband|waistband-extension|ext-hw-buckle","trousers","HW Pointed Extension with Buckle",yes,"/images/blueprints/remote/c050c51b14db__175912451171820.png","drawing-unverified","DRAWING_UNCONFIRMED",0,2,0,0,0
"trousers|waistband|extension-length|ext-len-5","trousers","5 cm",yes,"/images/blueprints/factory/17db92352b9c__A.jpg","verified-match","",0,3,0,0,0
"trousers|waistband|extension-length|ext-len-55","trousers","5.5 cm",yes,"/images/blueprints/factory/996d352c9178__B.jpg","verified-match","",0,3,0,0,0
"trousers|waistband|extension-length|ext-len-6","trousers","6 cm",yes,"/images/blueprints/factory/ef0fb41e2ad1__C.jpg","verified-match","",0,3,0,0,0
"trousers|waistband|extension-length|ext-len-65","trousers","6.5 cm",yes,"/images/blueprints/factory/bd9c06045808__D.jpg","verified-match","",0,3,0,0,0
"trousers|waistband|extension-length|ext-len-7","trousers","7 cm",yes,"/images/blueprints/factory/a9b053b81635__E.jpg","verified-match","",0,3,0,0,0
"trousers|waistband|extension-length|ext-len-13","trousers","13 cm",yes,"/images/blueprints/factory/8f065c084861__K.jpg","verified-match","",0,3,0,0,0
"trousers|waistband|extension-length|ext-len-15","trousers","15 cm",yes,"/images/blueprints/factory/b9c52226e508__L.jpg","verified-match","",0,3,0,0,0
"trousers|waistband|metal-adjuster|adjuster-none","trousers","Standard (No Adjuster)",yes,"/images/blueprints/factory/c2cad7a1cab9__3349__Standard.jpg","drawing-unverified","DRAWING_UNCONFIRMED",0,2,0,0,0
"trousers|waistband|metal-adjuster|adjuster-both","trousers","Adjust Buckle",yes,"/images/blueprints/factory/f2e0b944fc8f__3352__Adjust_buckle_number.jpg","drawing-unverified","DRAWING_UNCONFIRMED|HAS_OWNER_REFS",0,3,1,4,0
"trousers|waistband|metal-adjuster|adjuster-left","trousers","Square Side Adjust Button",yes,"/images/blueprints/factory/ffa914420c24__3351__Square_side_adjust_button.jpg","verified-match","",0,3,0,0,0
"trousers|waistband|metal-adjuster|adjuster-buckle-loop","trousers","Adjustable Buckle with Belt Loop",yes,"/images/blueprints/remote/57c52816d98c__167108103407726.jpg","drawing-unverified","DRAWING_UNCONFIRMED",0,3,0,0,0
"trousers|waistband|belt-loops|loops-standard","trousers","Standard (7 Loops)",yes,"/images/blueprints/factory/88c59601c41a__3330__Regular.jpg","drawing-unverified","DRAWING_UNCONFIRMED|EXTERNAL_WEB_PHOTO",0,3,0,0,2
"trousers|waistband|belt-loops|loops-5","trousers","5 Loops",yes,"","missing","NO_DRAWING|NO_USABLE_PHOTO",0,0,0,0,0
"trousers|waistband|belt-loops|loops-no","trousers","No Belt Loops",yes,"/images/blueprints/factory/5175739b2f59__3329__No.jpg","drawing-unverified","DRAWING_UNCONFIRMED|EXTERNAL_WEB_PHOTO",0,2,0,0,6
"trousers|waistband|belt-loops|loops-passant","trousers","Double / Passant Loops",yes,"/images/blueprints/factory/2deae8e2d693__3331__Double.jpg","drawing-unverified","DRAWING_UNCONFIRMED",0,2,0,0,0
"trousers|waistband|belt-loops|loops-20cm","trousers","2.0 cm Width Loops",yes,"/images/blueprints/remote/2270e6ce114e__3332.jpg","drawing-unverified","DRAWING_UNCONFIRMED",0,2,0,0,0
"trousers|waistband|belt-loops|loops-one-right","trousers","One Loop Right Front Only",yes,"/images/blueprints/remote/b95c608b8ee6__3618.jpg","drawing-unverified","DRAWING_UNCONFIRMED",0,2,0,0,0
"trousers|waistband|belt-loops|loops-x-front","trousers","X-Style Front Loops",yes,"/images/blueprints/remote/da6532e2c066__333E.jpg","drawing-unverified","DRAWING_UNCONFIRMED",0,2,0,0,0
"trousers|waistband|waist-detail|waist-detail-none","trousers","No Back Detail",yes,"","missing","NO_DRAWING|NO_USABLE_PHOTO",0,0,0,0,0
"trousers|waistband|waist-detail|waist-detail-square-tab","trousers","Square Adjustment Tab with Buckle",yes,"/images/blueprints/remote/82b4ff7adaf2__175912300465620.png","drawing-unverified","DRAWING_UNCONFIRMED",0,2,0,0,0
"trousers|waistband|waist-detail|waist-detail-pointed-tab","trousers","Pointed Adjustment Tab with Buttons",yes,"/images/blueprints/remote/ebc6eb805303__175912296025464.png","drawing-unverified","DRAWING_UNCONFIRMED",0,2,0,0,0
"trousers|pleats-structure|pleat-style|flat-front","trousers","Flat Front (No Dart)",no,"/images/blueprints/baoxiniao/trousers/KPOQZ/B.jpg","drawing-unverified","DRAWING_UNCONFIRMED",1,4,0,0,0
"trousers|pleats-structure|pleat-style|pleat-no-single-dart","trousers","Flat Front, Single Dart",yes,"/images/blueprints/remote/f0e67f33563a__302M.jpg","verified-match","",0,3,0,0,0
"trousers|pleats-structure|pleat-style|pleat-no-double-dart","trousers","Flat Front, Double Dart",yes,"/images/blueprints/remote/fcf7c7e892d6__302Y.jpg","drawing-unverified","DRAWING_UNCONFIRMED",0,2,0,0,0
"trousers|pleats-structure|pleat-style|single-forward","trousers","Single Forward Pleat",yes,"/images/blueprints/factory/768640315c4d__3022__Single_toward_fly.jpg","drawing-unverified","DRAWING_UNCONFIRMED",0,1,0,0,0
"trousers|pleats-structure|pleat-style|double-forward","trousers","Double Forward Pleats",yes,"/images/blueprints/factory/48f3c94b03b0__3024__Double_toward_fly.jpg","verified-match","",0,1,0,0,0
"trousers|pleats-structure|pleat-style|single-reverse","trousers","Single Reverse Pleat",yes,"/images/blueprints/factory/600d8568a158__3021__Single_toward_side.jpg","drawing-unverified","DRAWING_UNCONFIRMED",1,2,0,0,0
"trousers|pleats-structure|pleat-style|double-reverse","trousers","Double Reverse Pleats",yes,"/images/blueprints/factory/087231c58490__3023__Double_toward_side.jpg","drawing-unverified","DRAWING_UNCONFIRMED|EXTERNAL_WEB_PHOTO",1,2,0,0,2
"trousers|pleats-structure|pleat-depth|pleat-15","trousers","1.5 cm",yes,"/images/blueprints/remote/133c130c929d__302Z.jpg","drawing-unverified","DRAWING_UNCONFIRMED",0,4,0,0,0
"trousers|pleats-structure|pleat-depth|pleat-20","trousers","2.0 cm",yes,"/images/blueprints/remote/3a8b742009cc__302H.jpg","drawing-unverified","DRAWING_UNCONFIRMED",0,4,0,0,0
"trousers|pleats-structure|pleat-depth|pleat-25","trousers","2.5 cm",yes,"/images/blueprints/remote/6c2ecb649616__302E.jpg","drawing-unverified","DRAWING_UNCONFIRMED",0,4,0,0,0
"trousers|pleats-structure|pleat-depth|pleat-32","trousers","3.2 cm",yes,"/images/blueprints/remote/370e6e7dc3e8__302F.jpg","drawing-unverified","DRAWING_UNCONFIRMED",0,2,0,0,0
"trousers|pleats-structure|pleat-depth|pleat-38","trousers","3.8 cm",yes,"/images/blueprints/remote/6ef57bf870b8__302G.jpg","drawing-unverified","DRAWING_UNCONFIRMED",0,2,0,0,0
"trousers|pleats-structure|fly-style|fly-zip","trousers","Zip Fly (Nylon)",yes,"/images/blueprints/factory/99434c44259b__3420__Nylon.jpg","drawing-unverified","DRAWING_UNCONFIRMED",0,1,0,0,0
"trousers|pleats-structure|fly-style|fly-metal-zip","trousers","Zip Fly (Metal)",yes,"/images/blueprints/remote/bd442512a412__3421.jpg","drawing-unverified","DRAWING_UNCONFIRMED",0,2,0,0,0
"trousers|pleats-structure|fly-style|fly-button","trousers","Button Fly",yes,"/images/blueprints/factory/3fcf22dd779d__3422__Bttns.jpg","drawing-unverified","DRAWING_UNCONFIRMED|HAS_OWNER_REFS",0,3,1,1,0
"trousers|pleats-structure|fly-style|fly-hook-bar","trousers","Fish-Mouth Fly",yes,"/images/blueprints/factory/2fb4d84bc037__3400__Fish-mouth.jpg","drawing-unverified","DRAWING_UNCONFIRMED|HAS_OWNER_REFS",0,3,1,1,0
"trousers|pleats-structure|fly-style|fly-fish-claw","trousers","Fish-Claw Fly",yes,"/images/blueprints/remote/0c07e29e9fc5__3402.jpg","drawing-unverified","DRAWING_UNCONFIRMED",0,3,0,0,0
"trousers|pleats-structure|fly-style|fly-french","trousers","French Fly",yes,"/images/blueprints/remote/692862b38427__3403.jpg","verified-match","EXTERNAL_WEB_PHOTO",0,3,0,0,2
"trousers|pleats-structure|fly-style|fly-straight","trousers","Straight Fly",yes,"/images/blueprints/remote/6a4438c01dcf__3401.jpg","drawing-unverified","DRAWING_UNCONFIRMED",0,2,0,0,0
"trousers|pleats-structure|fly-style|fly-pointed","trousers","Pointed Fly",yes,"/images/blueprints/remote/da407a0ce211__3406.jpg","drawing-unverified","DRAWING_UNCONFIRMED",0,3,0,0,0
"trousers|pleats-structure|fly-stitching|fly-stitch-curved","trousers","Curved Fly Stitch",yes,"","missing","NO_DRAWING",0,1,0,0,0
"trousers|pleats-structure|fly-stitching|fly-stitch-straight","trousers","Straight Fly Stitch",yes,"","missing","NO_DRAWING",0,1,0,0,0
"trousers|pleats-structure|fly-stitching|fly-stitch-none","trousers","No Fly Topstitch",yes,"/images/blueprints/factory/10bfe4668d92__31A6__No_top_stitch_hidden_stitch.jpg","suspect-ambiguous","DRAWING_SUSPECT",0,1,0,0,0
"trousers|pleats-structure|bar-tack|bartack-standard","trousers","Standard Bar Tacks",yes,"/images/blueprints/factory/4d29fb809a0e__3191__Front_pocket_I_shape_bartack.png","drawing-unverified","DRAWING_UNCONFIRMED",1,2,0,0,0
"trousers|pleats-structure|bar-tack|bartack-none","trousers","No Bar Tacks",yes,"/images/blueprints/baoxiniao/trousers/REKPL/C.jpg","drawing-unverified","DRAWING_UNCONFIRMED",1,2,0,0,0
"trousers|pleats-structure|center-crease|crease-pressed","trousers","Pressed Crease (Standard)",yes,"","missing","NO_DRAWING|NO_USABLE_PHOTO",0,0,0,0,0
"trousers|pleats-structure|center-crease|crease-none","trousers","No Crease",yes,"/images/blueprints/baoxiniao/trousers/KPWAH/B.jpg","drawing-unverified","DRAWING_UNCONFIRMED|NO_USABLE_PHOTO",0,0,0,0,0
"trousers|pleats-structure|center-crease|crease-fused","trousers","Fused Crease (Permanent)",yes,"","missing","NO_DRAWING|NO_USABLE_PHOTO",0,0,0,0,0
"trousers|back|back-pocket-style|back-none","trousers","No Back Pockets",yes,"/images/blueprints/factory/d1ec6888d1c1__31A0__No.jpg","verified-match","",0,1,0,0,0
"trousers|back|back-pocket-style|back-left-welt","trousers","Left Welt with Button",yes,"/images/blueprints/factory/2aaa7a83011b__3221__Welt_with_bttn.jpg","drawing-unverified","DRAWING_UNCONFIRMED",0,1,0,0,0
"trousers|back|back-pocket-style|back-both-welt","trousers","Both Welt Pockets (Left Button)",yes,"/images/blueprints/factory/819f9d468b2d__320B__Right_left_besom_left_bttn.jpg","verified-match","",0,1,0,0,0
"trousers|back|back-pocket-style|back-left-jetted","trousers","Left Besom with Button & Buttonhole",yes,"/images/blueprints/factory/7e10ed9447af__32C7__Left_besom_bttn_bttnhole.jpg","verified-match","",0,1,0,0,0
"trousers|back|back-pocket-style|back-both-jetted","trousers","Double Besom",yes,"/images/blueprints/factory/81163ff25606__3200__Double_besom.jpg","drawing-unverified","DRAWING_UNCONFIRMED",0,1,0,0,0
"trousers|back|back-pocket-style|back-left-patch","trousers","Left Pointed Patch Pocket",yes,"/images/blueprints/factory/5e26a3e5997d__3230__Patch_with_pointed.jpg","drawing-unverified","DRAWING_UNCONFIRMED",0,2,0,0,0
"trousers|back|back-pocket-style|back-both-patch","trousers","Both Pointed Patch Pockets",yes,"/images/blueprints/factory/ba3e4540b7bb__3231__Point_patch_with_bttn.jpg","drawing-unverified","DRAWING_UNCONFIRMED",1,2,0,0,0
"trousers|back|back-pocket-style|back-besom-btn","trousers","Besom with Button",yes,"/images/blueprints/remote/48c65a3a9184__165732923200806.jpg","drawing-unverified","DRAWING_UNCONFIRMED",0,2,0,0,0
"trousers|back|back-pocket-style|back-welt-zip","trousers","Welt with Zipper",yes,"/images/blueprints/remote/5ef31838ce8e__165732927877788.jpg","drawing-unverified","DRAWING_UNCONFIRMED",0,2,0,0,0
"trousers|back|back-pocket-style|back-welt-plain","trousers","Plain Welt (No Button)",yes,"/images/blueprints/remote/2d96087ff271__165732929300206.jpg","drawing-unverified","DRAWING_UNCONFIRMED",0,2,0,0,0
"trousers|back|back-pocket-style|back-right-besom-btn","trousers","Right Besom with Button Only",yes,"/images/blueprints/remote/a4c36785c1cf__165732950101655.jpg","drawing-unverified","DRAWING_UNCONFIRMED",0,2,0,0,0
"trousers|back|back-pocket-style|back-both-besom-right-btn","trousers","Both Besom (Right Button)",yes,"/images/blueprints/remote/d11c489532aa__165732942214395.jpg","drawing-unverified","DRAWING_UNCONFIRMED",0,2,0,0,0
"trousers|back|back-pocket-style|back-besom-decorative","trousers","Besom Decorative (No Bag)",yes,"/images/blueprints/remote/0eb8c7d082d0__165732940892061.jpg","drawing-unverified","DRAWING_UNCONFIRMED",0,2,0,0,0
"trousers|back|back-pocket-style|back-right-besom-only","trousers","Right Besom Only",yes,"/images/blueprints/remote/d0eba06d5db4__165732951339318.jpg","drawing-unverified","DRAWING_UNCONFIRMED",0,2,0,0,0
"trousers|back|back-pocket-style|back-besom-no-right","trousers","Left Besom Only (No Right)",yes,"/images/blueprints/remote/ae7613e6e895__165732952700067.jpg","drawing-unverified","DRAWING_UNCONFIRMED",0,2,0,0,0
"trousers|back|back-pocket-style|back-with-flap","trousers","Besom with Flap",yes,"/images/blueprints/remote/e5b74bf14b92__165732948712689.jpg","drawing-unverified","DRAWING_UNCONFIRMED",0,2,0,0,0
"trousers|back|back-pocket-style|back-regular-flap","trousers","Regular Flap Pocket",yes,"/images/blueprints/remote/e5d0503b3faa__165732946216252.jpg","drawing-unverified","DRAWING_UNCONFIRMED",0,2,0,0,0
"trousers|back|back-pocket-style|back-pointed-flap-btn","trousers","Pointed Flap with Button",yes,"/images/blueprints/remote/1a5fc2cf52d7__165732943643000.jpg","drawing-unverified","DRAWING_UNCONFIRMED",0,2,0,0,0
"trousers|back|back-pocket-style|back-diamond-flap","trousers","Diamond Flap with Button",yes,"/images/blueprints/remote/46e33d1335dd__165732939375810.jpg","drawing-unverified","DRAWING_UNCONFIRMED",0,2,0,0,0
"trousers|back|back-pocket-style|back-besom-round-tab","trousers","Besom with Round Tab & Button",yes,"/images/blueprints/remote/1a7e1f0fb0ec__165732935228519.jpg","drawing-unverified","DRAWING_UNCONFIRMED",0,2,0,0,0
"trousers|back|back-pocket-style|back-both-besom-tab","trousers","Both Besom with Tab & Button",yes,"/images/blueprints/remote/d5bc5ba1ec54__165732936598982.jpg","drawing-unverified","DRAWING_UNCONFIRMED",0,2,0,0,0
"trousers|back|back-pocket-style|back-besom-tab","trousers","Besom with Tab & Button",yes,"/images/blueprints/remote/22b7a9cee738__165732938026339.jpg","drawing-unverified","DRAWING_UNCONFIRMED",0,2,0,0,0
"trousers|back|back-darts|darts-none","trousers","No Darts",yes,"","missing","NO_DRAWING",0,1,0,0,0
"trousers|back|back-darts|darts-single","trousers","Single Back Darts",yes,"","missing","NO_DRAWING",0,1,0,0,0
"trousers|back|back-darts|darts-double","trousers","Double Back Darts",yes,"","missing","NO_DRAWING",0,1,0,0,0
"trousers|back|center-seam|seam-open","trousers","Open Seam",yes,"","missing","NO_DRAWING|NO_USABLE_PHOTO",0,0,0,0,0
"trousers|back|center-seam|seam-flat-fell","trousers","Flat-Fell Seam",yes,"","missing","NO_DRAWING|NO_USABLE_PHOTO",0,0,0,0,0
"trousers|bottom-hem|hem-style|hem-no-cuff","trousers","Plain Hem 5.0 cm",yes,"/images/blueprints/factory/96e846dfee6b__3600__5.0cm.jpg","drawing-unverified","DRAWING_UNCONFIRMED",0,2,0,0,0
"trousers|bottom-hem|hem-style|hem-blind","trousers","Plain Hem 6.4 cm",yes,"/images/blueprints/factory/bad6c1a76bae__3607__6.4cm.jpg","suspect-ambiguous","DRAWING_SUSPECT",0,1,0,0,0
"trousers|bottom-hem|hem-style|hem-single-turnup","trousers","4.4 cm Cuff Turn-Up",yes,"/images/blueprints/factory/30517f02c254__3604__4.4cm_cuff.jpg","drawing-unverified","DRAWING_UNCONFIRMED",0,2,0,0,0
"trousers|bottom-hem|hem-style|hem-double-turnup","trousers","5.1 cm Cuff Turn-Up",yes,"/images/blueprints/factory/8bcc8e766c5e__3605__5.1cm_cuff.jpg","drawing-unverified","DRAWING_UNCONFIRMED",0,1,0,0,0
"trousers|bottom-hem|hem-style|hem-machine-plain","trousers","Plain Hem 7.0 cm",yes,"/images/blueprints/remote/6ddcbc615b71__3608.jpg","suspect-ambiguous","DRAWING_SUSPECT|HAS_OWNER_REFS",0,2,1,2,0
"trousers|bottom-hem|hem-style|hem-76","trousers","Plain Hem 7.6 cm",yes,"/images/blueprints/remote/87f09a00ddf2__3609.jpg","verified-match","",0,2,0,0,0
"trousers|bottom-hem|hem-style|hem-90","trousers","Plain Hem 9.0 cm",yes,"/images/blueprints/remote/9e8b12a7ade9__360H.jpg","drawing-unverified","DRAWING_UNCONFIRMED",0,2,0,0,0
"trousers|bottom-hem|hem-style|hem-cuff-32","trousers","3.2 cm Cuff Turn-Up",yes,"/images/blueprints/remote/7eca44df7089__3602.jpg","drawing-unverified","DRAWING_UNCONFIRMED",0,3,0,0,0
"trousers|bottom-hem|hem-style|hem-cuff-38","trousers","3.8 cm Cuff Turn-Up",yes,"","missing","NO_DRAWING",0,2,0,0,0
"trousers|bottom-hem|hem-style|hem-extra-115","trousers","11.5 cm Extra Fabric (Unfinished)",yes,"/images/blueprints/remote/a350bdebd165__166529847562294.5CM.jpg","drawing-unverified","DRAWING_UNCONFIRMED",0,1,0,0,0
"trousers|bottom-hem|hem-style|hem-extra-130","trousers","13.0 cm Extra Fabric (Unfinished)",yes,"/images/blueprints/remote/2e5e80c016b2__166529849186105.jpg","drawing-unverified","DRAWING_UNCONFIRMED",0,1,0,0,0
"trousers|bottom-hem|hem-style|hem-inner-fold-40","trousers","4.0 cm Inner Edge Fold (Slanted)",yes,"/images/blueprints/remote/d4b184a45b4b__360K.jpg","drawing-unverified","DRAWING_UNCONFIRMED",0,3,0,0,0
"trousers|bottom-hem|hem-style|hem-inner-fold-70","trousers","7.0 cm Inner Edge Fold (Slanted)",yes,"/images/blueprints/remote/b61000e07375__36AF.jpg","drawing-unverified","DRAWING_UNCONFIRMED|HAS_OWNER_REFS",0,3,1,1,0
"trousers|bottom-hem|hem-style|hem-fixed-topstitch","trousers","Fixed Bottom, 2.5 cm Topstitch",yes,"/images/blueprints/remote/2298a47f90ea__166141804814147.jpg","drawing-unverified","DRAWING_UNCONFIRMED",0,2,0,0,0
"trousers|bottom-hem|hem-style|hem-fringe","trousers","Fringe Edge",yes,"","missing","NO_DRAWING|NO_USABLE_PHOTO",0,0,0,0,0
"trousers|bottom-hem|hem-style|hem-unfinished","trousers","Unfinished (Raw Edge)",yes,"","missing","NO_DRAWING|NO_USABLE_PHOTO",0,0,0,0,0
"trousers|bottom-hem|leg-shape|leg-tapered","trousers","Tapered",yes,"","missing","NO_DRAWING|EXTERNAL_WEB_PHOTO",1,2,0,0,10
"trousers|bottom-hem|leg-shape|leg-straight","trousers","Straight Cut",yes,"","missing","NO_DRAWING|EXTERNAL_WEB_PHOTO",1,2,0,0,10
"trousers|bottom-hem|leg-shape|leg-wide","trousers","Wide Leg",yes,"","missing","NO_DRAWING|EXTERNAL_WEB_PHOTO",0,2,1,0,10
"trousers|bottom-hem|leg-shape|leg-slim","trousers","Slim",yes,"","missing","NO_DRAWING|EXTERNAL_WEB_PHOTO",1,2,0,0,10
"trousers|bottom-hem|heel-guard|heel-none","trousers","No Heel Guard",yes,"/images/blueprints/remote/90c9f9c84002__33BB.jpg","drawing-unverified","DRAWING_UNCONFIRMED",0,3,0,0,0
"trousers|bottom-hem|heel-guard|heel-standard","trousers","Heel Guard",yes,"/images/blueprints/remote/17caa8efc528__3611.jpg","drawing-unverified","DRAWING_UNCONFIRMED",0,2,0,0,0
"trousers|bottom-hem|heel-guard|heel-whole-circle","trousers","Whole Circle Heel Guard",yes,"/images/blueprints/remote/7a19d9941f5a__3614.jpg","drawing-unverified","DRAWING_UNCONFIRMED",0,3,0,0,0
"trousers|bottom-hem|heel-guard|heel-ribbon","trousers","Whole Circle (Finished Ribbon)",yes,"/images/blueprints/remote/efad6677c088__361L.jpg","drawing-unverified","DRAWING_UNCONFIRMED",0,2,0,0,0
"trousers|lining-internal|lining-style|lining-none","trousers","No Lining",yes,"/images/blueprints/factory/ff559a0a79f9__3500__No.jpg","drawing-unverified","DRAWING_UNCONFIRMED",0,1,0,0,0
"trousers|lining-internal|lining-style|lining-knee","trousers","Front Half (Pocket Inside)",yes,"/images/blueprints/factory/ca44a8b9c6b5__3502__Front_half_pocket_inside.jpg","drawing-unverified","DRAWING_UNCONFIRMED",0,1,0,0,0
"trousers|lining-internal|lining-style|lining-full","trousers","Front & Back Full (Pocket Inside)",yes,"/images/blueprints/factory/f5c3161c70b0__3506__Front_back_full_pocket_inside.jpg","drawing-unverified","DRAWING_UNCONFIRMED",0,1,0,0,0
"trousers|lining-internal|lining-style|lining-front-back-half-inside","trousers","Front & Back Half (Pocket Inside)",yes,"/images/blueprints/remote/2c0efd965ae6__3504.jpg","drawing-unverified","DRAWING_UNCONFIRMED",0,1,0,0,0
"trousers|lining-internal|lining-style|lining-front-half-outside","trousers","Front Half (Pocket Outside)",yes,"/images/blueprints/remote/2b55c4f5e69a__3501.jpg","drawing-unverified","DRAWING_UNCONFIRMED",0,1,0,0,0
"trousers|lining-internal|lining-style|lining-front-back-half-outside","trousers","Front & Back Half (Pocket Outside)",yes,"/images/blueprints/remote/150ac03e507c__3503.jpg","drawing-unverified","DRAWING_UNCONFIRMED",0,1,0,0,0
"trousers|lining-internal|lining-style|lining-full-outside","trousers","Front & Back Full (Pocket Outside)",yes,"/images/blueprints/remote/ef28f183f3d1__3505.jpg","drawing-unverified","DRAWING_UNCONFIRMED",0,1,0,0,0
"trousers|lining-internal|back-crotch-lining|crotch-none","trousers","No Crotch Lining",yes,"/images/blueprints/remote/7cf825d39e76__165396701246859.jpg","drawing-unverified","DRAWING_UNCONFIRMED",0,1,0,0,0
"trousers|lining-internal|back-crotch-lining|crotch-fabric","trousers","Fabric",no,"/images/blueprints/remote/1739430bba6e__165396711124919.jpg","drawing-unverified","DRAWING_UNCONFIRMED",0,1,0,0,0
"trousers|lining-internal|back-crotch-lining|crotch-matched","trousers","Matched Lining",yes,"/images/blueprints/remote/23402d004780__165396716037322.jpg","drawing-unverified","DRAWING_UNCONFIRMED",0,1,0,0,0
"trousers|lining-internal|back-crotch-lining|crotch-lining","trousers","Standard Lining",yes,"/images/blueprints/remote/5f0bf4d338a8__165396714492932.jpg","drawing-unverified","DRAWING_UNCONFIRMED",0,1,0,0,0
"trousers|lining-internal|pocket-lining|pocket-lining-standard","trousers","Standard Pocket Lining",yes,"","missing","NO_DRAWING|NO_USABLE_PHOTO",0,0,0,0,0
"trousers|lining-internal|pocket-lining|pocket-lining-appoint","trousers","Appointed Pocket Lining",yes,"/images/blueprints/remote/b61831c054bf__35C1.jpg","drawing-unverified","DRAWING_UNCONFIRMED",0,1,0,0,0
"trousers|lining-internal|inner-waist|inner-curtain","trousers","Standard Curtain Lining",yes,"/images/blueprints/factory/79ca59f0f330__3430__Standard.jpg","drawing-unverified","DRAWING_UNCONFIRMED",0,1,0,0,0
"trousers|lining-internal|inner-waist|inner-french-tack","trousers","Pleated Curtain",yes,"/images/blueprints/factory/2fddd32014a5__3434__Pleated_Curtain.jpg","drawing-unverified","DRAWING_UNCONFIRMED",0,1,0,0,0
"trousers|lining-internal|inner-waist|inner-none","trousers","Appointed Waistband Fabric",no,"/images/blueprints/remote/771fa0093157__165396695067711.jpg","drawing-unverified","DRAWING_UNCONFIRMED",0,1,0,0,0
"trousers|lining-internal|inner-waist|inner-snugtex","trousers","Standard with Snugtex",yes,"/images/blueprints/remote/aa381a729075__3440.jpg","drawing-unverified","DRAWING_UNCONFIRMED",0,1,0,0,0
"trousers|lining-internal|inner-waist|inner-snugtex-btn","trousers","Standard, Snugtex & Button",yes,"/images/blueprints/remote/8df42b0caa2f__3449.jpg","drawing-unverified","DRAWING_UNCONFIRMED",0,1,0,0,0
"trousers|lining-internal|inner-waist|inner-gripper","trousers","Gripper Strip",yes,"/images/blueprints/remote/604473969546__3443.jpg","drawing-unverified","DRAWING_UNCONFIRMED",0,1,0,0,0
"trousers|lining-internal|inner-waist|inner-piping-snugtex","trousers","Standard, Piping & Snugtex",yes,"","missing","NO_DRAWING",0,1,0,0,0
"trousers|lining-internal|inner-waist|inner-lining","trousers","Appointed Lining",yes,"/images/blueprints/remote/f31966b9b208__344E.jpg","drawing-unverified","DRAWING_UNCONFIRMED",0,1,0,0,0
"trousers|lining-internal|inner-waist|inner-pleat-snugtex","trousers","Pleat with Snugtex & Button",yes,"/images/blueprints/remote/56ff34969306__3445.jpg","drawing-unverified","DRAWING_UNCONFIRMED",0,1,0,0,0
"trousers|lining-internal|inner-waist|inner-pleat-griplets","trousers","Pleat with Griplets",yes,"/images/blueprints/remote/af7276386df5__3435.jpg","drawing-unverified","DRAWING_UNCONFIRMED",0,1,0,0,0
"trousers|lining-internal|inner-waist|inner-finished-band","trousers","Appointed Finished Waistband",yes,"/images/blueprints/remote/1bffb62bd1be__344H.jpg","drawing-unverified","DRAWING_UNCONFIRMED",0,1,0,0,0
"trousers|lining-internal|label-placement|label-waistband","trousers","Inside Waistband",yes,"","missing","NO_DRAWING|NO_USABLE_PHOTO",0,0,0,0,0
"trousers|lining-internal|label-placement|label-care-only","trousers","Care Label Only",yes,"","missing","NO_DRAWING|NO_USABLE_PHOTO",0,0,0,0,0
"trousers|details-contrast|contrast-positions|trouser-contrast-none","trousers","No Contrast",yes,"","missing","NO_DRAWING|NO_USABLE_PHOTO",0,0,0,0,0
"trousers|details-contrast|contrast-positions|trouser-contrast-side","trousers","Side Seam Satin Stripe",yes,"/images/blueprints/factory/5252459c3a51__3382__Side_seam_with_fabric_1.2cm_width_.jpg","drawing-unverified","DRAWING_UNCONFIRMED",0,1,0,0,0
"trousers|details-contrast|contrast-positions|trouser-contrast-pocket","trousers","Contrast Pocket Bags",yes,"/images/blueprints/factory/4087db58c8a3__314A__Cushion_layer_fabrics_appointed.jpg","drawing-unverified","DRAWING_UNCONFIRMED",0,1,0,0,0
"trousers|details-contrast|contrast-positions|trouser-contrast-waist","trousers","Contrast Waistband",yes,"/images/blueprints/factory/b16ea7165058__33A2__Appointed_Waistband.jpg","drawing-unverified","DRAWING_UNCONFIRMED",0,1,0,0,0
"trousers|details-contrast|contrast-positions|trouser-contrast-front-besom","trousers","Contrast Front Pocket Besom",yes,"/images/blueprints/remote/5c43b55a10d4__3140.jpg","drawing-unverified","DRAWING_UNCONFIRMED",0,3,0,0,0
"trousers|details-contrast|contrast-positions|trouser-contrast-back-pocket","trousers","Contrast Back Pocket Besom",yes,"/images/blueprints/remote/a1696cc6abeb__325B.jpg","drawing-unverified","DRAWING_UNCONFIRMED",0,2,0,0,0
"trousers|details-contrast|contrast-positions|trouser-contrast-loop","trousers","Contrast Belt Loop Fabric",yes,"/images/blueprints/remote/67e3df566ff6__3348.jpg","drawing-unverified","DRAWING_UNCONFIRMED",0,2,0,0,0
"trousers|details-contrast|contrast-positions|trouser-contrast-covered-btn","trousers","Fabric Covered Buttons",yes,"/images/blueprints/remote/763fb7c721e6__169560958482161.jpg","drawing-unverified","DRAWING_UNCONFIRMED",0,3,0,0,0
"trousers|details-contrast|buttonhole-type-trouser|tbh-machine","trousers","Machine Stitched",yes,"/images/blueprints/baoxiniao/trousers/GLKMO/H.jpg","drawing-unverified","DRAWING_UNCONFIRMED|NO_USABLE_PHOTO",0,0,0,0,0
"trousers|details-contrast|buttonhole-type-trouser|tbh-hand","trousers","Hand-Worked",yes,"/images/blueprints/baoxiniao/trousers/GLKMO/A.jpg","drawing-unverified","DRAWING_UNCONFIRMED|NO_USABLE_PHOTO",0,0,0,0,0
"trousers|details-contrast|sewing-button-style-trouser|tbtn-cross","trousers","Cross (+) Stitch",no,"/images/blueprints/factory/f10f2242ae0a__345B__.jpg","drawing-unverified","DRAWING_UNCONFIRMED",0,1,0,0,0
"trousers|details-contrast|sewing-button-style-trouser|tbtn-parallel","trousers","Parallel (=) Stitch",no,"/images/blueprints/factory/f70bb9aa36d8__345A__.jpg","drawing-unverified","DRAWING_UNCONFIRMED",0,1,0,0,0
"trousers|details-contrast|sewing-button-style-trouser|tbtn-claw","trousers","Claw Stitch",no,"/images/blueprints/remote/2cc6fa76be17__345C.jpg","drawing-unverified","DRAWING_UNCONFIRMED",0,1,0,0,0
"trousers|details-contrast|sewing-button-style-trouser|tbtn-square","trousers","Square Stitch",no,"/images/blueprints/remote/59f9f67ace69__34Y1.jpg","drawing-unverified","DRAWING_UNCONFIRMED",0,1,0,0,0
"trousers|details-contrast|button-thread|btn-thread-match","trousers","Matched to Fabric",no,"/images/blueprints/remote/6fefdb558f09__165588176962173.jpg","drawing-unverified","DRAWING_UNCONFIRMED",0,1,0,0,0
"trousers|details-contrast|button-thread|btn-thread-appoint","trousers","Appointed Thread Color",no,"/images/blueprints/remote/8829b2048044__165588178047321.jpg","drawing-unverified","DRAWING_UNCONFIRMED",0,1,0,0,0
"trousers|details-contrast|buttonhole-thread|bh-thread-match","trousers","Match Fabric",no,"/images/blueprints/remote/7a5d412484be__165588174165112.jpg","drawing-unverified","DRAWING_UNCONFIRMED",0,1,0,0,0
"trousers|details-contrast|buttonhole-thread|bh-thread-appoint","trousers","Appointed Color",no,"/images/blueprints/remote/bff42961fbe3__165588175293444.jpg","drawing-unverified","DRAWING_UNCONFIRMED",0,1,0,0,0
"trousers|extras|waistband-canvas|canvas-fused","trousers","Fused (Standard)",yes,"","missing","NO_DRAWING|NO_USABLE_PHOTO",0,0,0,0,0
"trousers|extras|waistband-canvas|canvas-full","trousers","Full Canvas",yes,"","missing","NO_DRAWING|NO_USABLE_PHOTO",0,0,0,0,0
"trousers|extras|waistband-canvas|canvas-half","trousers","Half Canvas",yes,"","missing","NO_DRAWING|NO_USABLE_PHOTO",0,0,0,0,0
"trousers|extras|waistband-canvas|canvas-single","trousers","Single Layer",yes,"","missing","NO_DRAWING|NO_USABLE_PHOTO",0,0,0,0,0
"trousers|extras|suspender-buttons|suspender-none","trousers","No Suspender Buttons",yes,"","missing","NO_DRAWING|NO_USABLE_PHOTO",0,0,0,0,0
"trousers|extras|suspender-buttons|suspender-add","trousers","Add Suspender Buttons",yes,"/images/blueprints/remote/fb9584d940b7__169501755108517.jpg","drawing-unverified","DRAWING_UNCONFIRMED",0,1,0,0,0
"trousers|extras|extra-inner-button|inner-btn-none","trousers","None",yes,"","missing","NO_DRAWING|NO_USABLE_PHOTO",0,0,0,0,0
"trousers|extras|extra-inner-button|inner-btn-add","trousers","Add Inner Button",yes,"/images/blueprints/remote/afc0db224e4c__174590664146501.png","drawing-unverified","DRAWING_UNCONFIRMED",0,1,0,0,0
"trousers|extras|waistband-back-seam|back-seam-standard","trousers","With Bartack (Standard)",yes,"","missing","NO_DRAWING",0,2,1,0,0
"trousers|extras|waistband-back-seam|back-seam-no-bartack","trousers","Without Bartack",yes,"/images/blueprints/remote/8883c883645f__168129382192380.jpg","drawing-unverified","DRAWING_UNCONFIRMED",1,2,0,0,0
"vest|front-style|button-stance|sb-3","vest","SB 3 Buttons",yes,"/images/options/vest/sb-3.jpg","verified-match","",0,3,0,0,0
"vest|front-style|button-stance|sb-4","vest","SB 4 Buttons",yes,"/images/options/vest/sb-4.jpg","verified-match","",0,2,0,0,0
"vest|front-style|button-stance|sb-5","vest","SB 5 Buttons",yes,"/images/options/vest/sb-5.jpg","verified-match","",0,2,0,0,0
"vest|front-style|button-stance|sb-6","vest","SB 6 Buttons",yes,"/images/options/vest/sb-6.jpg","verified-match","",0,2,0,0,0
"vest|front-style|button-stance|db-4x2","vest","DB 4 × 2",yes,"/images/options/vest/db-4x2.jpg","verified-match","",0,3,0,0,0
"vest|front-style|button-stance|db-6x2","vest","DB 6 × 2",yes,"/images/options/vest/db-6x2.png","verified-match","",0,2,0,0,0
"vest|front-style|button-stance|db-6x3","vest","DB 6 × 3",yes,"/images/options/vest/db-6x3.jpg","verified-match","",0,2,0,0,0
"vest|front-style|button-stance|db-8x4","vest","DB 8 × 4",yes,"/images/options/vest/db-8x4.jpg","verified-match","",0,2,0,0,0
"vest|front-style|bottom-shape-vest|vest-bottom-regular","vest","Regular",yes,"/images/options/vest/vest-bottom-regular.jpg","verified-match","",0,2,0,0,0
"vest|front-style|bottom-shape-vest|vest-bottom-small","vest","Small Point",yes,"/images/options/vest/vest-bottom-small.jpg","verified-match","",0,2,0,0,0
"vest|front-style|bottom-shape-vest|vest-bottom-straight","vest","Square / Flat",yes,"/images/options/vest/vest-bottom-straight.jpg","verified-match","",0,2,0,0,0
"vest|front-style|bottom-shape-vest|vest-bottom-round","vest","Round",yes,"/images/options/vest/vest-bottom-round.jpg","verified-match","",0,2,0,0,0
"vest|front-style|bottom-shape-vest|vest-bottom-point","vest","Slant / Point",yes,"/images/options/vest/vest-bottom-point.jpg","verified-match","HAS_OWNER_REFS",0,2,1,2,0
"vest|front-style|buttonhole-type-vest|vest-bh-machine","vest","Machine Stitched",yes,"","missing","NO_DRAWING|NO_USABLE_PHOTO",0,0,0,0,0
"vest|front-style|buttonhole-type-vest|vest-bh-hand","vest","Handmade Buttonholes",yes,"/images/options/vest/vest-bh-hand.jpg","verified-match","",0,2,0,0,0
"vest|front-style|buttonhole-type-vest|vest-bh-round","vest","Handmade Round Buttonholes",yes,"","missing","NO_DRAWING|NO_USABLE_PHOTO",0,0,0,0,0
"vest|front-style|placket-direction|vest-left-over-right","vest","Left over Right",yes,"/images/options/vest/vest-left-over-right.jpg","verified-match","",0,2,0,0,0
"vest|front-style|placket-direction|vest-right-over-left","vest","Right over Left",yes,"/images/options/vest/vest-right-over-left.jpg","verified-match","",0,2,0,0,0
"vest|front-style|canvas-vest|vest-canvas-full","vest","Full Canvas",yes,"/images/options/vest/vest-canvas-full.jpg","verified-match","",0,2,0,0,0
"vest|front-style|canvas-vest|vest-canvas-half","vest","Half Canvas",yes,"/images/options/vest/vest-canvas-half.jpg","verified-match","",0,2,0,0,0
"vest|front-style|canvas-vest|vest-canvas-uncon","vest","Unconstructed Chest",yes,"/images/options/vest/vest-canvas-uncon.jpg","verified-match","",0,2,0,0,0
"vest|front-style|canvas-vest|vest-canvas-single","vest","Single Layer Chest Fusing",yes,"/images/options/vest/vest-canvas-single.jpg","verified-match","",0,2,0,0,0
"vest|front-style|canvas-vest|vest-canvas-fused","vest","Fused Canvas",yes,"/images/options/vest/vest-canvas-fused.jpg","verified-match","",0,2,0,0,0
"vest|lapel-neckline|neckline-style|v-neckline","vest","V-Neckline",yes,"/images/options/vest/v-neckline.jpg","verified-match","",0,2,0,0,0
"vest|lapel-neckline|neckline-style|u-neckline","vest","U-Neckline",yes,"/images/options/vest/u-neckline.jpg","verified-match","",0,3,0,0,0
"vest|lapel-neckline|neckline-style|notch-lapel-vest","vest","Notch without Collar Band",yes,"/images/options/vest/notch-lapel-vest.jpg","verified-match","",0,4,0,0,0
"vest|lapel-neckline|neckline-style|peak-lapel-vest","vest","Peak without Collar Band",yes,"/images/options/vest/peak-lapel-vest.jpg","verified-match","",1,2,0,0,0
"vest|lapel-neckline|neckline-style|shawl-lapel-vest","vest","Shawl without Collar Band",yes,"/images/options/vest/shawl-lapel-vest.jpg","verified-match","",1,4,0,0,0
"vest|lapel-neckline|neckline-style|lapel-collar-stand","vest","Notch with Collar Band",yes,"/images/options/vest/lapel-collar-stand.jpg","verified-match","",0,3,0,0,0
"vest|lapel-neckline|neckline-style|peak-collar-stand","vest","Peak with Collar Band",yes,"/images/options/vest/peak-collar-stand.jpg","verified-match","",0,3,0,0,0
"vest|lapel-neckline|neckline-style|shawl-collar-stand","vest","Shawl with Collar Band",yes,"/images/options/vest/shawl-collar-stand.jpg","verified-match","",0,3,0,0,0
"vest|lapel-neckline|lapel-width|vest-lapel-narrow","vest","Narrow 6 cm",yes,"/images/blueprints/baoxiniao/vest/KFABL/C.jpg","drawing-unverified","DRAWING_UNCONFIRMED|NO_USABLE_PHOTO",0,0,0,0,0
"vest|lapel-neckline|lapel-width|vest-lapel-standard","vest","Standard 7.5 cm",yes,"/images/blueprints/baoxiniao/vest/KFABL/F.jpg","drawing-unverified","DRAWING_UNCONFIRMED|NO_USABLE_PHOTO",0,0,0,0,0
"vest|lapel-neckline|lapel-width|vest-lapel-wide","vest","Wide 9 cm",yes,"","missing","NO_DRAWING|NO_USABLE_PHOTO",0,0,0,0,0
"vest|lapel-neckline|lapel-buttonhole-vest|vest-lapel-bh-none","vest","No Buttonhole",yes,"/images/blueprints/remote/b9f00f176e89__4544.jpg","verified-match","",0,3,0,0,0
"vest|lapel-neckline|lapel-buttonhole-vest|vest-lapel-bh-left","vest","Left",yes,"/images/options/vest/vest-lapel-bh-left.jpg","verified-match","",0,4,0,0,0
"vest|lapel-neckline|lapel-buttonhole-vest|vest-lapel-bh-left-two","vest","Left Two",yes,"/images/options/vest/vest-lapel-bh-left-two.jpg","verified-match","",0,2,0,0,0
"vest|lapel-neckline|lapel-buttonhole-vest|vest-lapel-bh-both","vest","Right & Left",yes,"/images/options/vest/vest-lapel-bh-both.jpg","verified-match","",0,2,0,0,0
"vest|lapel-neckline|lapel-hole-style|vest-hole-regular-straight","vest","Regular Straight",yes,"/images/options/vest/vest-hole-regular-straight.jpg","verified-match","",0,2,0,0,0
"vest|lapel-neckline|lapel-hole-style|vest-hole-regular-round","vest","Regular Round",yes,"/images/options/vest/vest-hole-regular-round.jpg","verified-match","",0,2,0,0,0
"vest|lapel-neckline|lapel-hole-style|vest-hole-real-straight","vest","Real Straight",yes,"/images/options/vest/vest-hole-real-straight.jpg","verified-match","",0,4,0,0,0
"vest|lapel-neckline|lapel-hole-style|vest-hole-real-straight-05","vest","Real Straight 0.5 cm",yes,"/images/options/vest/vest-hole-real-straight-05.jpg","verified-match","",1,4,0,0,0
"vest|lapel-neckline|collar-felt|vest-collar-felt-match","vest","Matched Collar Felt",yes,"/images/options/vest/vest-collar-felt-match.jpg","verified-match","",0,1,0,0,0
"vest|lapel-neckline|collar-felt|vest-collar-felt-body","vest","Match Body Fabric",yes,"/images/options/vest/vest-collar-felt-body.jpg","verified-match","",0,1,0,0,0
"vest|pockets|chest-pocket-vest|vest-chest-none","vest","No Chest Pocket",yes,"/images/options/vest/vest-chest-none.jpg","verified-match","",0,2,0,0,0
"vest|pockets|chest-pocket-vest|vest-chest-left-welt","vest","Left Welt",yes,"/images/options/vest/vest-chest-left-welt.jpg","verified-match","",0,1,0,0,0
"vest|pockets|chest-pocket-vest|vest-chest-left-besom","vest","Left Besom",yes,"/images/options/vest/vest-chest-left-besom.jpg","verified-match","",0,2,0,0,0
"vest|pockets|chest-pocket-vest|vest-chest-besom-flap","vest","Left Besom with Flap",yes,"/images/options/vest/vest-chest-besom-flap.jpg","verified-match","",1,3,0,0,0
"vest|pockets|chest-pocket-vest|vest-chest-left-patch","vest","Left Patch",yes,"/images/options/vest/vest-chest-left-patch.jpg","verified-match","",0,2,0,0,0
"vest|pockets|chest-pocket-vest|vest-chest-both-welt","vest","Right & Left Welt",yes,"/images/options/vest/vest-chest-both-welt.jpg","verified-match","",1,3,0,0,0
"vest|pockets|chest-pocket-vest|vest-chest-both-besom","vest","Right & Left Besom",yes,"/images/options/vest/vest-chest-both-besom.jpg","verified-match","",1,4,0,0,0
"vest|pockets|chest-pocket-vest|vest-chest-both-besom-flap","vest","R&L Besom with Flap",yes,"/images/options/vest/vest-chest-both-besom-flap.jpg","verified-match","",1,3,0,0,0
"vest|pockets|chest-pocket-vest|vest-chest-both-patch","vest","Right & Left Patch",yes,"/images/options/vest/vest-chest-both-patch.jpg","verified-match","",0,2,0,0,0
"vest|pockets|lower-pockets-vest|vest-lower-none","vest","No Lower Pockets",yes,"/images/options/vest/vest-lower-none.jpg","verified-match","",0,2,0,0,0
"vest|pockets|lower-pockets-vest|vest-lower-welt","vest","Regular Welt",yes,"/images/options/vest/vest-lower-welt.jpg","verified-match","",0,4,0,0,0
"vest|pockets|lower-pockets-vest|vest-lower-welt-1cm","vest","1.0 cm Width Welt",yes,"/images/options/vest/vest-lower-welt-1cm.jpg","verified-match","",0,2,0,0,0
"vest|pockets|lower-pockets-vest|vest-lower-jetted","vest","Besom",yes,"/images/options/vest/vest-lower-jetted.jpg","verified-match","",0,2,0,0,0
"vest|pockets|lower-pockets-vest|vest-lower-besom-flap","vest","Besom with Flap",yes,"/images/options/vest/vest-lower-besom-flap.jpg","verified-match","",0,2,0,0,0
"vest|pockets|lower-pockets-vest|vest-lower-patch","vest","Patch",yes,"/images/options/vest/vest-lower-patch.jpg","verified-match","",0,2,0,0,0
"vest|pockets|lower-pockets-vest|vest-lower-slanted","vest","Slant Welt",yes,"/images/options/vest/vest-lower-slanted.jpg","verified-match","",0,2,0,0,0
"vest|pockets|lower-pockets-vest|vest-lower-slant-besom","vest","Slant Besom",yes,"/images/options/vest/vest-lower-slant-besom.jpg","verified-match","",0,2,0,0,0
"vest|pockets|lower-pockets-vest|vest-lower-slant-flap","vest","Slant Besom with Flap",yes,"/images/options/vest/vest-lower-slant-flap.jpg","verified-match","",0,3,0,0,0
"vest|pockets|ticket-pocket-vest|vest-ticket-none","vest","None",yes,"/images/options/vest/vest-ticket-none.jpg","verified-match","",0,2,0,0,0
"vest|pockets|ticket-pocket-vest|vest-ticket-besom","vest","Besom",yes,"/images/options/vest/vest-ticket-besom.jpg","verified-match","",0,4,0,0,0
"vest|pockets|ticket-pocket-vest|vest-ticket-right","vest","Right Welt",yes,"/images/options/vest/vest-ticket-right.jpg","verified-match","",0,3,0,0,0
"vest|pockets|ticket-pocket-vest|vest-ticket-left","vest","Left Welt",yes,"/images/options/vest/vest-ticket-left.jpg","verified-match","",0,3,0,0,0
"vest|pockets|ticket-pocket-vest|vest-ticket-besom-flap","vest","Besom with Flap",yes,"/images/options/vest/vest-ticket-besom-flap.jpg","verified-match","",0,2,0,0,0
"vest|pockets|ticket-pocket-vest|vest-ticket-diamond-flap","vest","Besom with Diamond Flap",yes,"/images/options/vest/vest-ticket-diamond-flap.jpg","verified-match","",0,3,0,0,0
"vest|pockets|ticket-pocket-vest|vest-ticket-slant-besom","vest","Slant Besom",yes,"/images/options/vest/vest-ticket-slant-besom.jpg","verified-match","",0,3,0,0,0
"vest|pockets|ticket-pocket-vest|vest-ticket-lr-slant-welt","vest","Left & Right Slant Welt",yes,"/images/options/vest/vest-ticket-lr-slant-welt.jpg","verified-match","",0,2,0,0,0
"vest|back-fit|back-style-vest|back-fabric-vest","vest","Standard with Strap",yes,"/images/options/vest/back-fabric-vest.png","verified-match","",0,2,0,0,0
"vest|back-fit|back-style-vest|back-stretch-vest","vest","Without Belt",yes,"/images/options/vest/back-stretch-vest.jpg","verified-match","",0,2,0,0,0
"vest|back-fit|back-fabric-code|vest-back-match","vest","Matched Lining",no,"/images/options/vest/vest-back-match.jpg","verified-match","",0,1,0,0,0
"vest|back-fit|back-fabric-code|vest-back-fabric","vest","Fabric",no,"/images/options/vest/vest-back-fabric.jpg","verified-match","",0,1,0,0,0
"vest|back-fit|back-fabric-code|vest-back-specify","vest","Specify Fabric",yes,"/images/options/vest/vest-back-specify.jpg","verified-match","",0,1,0,0,0
"vest|back-fit|back-fabric-code|vest-back-lining","vest","Specify Lining",no,"/images/options/vest/vest-back-lining.png","verified-match","",0,1,0,0,0
"vest|back-fit|back-fabric-code|vest-back-diy","vest","DIY Printing",yes,"/images/options/vest/vest-back-diy.jpg","verified-match","",0,1,0,0,0
"vest|back-fit|back-waist-belt-fabric|vest-waist-belt-fabric","vest","Fabric",yes,"/images/options/vest/vest-waist-belt-fabric.png","verified-match","",0,1,0,0,0
"vest|back-fit|back-waist-belt-fabric|vest-waist-belt-lining","vest","Appointed Lining",no,"/images/options/vest/vest-waist-belt-lining.png","verified-match","",0,1,0,0,0
"vest|back-fit|back-detail-design|vest-back-strap-buckle","vest","With Strap & Buckle",yes,"/images/options/vest/vest-back-strap-buckle.jpg","verified-match","",0,3,0,0,0
"vest|back-fit|back-detail-design|vest-back-belt-3cm","vest","Back Belt 3 cm Width + Buckle",yes,"/images/options/vest/vest-back-belt-3cm.jpg","verified-match","",0,2,0,0,0
"vest|contrast-vest|contrast-lapel-collar|vest-contrast-lapel-none","vest","None",yes,"","missing","NO_DRAWING|NO_USABLE_PHOTO",0,0,0,0,0
"vest|contrast-vest|contrast-lapel-collar|vest-contrast-lapel-diy","vest","DIY Contrast Lapel & Collar",yes,"/images/options/vest/vest-contrast-lapel-diy.jpg","verified-match","",0,4,0,0,0
"vest|contrast-vest|contrast-lapel-collar|vest-contrast-lapel-diy-1cm","vest","DIY 1.0 cm Edging",yes,"/images/options/vest/vest-contrast-lapel-diy-1cm.jpg","verified-match","",0,2,0,0,0
"vest|contrast-vest|contrast-lapel-collar|vest-contrast-lapel-specify","vest","Specify Lapel",yes,"/images/options/vest/vest-contrast-lapel-specify.jpg","verified-match","",0,1,0,0,0
"vest|contrast-vest|contrast-lapel-collar|vest-contrast-lapel-1cm-specify","vest","Specify 1.0 cm Edging Lapel",yes,"/images/options/vest/vest-contrast-lapel-1cm-specify.jpg","verified-match","",0,2,0,0,0
"vest|contrast-vest|contrast-lapel-collar|vest-contrast-collar-specify","vest","Specify Collar",yes,"/images/options/vest/vest-contrast-collar-specify.jpg","verified-match","",0,1,0,0,0
"vest|contrast-vest|contrast-lapel-collar|vest-contrast-collar-1cm-specify","vest","Specify 1.0 cm Edging Collar",yes,"/images/options/vest/vest-contrast-collar-1cm-specify.jpg","verified-match","",0,1,0,0,0
"vest|contrast-vest|contrast-pocket-vest|vest-contrast-pocket-none","vest","None",yes,"","missing","NO_DRAWING|NO_USABLE_PHOTO",0,0,0,0,0
"vest|contrast-vest|contrast-pocket-vest|vest-contrast-diy-flap","vest","DIY Flap Surface",yes,"/images/options/vest/vest-contrast-diy-flap.jpg","verified-match","",0,6,0,0,0
"vest|contrast-vest|contrast-pocket-vest|vest-contrast-diy-seam","vest","DIY Seam",yes,"/images/options/vest/vest-contrast-diy-seam.jpg","verified-match","",0,4,0,0,0
"vest|contrast-vest|contrast-pocket-vest|vest-contrast-diy-1cm","vest","DIY 1.0 cm Contrast",yes,"/images/options/vest/vest-contrast-diy-1cm.jpg","verified-match","",0,2,0,0,0
"vest|contrast-vest|contrast-pocket-vest|vest-contrast-diy-seam-bottom","vest","DIY Seam and Bottom",yes,"/images/options/vest/vest-contrast-diy-seam-bottom.jpg","verified-match","",0,2,0,0,0
"vest|contrast-vest|contrast-pocket-vest|vest-contrast-specify-seam-bottom","vest","Specify Seam and Bottom",yes,"/images/options/vest/vest-contrast-specify-seam-bottom.jpg","verified-match","",0,2,0,0,0
"vest|contrast-vest|contrast-pocket-vest|vest-contrast-specify-patch","vest","Specify Patch",yes,"/images/options/vest/vest-contrast-specify-patch.jpg","verified-match","",0,4,0,0,0
"vest|contrast-vest|contrast-pocket-vest|vest-contrast-specify-patch-surface","vest","Specify Patch Surface",yes,"/images/options/vest/vest-contrast-specify-patch-surface.jpg","verified-match","",0,2,0,0,0
"vest|contrast-vest|contrast-pocket-vest|vest-contrast-specify-seam","vest","Specify Seam",yes,"/images/options/vest/vest-contrast-specify-seam.jpg","verified-match","",0,4,0,0,0
"vest|contrast-vest|covered-button-vest|vest-button-match","vest","Match Fabric",yes,"/images/options/vest/vest-button-match.jpg","verified-match","",0,1,0,0,0
"vest|contrast-vest|covered-button-vest|vest-button-diy","vest","DIY Fabric Covered Button",yes,"/images/options/vest/vest-button-diy.jpg","verified-match","",0,1,0,0,0
"vest|lining-vest|vest-lining-color|vest-bl-match","vest","Match Fabric",no,"/images/options/vest/vest-bl-match.jpg","verified-match","",0,1,0,0,0
"vest|lining-vest|vest-lining-color|vest-bl-navy","vest","Navy Solid",yes,"/images/options/vest/vest-bl-navy.jpg","verified-match","",0,1,0,0,0
"vest|lining-vest|vest-lining-color|vest-bl-black","vest","Black Solid",yes,"/images/options/vest/vest-bl-black.jpg","verified-match","",0,1,0,0,0
"vest|lining-vest|vest-lining-color|vest-bl-cream","vest","Cream / Ivory",yes,"/images/options/vest/vest-bl-cream.jpg","verified-match","",0,1,0,0,0
"vest|lining-vest|vest-lining-color|vest-bl-gold-paisley","vest","Gold Paisley",yes,"/images/options/vest/vest-bl-gold-paisley.jpg","verified-match","",0,1,0,0,0
"vest|lining-vest|vest-lining-color|vest-bl-custom","vest","Custom Lining (Provide Code)",yes,"/images/options/vest/vest-bl-custom.jpg","verified-match","",0,1,0,0,0
"vest|lining-vest|vest-lining-type|vest-lining-regular","vest","Regular Lining",yes,"","missing","NO_DRAWING|NO_USABLE_PHOTO",0,0,0,0,0
"vest|lining-vest|vest-lining-type|vest-lining-artistic","vest","Artistic Lining (Placement)",yes,"/images/options/vest/vest-lining-artistic.jpg","verified-match","",0,1,0,0,0
"vest|lining-vest|vest-lining-type|vest-lining-diy-print","vest","DIY Printing",yes,"/images/options/vest/vest-lining-diy-print.jpg","verified-match","",0,1,0,0,0
"vest|lining-vest|vest-piping|vest-piping-none","vest","No Piping",yes,"","missing","NO_DRAWING|NO_USABLE_PHOTO",0,0,0,0,0
"vest|lining-vest|vest-piping|vest-piping-diy","vest","DIY Piping",yes,"/images/options/vest/vest-piping-diy.jpg","verified-match","",0,4,0,0,0
"vest|lining-vest|vest-label-placement|vest-label-inner","vest","Inner Breast Pocket Area",yes,"","missing","NO_DRAWING|NO_USABLE_PHOTO",0,0,0,0,0
"vest|lining-vest|vest-label-placement|vest-label-seam","vest","Side Seam",yes,"","missing","NO_DRAWING|NO_USABLE_PHOTO",0,0,0,0,0
"vest|buttons-thread-vest|button-choice-vest|vest-btn-match","vest","Match Fabric",yes,"/images/options/vest/vest-btn-match.jpg","verified-match","",0,1,0,0,0
"vest|buttons-thread-vest|button-choice-vest|vest-btn-appoint","vest","Appoint Button",yes,"","missing","NO_DRAWING|NO_USABLE_PHOTO",0,0,0,0,0
"vest|buttons-thread-vest|button-sewing-style-vest|vest-btn-cross","vest","Cross",no,"/images/options/vest/vest-btn-cross.jpg","verified-match","",0,1,0,0,0
"vest|buttons-thread-vest|button-sewing-style-vest|vest-btn-parallel","vest","Parallel",no,"/images/options/vest/vest-btn-parallel.jpg","verified-match","",0,1,0,0,0
"vest|buttons-thread-vest|button-sewing-style-vest|vest-btn-claw","vest","Claw",no,"/images/options/vest/vest-btn-claw.jpg","verified-match","",0,1,0,0,0
"vest|buttons-thread-vest|button-sewing-style-vest|vest-btn-square","vest","Square",no,"/images/options/vest/vest-btn-square.jpg","verified-match","",0,1,0,0,0
"vest|buttons-thread-vest|button-thread-color-vest|vest-thread-match-bh","vest","Match Buttonhole",no,"/images/options/vest/vest-thread-match-bh.jpg","verified-match","",0,1,0,0,0
"vest|buttons-thread-vest|button-thread-color-vest|vest-thread-diy","vest","DIY Button Thread",no,"/images/options/vest/vest-thread-diy.jpg","verified-match","",0,1,0,0,0
"vest|buttons-thread-vest|button-thread-color-vest|vest-thread-diy-last","vest","DIY Placket Last Button",no,"/images/options/vest/vest-thread-diy-last.jpg","verified-match","",0,1,0,0,0
"vest|buttons-thread-vest|buttonhole-thread-vest|vest-bh-thread-standard","vest","Standard",yes,"","missing","NO_DRAWING|NO_USABLE_PHOTO",0,0,0,0,0
"vest|buttons-thread-vest|buttonhole-thread-vest|vest-bh-thread-diy-last","vest","DIY Last Buttonhole Thread",yes,"/images/options/vest/vest-bh-thread-diy-last.jpg","verified-match","",0,1,0,0,0
"vest|buttons-thread-vest|buttonhole-thread-vest|vest-bh-thread-diy-lapel","vest","DIY Lapel Buttonhole",yes,"/images/options/vest/vest-bh-thread-diy-lapel.jpg","verified-match","",0,1,0,0,0
"vest|buttons-thread-vest|stitch-style-vest|vest-stitch-none","vest","No Pick Stitching",yes,"/images/options/vest/vest-stitch-none.jpg","verified-match","",0,2,0,0,0
"vest|buttons-thread-vest|stitch-style-vest|vest-stitch-pic-06","vest","0.6 cm Pick Stitch",yes,"/images/options/vest/vest-stitch-pic-06.jpg","verified-match","",0,2,0,0,0
"vest|buttons-thread-vest|stitch-style-vest|vest-stitch-top-06","vest","0.6 cm Top Stitch",yes,"/images/options/vest/vest-stitch-top-06.jpg","verified-match","",0,1,0,0,0
"vest|fitting-vest|fitting-adjustment-vest|vest-fit-standard","vest","Standard",yes,"","missing","NO_DRAWING|NO_USABLE_PHOTO",0,0,0,0,0
"vest|fitting-vest|fitting-adjustment-vest|vest-fit-arm-hole-1cm","vest","-1.0 cm Arm Hole",yes,"","missing","NO_DRAWING|NO_USABLE_PHOTO",0,0,0,0,0
"vest|fitting-vest|fitting-adjustment-vest|vest-fit-stomach-dart","vest","Deep Stomach Dart",yes,"","missing","NO_DRAWING|NO_USABLE_PHOTO",0,0,0,0,0
"vest|fitting-vest|vest-extras|vest-extra-none","vest","None",yes,"","missing","NO_DRAWING|NO_USABLE_PHOTO",0,0,0,0,0
"vest|fitting-vest|vest-extras|vest-extra-satin-wrap","vest","Satin Button Wrapping",yes,"/images/options/vest/vest-extra-satin-wrap.jpg","verified-match","",0,4,0,0,0
"vest|fitting-vest|vest-extras|vest-extra-no-seal-stitch","vest","No Seal Stitch on Pocket",yes,"/images/options/vest/vest-extra-no-seal-stitch.jpg","verified-match","",0,2,0,0,0
"vest|fitting-vest|vest-extras|vest-extra-pad-buttons","vest","Placket with Pad Buttons",yes,"","missing","NO_DRAWING|NO_USABLE_PHOTO",0,0,0,0,0
